-- phpMyAdmin SQL Dump
-- version 5.2.0
-- https://www.phpmyadmin.net/
--
-- Host: 127.0.0.1
-- Generation Time: Dec 27, 2022 at 03:57 PM
-- Server version: 10.4.24-MariaDB
-- PHP Version: 8.1.6

SET SQL_MODE = "NO_AUTO_VALUE_ON_ZERO";
START TRANSACTION;
SET time_zone = "+00:00";


/*!40101 SET @OLD_CHARACTER_SET_CLIENT=@@CHARACTER_SET_CLIENT */;
/*!40101 SET @OLD_CHARACTER_SET_RESULTS=@@CHARACTER_SET_RESULTS */;
/*!40101 SET @OLD_COLLATION_CONNECTION=@@COLLATION_CONNECTION */;
/*!40101 SET NAMES utf8mb4 */;

--
-- Database: `twenti`
--

-- --------------------------------------------------------

--
-- Table structure for table `address`
--

CREATE TABLE `address` (
  `IDAddress` int(11) NOT NULL,
  `City` varchar(255) NOT NULL,
  `District` varchar(255) NOT NULL,
  `AddressDetail` varchar(255) NOT NULL,
  `Ward` varchar(225) NOT NULL,
  `Phone` int(10) UNSIGNED ZEROFILL NOT NULL,
  `IsDeleted` tinyint(1) NOT NULL DEFAULT 0,
  `FirstName` varchar(255) NOT NULL,
  `LastName` varchar(255) DEFAULT NULL,
  `Email` varchar(255) DEFAULT NULL
) ENGINE=InnoDB DEFAULT CHARSET=utf8mb4;

--
-- Dumping data for table `address`
--

INSERT INTO `address` (`IDAddress`, `City`, `District`, `AddressDetail`, `Ward`, `Phone`, `IsDeleted`, `FirstName`, `LastName`, `Email`) VALUES
(1, 'Hồ Chí Minh', 'Quận 12', '180 1A', 'Hiệp Thành', 0123456789, 0, 'ÁI', 'Phạm', NULL),
(2, 'Hồ chí MINH', 'QUẬN 7', 'NGUYỄN CHÍ THANH', 'PHƯỜNG 10', 0045478253, 1, 'THAOHONG', 'NGUYEN', 'HONGIT'),
(3, 'Quảng Trị', 'Quảng Trị', 'nguyễn du', '2', 0574837293, 0, 'Ánh', 'Trần Thị Ngọc', 'NgocanhUIT'),
(4, 'Gia Lai', 'Ayun Pa', '21 trần hưng đạo', 'Đoàn Kết', 0125938473, 0, 'Nhung', 'Trần Thị Mỹ', 'MynhungUIT'),
(5, 'Hồ Chí Minh', 'Tân Bình', '56 linh xuân', '12', 0836573827, 0, 'Phát', 'Nguyễn Thành', 'ThanhphatUIT'),
(6, 'Đồng Tháp', 'Tân Hồng', '12/3 trần nghĩa', 'Tân Thành A', 0832482435, 0, 'Kiệt', 'Nguyễn Anh', 'AnhkietUIT'),
(7, 'Quảng Trị', 'Gio Linh', '34 Duy Tân', 'Trung Giang', 0748375626, 0, 'Long', 'Nguyễn Hữu', 'HuulongUIT'),
(10, 'Quảng Nam', 'Tam Kỳ', 'Đường Duy Tân', 'An Phú', 0334586738, 0, 'Hồng', 'Nguyễn Thị Thảo Hồng', 'ThaohongUIT'),
(11, 'Hà Nội', 'Ba Đình', 'abc', 'Phúc Xá', 0941510664, 0, 'Huy', 'Trịnh', '20520556@gm.uit.edu.vn'),
(12, 'Hà Nội', 'Ba Đình', 'abc', 'Phúc Xá', 0941510664, 0, 'Huy', 'Trịnh', '20520556@gm.uit.edu.vn'),
(13, 'Hà Giang', 'Đồng Văn', '123', 'Lũng Cú', 0941510664, 0, 'Huy', 'Trịnh', '20520556@gm.uit.edu.vn'),
(14, 'Hà Nội', 'Ba Đình', '123', 'Phúc Xá', 0941510664, 0, 'Huy', 'Trịnh', '20520556@gm.uit.edu.vn'),
(15, 'Hà Nội', 'Ba Đình', '123', 'Phúc Xá', 0941510664, 0, 'Huy', 'Trịnh', '20520556@gm.uit.edu.vn'),
(16, 'Hà Nội', 'Ba Đình', '123', 'Phúc Xá', 0941510664, 0, 'Huy', 'Trịnh', '20520556@gm.uit.edu.vn'),
(17, 'Hà Nội', 'Ba Đình', '123', 'Phúc Xá', 0941510664, 0, 'Huy', 'Trịnh', '20520556@gm.uit.edu.vn'),
(18, 'Hà Nội', 'Ba Đình', '123', 'Phúc Xá', 0941510664, 0, 'Huy', 'Trịnh', '20520556@gm.uit.edu.vn'),
(19, 'Hà Nội', 'Ba Đình', '123', 'Phúc Xá', 0941510664, 0, 'Huy', 'Trịnh', '20520556@gm.uit.edu.vn'),
(20, 'Hà Nội', 'Ba Đình', '123', 'Phúc Xá', 0941510664, 0, 'Huy', 'Trịnh', '20520556@gm.uit.edu.vn'),
(21, 'Hà Nội', 'Ba Đình', '123', 'Phúc Xá', 0941510664, 0, 'Huy', 'Trịnh', '20520556@gm.uit.edu.vn'),
(22, 'Hà Nội', 'Ba Đình', '123', 'Phúc Xá', 0941510664, 0, 'Huy', 'Trịnh', '20520556@gm.uit.edu.vn'),
(23, 'Hà Nội', 'Ba Đình', '123', 'Phúc Xá', 0941510664, 0, 'Huy', 'Trịnh', '20520556@gm.uit.edu.vn'),
(24, 'Hà Nội', 'Ba Đình', '123', 'Phúc Xá', 0941510664, 0, 'Huy', 'Trịnh', '20520556@gm.uit.edu.vn'),
(25, 'Hà Nội', 'Ba Đình', '123', 'Phúc Xá', 0941510664, 0, 'Huy', 'Trịnh', '20520556@gm.uit.edu.vn'),
(26, 'Hà Nội', 'Ba Đình', '123', 'Phúc Xá', 0941510664, 0, 'Huy', 'Trịnh', '20520556@gm.uit.edu.vn'),
(27, 'Hà Nội', 'Ba Đình', '123', 'Phúc Xá', 0941510664, 0, 'Huy', 'Trịnh', '20520556@gm.uit.edu.vn'),
(28, 'Hà Nội', 'Ba Đình', '123', 'Phúc Xá', 0941510664, 0, 'Huy', 'Trịnh', '20520556@gm.uit.edu.vn'),
(29, 'Hà Nội', 'Ba Đình', '123', 'Phúc Xá', 0941510664, 0, 'Huy', 'Trịnh', '20520556@gm.uit.edu.vn'),
(30, 'Hà Nội', 'Ba Đình', '123', 'Phúc Xá', 0941510664, 0, 'Huy', 'Trịnh', '20520556@gm.uit.edu.vn'),
(31, 'Hà Nội', 'Ba Đình', '123', 'Phúc Xá', 0941510664, 0, 'Huy', 'Trịnh', '20520556@gm.uit.edu.vn'),
(32, 'Hà Nội', 'Ba Đình', '123', 'Phúc Xá', 0941510664, 0, 'Huy', 'Trịnh', '20520556@gm.uit.edu.vn'),
(33, 'Hà Nội', 'Ba Đình', '123', 'Phúc Xá', 0941510664, 0, 'Huy', 'Trịnh', '20520556@gm.uit.edu.vn'),
(34, 'Hà Nội', 'Ba Đình', '123', 'Phúc Xá', 0941510664, 0, 'Huy', 'Trịnh', '20520556@gm.uit.edu.vn'),
(35, 'Hà Nội', 'Ba Đình', '123', 'Phúc Xá', 0941510664, 0, 'Huy', 'Trịnh', '20520556@gm.uit.edu.vn'),
(36, 'Hà Nội', 'Ba Đình', '123', 'Phúc Xá', 0941510664, 0, 'Huy', 'Trịnh', '20520556@gm.uit.edu.vn'),
(37, 'Hà Nội', 'Ba Đình', '123', 'Phúc Xá', 0941510664, 0, 'Huy', 'Trịnh', '20520556@gm.uit.edu.vn'),
(38, 'Hà Nội', 'Ba Đình', '123', 'Phúc Xá', 0941510664, 0, 'Huy', 'Trịnh', '20520556@gm.uit.edu.vn'),
(39, 'Hà Nội', 'Ba Đình', '123', 'Phúc Xá', 0941510664, 0, 'Huy', 'Trịnh', '20520556@gm.uit.edu.vn'),
(40, 'Hà Nội', 'Ba Đình', '123', 'Phúc Xá', 0941510664, 0, 'Huy', 'Trịnh', '20520556@gm.uit.edu.vn'),
(41, 'Hà Nội', 'Ba Đình', '123', 'Phúc Xá', 0941510664, 0, 'Huy', 'Trịnh', '20520556@gm.uit.edu.vn'),
(42, 'Hà Nội', 'Ba Đình', '123', 'Phúc Xá', 0941510664, 0, 'Huy', 'Trịnh', '20520556@gm.uit.edu.vn'),
(43, 'Hà Nội', 'Ba Đình', '123', 'Phúc Xá', 0941510664, 0, 'Huy', 'Trịnh', '20520556@gm.uit.edu.vn'),
(44, 'Hà Nội', 'Ba Đình', '123', 'Phúc Xá', 0941510664, 0, 'Huy', 'Trịnh', '20520556@gm.uit.edu.vn'),
(45, 'Hà Nội', 'Ba Đình', '123', 'Phúc Xá', 0941510664, 0, 'Huy', 'Trịnh', '20520556@gm.uit.edu.vn'),
(46, 'Hà Nội', 'Ba Đình', '123', 'Phúc Xá', 0941510664, 0, 'Huy', 'Trịnh', '20520556@gm.uit.edu.vn'),
(47, 'Hà Nội', 'Ba Đình', '123', 'Phúc Xá', 0941510664, 0, 'Huy', 'Trịnh', '20520556@gm.uit.edu.vn'),
(48, 'Hà Nội', 'Ba Đình', '123', 'Phúc Xá', 0941510664, 0, 'Huy', 'Trịnh', '20520556@gm.uit.edu.vn'),
(49, 'Hà Nội', 'Ba Đình', '123', 'Phúc Xá', 0941510664, 0, 'Huy', 'Trịnh', '20520556@gm.uit.edu.vn'),
(50, 'Hồ Chí Minh', '12', '123 đường ap', 'An Phú Đông', 0941510664, 0, 'Hoàng', 'Trịnh', '20520556@gm.uit.edu.vn'),
(51, 'Hồ Chí Minh', '12', '44/37/1/3, HT43', 'Hiệp Thành', 0868247806, 0, 'Aí', 'Phạm Lê Dịu', 'diuai4232@gmail.com'),
(52, 'Hồ Chí Minh', '12', '44/37/1/3,HT43', 'Hiệp Thành', 0868247806, 0, 'test', 'Ái', '20520368@gm.uit.edu.vn'),
(53, 'Hồ Chí Minh', '12', '44/37/1/3', 'Hiệp Thành', 0868247806, 0, 'Aí', 'Phạm Lê Dịu', 'diuai4232@gmail.com'),
(54, 'Hà Nội', 'Ba Đình', '123', 'Phúc Xá', 0941510664, 0, 'Huy', 'Trịnh', '20520556@gm.uit.edu.vn'),
(55, 'Hà Nội', 'Ba Đình', '123', 'Phúc Xá', 0941510664, 0, 'Huy', 'Trịnh', '20520556@gm.uit.edu.vn'),
(56, 'Hà Nội', 'Ba Đình', '123', 'Phúc Xá', 0941510664, 0, 'Huy', 'Trịnh', '20520556@gm.uit.edu.vn'),
(57, 'Hà Nội', 'Ba Đình', '123', 'Phúc Xá', 0941510664, 0, 'Huy', 'Trịnh', '20520556@gm.uit.edu.vn'),
(58, 'Hà Nội', 'Ba Đình', '123', 'Phúc Xá', 0941510664, 0, 'Huy', 'Trịnh', '20520556@gm.uit.edu.vn'),
(59, 'Hà Nội', 'Ba Đình', '123', 'Phúc Xá', 0941510664, 0, 'Huy', 'Trịnh', '20520556@gm.uit.edu.vn'),
(60, 'Hà Nội', 'Ba Đình', '123', 'Phúc Xá', 0941510664, 0, 'Huy', 'Trịnh', '20520556@gm.uit.edu.vn'),
(61, 'Hà Nội', 'Ba Đình', '123', 'Trúc Bạch', 0941510664, 0, 'Huy', 'Trịnh', '20520556@gm.uit.edu.vn'),
(62, 'Hà Nội', 'Ba Đình', '123', 'Phúc Xá', 0941510664, 0, 'Huy', 'Trịnh', '20520556@gm.uit.edu.vn'),
(63, 'Hà Nội', 'Ba Đình', '123', 'Phúc Xá', 0941510664, 0, 'Huy', 'Trịnh', '20520556@gm.uit.edu.vn'),
(64, 'Hà Nội', 'Ba Đình', '123', 'Phúc Xá', 0941510664, 0, 'Huy', 'Trịnh', '20520556@gm.uit.edu.vn'),
(65, 'string', 'string', 'string', 'string', 0000000000, 1, 'string', 'string', 'string'),
(66, 'Hà Nội', 'Tây Hồ', '123', 'Tứ Liên', 0941510664, 0, 'Huy', 'Trịnh', '20520556@gm.uit.edu.vn'),
(67, 'Hà Nội', 'Tây Hồ', '123', 'Tứ Liên', 0941510664, 0, 'Huy', 'Trịnh', '20520556@gm.uit.edu.vn'),
(68, 'Hà Nội', 'Tây Hồ', '123', 'Tứ Liên', 0941510664, 0, 'Huy', 'Trịnh', '20520556@gm.uit.edu.vn'),
(69, 'Hà Nội', 'Tây Hồ', '123', 'Tứ Liên', 0941510664, 0, 'Huy', 'Trịnh', '20520556@gm.uit.edu.vn'),
(70, 'Hà Nội', 'Tây Hồ', '123', 'Tứ Liên', 0941510664, 0, 'Huy', 'Trịnh', '20520556@gm.uit.edu.vn'),
(71, 'Hà Nội', 'Tây Hồ', '123', 'Tứ Liên', 0941510664, 0, 'Huy', 'Trịnh', '20520556@gm.uit.edu.vn'),
(72, 'Hà Nội', 'Tây Hồ', '123', 'Tứ Liên', 0941510664, 0, 'Huy', 'Trịnh', '20520556@gm.uit.edu.vn'),
(73, 'Hà Nội', 'Tây Hồ', '123', 'Tứ Liên', 0941510664, 0, 'Huy', 'Trịnh', '20520556@gm.uit.edu.vn'),
(74, 'Hà Nội', 'Tây Hồ', '123', 'Tứ Liên', 0941510664, 0, 'Huy', 'Trịnh', '20520556@gm.uit.edu.vn'),
(75, 'Hà Nội', 'Ba Đình', 'd', 'Vĩnh Phúc', 0941510664, 0, 'Huy', 'Trịnh', '20520556@gm.uit.edu.vn'),
(76, 'Sơn La', 'Quỳnh Nhai', 'd', 'Chiềng Khay', 0941510664, 0, 'Huy', 'Trịnh', '20520556@gm.uit.edu.vn'),
(77, 'Cao Bằng', 'Bảo Lâm', 'd', 'Đức Hạnh', 0941510664, 0, 'Huy', 'Trịnh', '20520556@gm.uit.edu.vn'),
(78, 'Hà Giang', 'Hà Giang', '123', 'Trần Phú', 0941510664, 0, 'Huy', 'Trịnh', '20520556@gm.uit.edu.vn'),
(79, 'Hà Nội', 'Ba Đình', '123', 'Phúc Xá', 0941510664, 0, 'Huy', 'Trịnh', '20520556@gm.uit.edu.vn'),
(80, 'Hà Nội', 'Hoàn Kiếm', '123', 'Hàng Mã', 0941510664, 0, 'Huy', 'Trịnh', '20520556@gm.uit.edu.vn'),
(81, 'Hà Nội', 'Ba Đình', '1232', 'Trúc Bạch', 0941510664, 0, 'Huy', 'Trịnh', '20520556@gm.uit.edu.vn'),
(82, 'Hà Nội', 'Tây Hồ', '123', 'Tứ Liên', 0941510664, 0, 'Huy', 'Trịnh', '20520556@gm.uit.edu.vn'),
(83, 'Cao Bằng', 'Bảo Lạc', '123', 'Thượng Hà', 0941510664, 0, 'Huy', 'Trịnh', '20520556@gm.uit.edu.vn'),
(84, 'Hà Nội', 'Ba Đình', '123', 'Phúc Xá', 0941510664, 0, 'Huy', 'Trịnh', '20520556@gm.uit.edu.vn'),
(85, 'Hà Nội', 'Hoàn Kiếm', 'ff', 'Đồng Xuân', 0941510664, 0, 'Huy', 'Trịnh', '20520556@gm.uit.edu.vn'),
(86, 'Hà Nội', 'Tây Hồ', '123', 'Tứ Liên', 0941510664, 0, 'Huy', 'Trịnh', '20520556@gm.uit.edu.vn'),
(87, 'Hà Nội', 'Tây Hồ', '123', 'Phú Thượng', 0941510664, 0, 'Huy', 'Trịnh', '20520556@gm.uit.edu.vn'),
(88, 'Hà Nội', 'Ba Đình', '123', 'Phúc Xá', 0941510664, 0, 'Huy', 'Trịnh', '20520556@gm.uit.edu.vn'),
(89, 'Cao Bằng', 'Bảo Lâm', '123', 'Đức Hạnh', 0941510664, 0, 'Huy', 'Trịnh', '20520556@gm.uit.edu.vn'),
(90, 'Hà Nội', 'Ba Đình', '123', 'Phúc Xá', 0941510664, 0, 'Huy', 'Trịnh', '20520556@gm.uit.edu.vn'),
(91, 'Hà Giang', 'Đồng Văn', '123', 'Phó Bảng', 0941510664, 0, 'Huy', 'Trịnh', '20520556@gm.uit.edu.vn'),
(92, 'Hà Giang', 'Đồng Văn', '112', 'Lũng Cú', 0941510664, 0, 'Huy', 'Trịnh', '20520556@gm.uit.edu.vn'),
(93, 'Hà Nội', 'Ba Đình', '123', 'Phúc Xá', 0941510664, 0, 'Huy', 'Trịnh', '20520556@gm.uit.edu.vn'),
(94, 'Hà Giang', 'Đồng Văn', '1', 'Phó Bảng', 0941510664, 0, 'Huy', 'Trịnh', '20520556@gm.uit.edu.vn');

-- --------------------------------------------------------

--
-- Table structure for table `adsimg`
--

CREATE TABLE `adsimg` (
  `IDImage` int(11) NOT NULL,
  `IDCollection` int(11) NOT NULL,
  `ImagePath` varchar(255) NOT NULL,
  `RoutePath` varchar(255) NOT NULL
) ENGINE=InnoDB DEFAULT CHARSET=utf8mb4;

-- --------------------------------------------------------

--
-- Table structure for table `authcode`
--

CREATE TABLE `authcode` (
  `IDCus` int(11) NOT NULL,
  `Code` int(11) NOT NULL
) ENGINE=InnoDB DEFAULT CHARSET=utf8mb4;

-- --------------------------------------------------------

--
-- Table structure for table `brand`
--

CREATE TABLE `brand` (
  `IDBrand` int(11) NOT NULL,
  `NameBrand` varchar(255) NOT NULL,
  `IDCollection` int(11) DEFAULT NULL,
  `Country` varchar(255) DEFAULT NULL,
  `CreatedOn` datetime NOT NULL DEFAULT current_timestamp(),
  `IsDeleted` tinyint(1) NOT NULL DEFAULT 0,
  `TotalProduct` int(11) NOT NULL DEFAULT 0,
  `TotalPurchaseQuantity` int(11) NOT NULL DEFAULT 0
) ENGINE=InnoDB DEFAULT CHARSET=utf8mb4;

--
-- Dumping data for table `brand`
--

INSERT INTO `brand` (`IDBrand`, `NameBrand`, `IDCollection`, `Country`, `CreatedOn`, `IsDeleted`, `TotalProduct`, `TotalPurchaseQuantity`) VALUES
(1, 'BELIF', NULL, 'Hàn Quốc ', '2022-11-16 13:07:56', 0, 150, 100),
(2, 'CNP', NULL, 'Anh', '2022-11-23 13:08:13', 0, 114, 70),
(3, 'DR.BELMEUR', NULL, 'Việt Nam', '2022-10-19 13:08:32', 0, 100, 86),
(4, 'FMGT', NULL, 'Mỹ', '2022-08-31 13:09:22', 0, 140, 67),
(5, 'THE FACE SHOP', NULL, 'Việt Nam', '2022-06-14 13:09:37', 0, 198, 140),
(6, 'YEHWADAM', NULL, 'Hàn Quốc', '2022-12-01 13:09:50', 0, 0, 0),
(7, 'AISHITOTO', NULL, 'Nga', '2022-11-14 10:59:04', 0, 68, 34),
(8, 'BEAUTY BOX', NULL, 'Hàn Quốc', '2022-11-21 11:02:23', 0, 54, 12),
(9, 'BANILA CO', NULL, 'Hàn Quốc', '2022-11-09 11:04:37', 0, 56, 187),
(10, 'AHC', NULL, 'Hàn Quốc', '2022-09-20 11:05:21', 0, 84, 193);

-- --------------------------------------------------------

--
-- Table structure for table `cart`
--

CREATE TABLE `cart` (
  `IDCus` int(11) NOT NULL,
  `IDProduct` int(11) NOT NULL,
  `Quantity` int(11) NOT NULL DEFAULT 1
) ENGINE=InnoDB DEFAULT CHARSET=utf8mb4;

--
-- Dumping data for table `cart`
--

INSERT INTO `cart` (`IDCus`, `IDProduct`, `Quantity`) VALUES
(2, 2, 3);

-- --------------------------------------------------------

--
-- Table structure for table `collection`
--

CREATE TABLE `collection` (
  `IDCollection` int(11) NOT NULL,
  `NameCollection` varchar(255) NOT NULL,
  `RoutePath` varchar(255) DEFAULT NULL,
  `CreatedOn` datetime NOT NULL DEFAULT current_timestamp(),
  `Description` text DEFAULT NULL,
  `LogoImagePath` varchar(255) DEFAULT NULL,
  `WallPaperPath` varchar(255) DEFAULT NULL,
  `StartOn` datetime NOT NULL DEFAULT current_timestamp(),
  `EndOn` datetime NOT NULL DEFAULT current_timestamp(),
  `CoverImagePath` varchar(255) DEFAULT NULL
) ENGINE=InnoDB DEFAULT CHARSET=utf8mb4;

--
-- Dumping data for table `collection`
--

INSERT INTO `collection` (`IDCollection`, `NameCollection`, `RoutePath`, `CreatedOn`, `Description`, `LogoImagePath`, `WallPaperPath`, `StartOn`, `EndOn`, `CoverImagePath`) VALUES
(1, 'The Face Shop', '', '2022-11-24 21:49:47', 'Có lẽ đã không còn xa lạ với những tín đồ làm đẹp, THEFACESHOP là thương hiệu mỹ phẩm nổi tiếng đến từ Hàn Quốc, được thành lập vào tháng 12 năm 2003. Ngay từ những ngày đầu mới ra mắt, thương hiệu đã khẳng định giá trị và sứ mệnh “Natural Story”, tôn trọng quy luật thiên nhiên. Nổi bật với những sản phẩm thuần tự nhiên, đa dạng và giá thành bình dân, THEFACESHOP đã nhanh chóng chiếm được thiện cảm của nhiều khách hàng.\r\n\r\nTHEFACESHOP gồm các dòng sản phẩm đa dạng như dưỡng da, makeup, làm sạch, chăm sóc cơ thể… Thương hiệu đã gây sự chú ý với bảng thành phần sạch, chủ yếu khai thác từ thiên nhiên và lấy cảm hứng từ bí quyết làm đẹp của phụ nữ Hàn Quốc thời xưa. Được cam kết là giải pháp chăm sóc da an toàn, dịu nhẹ, không chứa chất gây hại cho làn da nhạy cảm. Mỗi sản phẩm đều được thương hiệu áp dụng công nghệ cao, đội ngũ bác sĩ da liễu hàng đầu kiểm nghiệm chặt chẽ qua từng khâu sản xuất để mang đến các bước chăm sóc hiệu quả nhất cho làn da.\r\nSản phẩm bán chạy\r\nSản phẩm nổi bật của THEFACESHOP là mặt nạ The Face Shop Real Nature. Đây là dòng mặt nạ best seller với công dụng dưỡng ẩm tức thì, mang đến sự tươi tắn cho làn da. Bên cạnh đó, các dòng sản phẩm chiết xuất từ gạo Thefaceshop Rice Water Bright Foaming, kem chống nắng Natural Sun Eco Power… cũng đang được yêu thích và bán chạy nhất hiện nay.\r\n\r\nHiện tại, THEFACESHOP đã có hơn 900 gian hàng trên 29 quốc gia, trong đó có Việt Nam. Song đó, đã nhiều năm nằm trong top thương hiệu được tin tưởng và lựa chọn.', 'https://image.hsv-tech.io/400x0/tfs/common/0c415e35-2448-4609-9a12-f34cf0304206.webp', 'https://image.hsv-tech.io/1920x0/tfs/common/a3b6a6ca-f194-4278-8d35-86ab861fecb3.webp', '2022-11-24 21:49:47', '2023-01-13 21:49:47', 'https://image.hsv-tech.io/1920x0/tfs/common/a3b6a6ca-f194-4278-8d35-86ab861fecb3.webp'),
(65, 'CNP', NULL, '2022-12-25 17:44:20', '<p class=\"ql-align-justify\">Thương hiệu CNP tin rằng sức khỏe của làn da là yếu tố quan trọng nhất.</p><h2 class=\"ql-align-justify\">Nguồn cảm hứng</h2><p class=\"ql-align-justify\">Với mục tiêu ban đầu của CNP là giúp khách hàng chăm sóc và duy trì làn da khỏe mạnh sau khi điều trị da liễu nổi tiếng với những khách hàng có làn da mụn trứng cá. CNP không ngừng nghiên cứu và phát triển không chỉ các sản phẩm đặc trị vấn đề da mà còn là sản phẩm giúp nâng cao chất lượng làn da.</p><p class=\"ql-align-justify\">Mỹ phẩm CNP giúp lấy lại làn da khỏe mạnh hơn từ trạng thái đang mất dần khả năng tái sinh do những tác động như stress, ô nhiễm môi trường, thói quen ăn uống xấu....</p><h2 class=\"ql-align-justify\">Lịch sử thương hiệu</h2><ul><li class=\"ql-align-justify\">CNP là mỹ phẩm ra đời từ phòng thí nghiệm. Khoa da liễu CNP được thành lập năm 1996 với tư cách là một phòng khám.</li><li class=\"ql-align-justify\">Nhận thấy tầm quan trọng của việc chăm sóc da tại nhà sau khi điều trị các vấn đề về da, những nhà sáng lập CNP đã bắt đầu nghiên cứu và phát triển các sản phẩm của riêng họ vào năm 2000.</li><li class=\"ql-align-justify\">Cho đến nay, CNP vẫn tiếp tục nghiên cứu về da và cho ra đời các sản phẩm chất lượng.</li></ul><h2 class=\"ql-align-justify\">3 ưu điểm của mỹ phẩm CNP</h2><ul><li class=\"ql-align-justify\">Ra đời bởi các bác sĩ da liễu chuyên nghiệp</li><li class=\"ql-align-justify\">Sử dụng thành phần thiên nhiên chất lượng cao, thân thiện với làn da</li><li class=\"ql-align-justify\">Giảm thiểu kích ứng cho da bằng việc không chứa 5 thành phần có hại cho da: chất phụ gia, chất tạo màu, paraben, hương liệu, dầu khoáng....</li></ul><h2 class=\"ql-align-justify\">Các công thức dưỡng da độc quyền của CNP</h2><ul><li class=\"ql-align-justify\">Tháng 06/2007: ra đời phức hợp chống kích ứng da CNP bằng cách sử dụng các thành phần tự nhiên với tác dụng chống viêm và làm dịu da được chiết xuất thông qua phương pháp siêu âm</li><li class=\"ql-align-justify\">Tháng 11/2004: ra đời Phức hợp chống oxy hóa CNP đã được chứng nhận quốc tế, được đăng ký trên ICID.</li><li class=\"ql-align-justify\">Tháng 12/2002: Thành phần CNP Moist Pump do CNP tự phát triển mang lại làn da khỏe mạnh hơn bằng cách kết hợp tỷ lệ tối ưu của các thành phần dưỡng ẩm được lựa chọn đã chứng minh hiệu quả của chúng trên da.</li><li class=\"ql-align-justify\">Tháng 6/2009: xuất hiện Phức hợp loại bỏ mụn đầu đen CNP có tác dụng loại bỏ bã nhờn và mụn đầu đen hiệu quả đồng thời giảm thiểu kích ứng da.</li><li class=\"ql-align-justify\">Tháng 11/2010: Ra đời phức hợp loại bỏ các khuyết điểm CNP. Công thức do CNP tự phát triển và cấp bằng sáng chế giúp làm dịu các vấn đề da hiệu quả mà không gây kích ứng, bao gồm chiết xuất các thành phần diếp cá, Golden Thread, hạt bạch quả và madecassoside.</li><li class=\"ql-align-justify\">Tháng 04/2014: Ra đời PHA Complex, phức hợp cải thiện tế bào chết, cũng được CNP tự phát triển và nhận bằng sáng chế giúp làm sạch da chết, làm sáng và cải thiện sắc da. Có chứ Gluconolactone &amp; Lactobionic acid.</li></ul><h2 class=\"ql-align-justify\">Dòng chăm sóc da tiêu biểu&nbsp;</h2><ul><li class=\"ql-align-justify\">A-Clean là dòng sản phẩm chăm sóc da chuyên dụng dành cho da nhờn, dễ nổi mụn và có các vấn đề da. CNP cung cấp giải pháp an toàn nhất cho các vấn đề da của bạn dựa trên kinh nghiệm và kiến thức chuyên môn của các bác sĩ da liễu từ CNP</li><li class=\"ql-align-justify\">Hydro Cera là dòng sản phẩm chuyên củng cố hàng rào dưỡng ẩm kép cho da. Giúp da luôn mềm mại căng mướt</li><li class=\"ql-align-justify\">Chống nắng CNP: mang lại giải pháp bảo vệ da dịu nhẹ, chống nắng mạnh mẽ, làm giảm kích ứng với các kết cấu mỏng nhẹ cho từng loại da.</li><li class=\"ql-align-justify\">Chăm sóc da mụn CNP Anti-Blemish: loại bỏ mụn đầu đen, chăm sóc nốt mụn, cải thiện da bị mụn khỏe khoắn</li></ul><p><br></p>', 'https://image.hsv-tech.io/400x0/tfs/common/96fc96b3-a085-4040-8fae-efdc84f73275.webp', 'https://image.hsv-tech.io/1920x0/tfs/common/0b50116e-158f-4aa7-95a7-910804ad9772.webp', '2022-12-24 17:44:20', '2022-12-31 17:44:20', 'https://image.hsv-tech.io/700x0/tfs/common/086386ad-41c7-4f77-b7ff-b9db62f9011a.webp'),
(69, 'BELIF', NULL, '2022-12-25 18:03:28', '<p class=\"ql-align-justify\">Belif là thương hiệu mỹ phẩm thành thật với làn da mà bạn có thể đặt niềm tin để chăm sóc cho gương mặt của mình. Hãy khởi đầu hành trình cùng Belif nhé!</p><p class=\"ql-align-justify\">\"Belif believe in truth - Thành thật với làn da\"</p><h2 class=\"ql-align-justify\">Lịch sử thương hiệu</h2><p class=\"ql-align-justify\">Belif mang đến những biến đổi tuyệt vời cho làn da, bắt nguồn từ truyền thống bào chế của nhà dược liệu học Scotland - Duncan Napiers từ năm 1860, kết hợp với những nguyên liệu quý, hiệu quả cao.</p><p class=\"ql-align-justify\">Duncan Napiers là dược sĩ - nhà thảo dược học tài ba, là người sáng lập nên phòng bào chế thảo dược lâu đời nhất ở Scotland. Đây cũng là nguồn gốc tạo nên giá trị sản phẩm của thương hiệu Belif</p><h2 class=\"ql-align-justify\">Công thức Napier?</h2><p class=\"ql-align-justify\">Là công thức bào chế thảo dược dựa trên kiến thức uyên bác 150 năm truyền thống của nhà thảo dược học Napiers cùng gia đình ông.</p><h3 class=\"ql-align-justify\">Công thức Napiers nguyên bản</h3><ul><li class=\"ql-align-justify\">Bao gồm: hạt yến mạch, cúc kim tiền, ngọn hoa catnip, lá mâm xôi, cây chàm, cây tinh thảo.</li><li class=\"ql-align-justify\">Giúp duy trì làn da khỏe mạnh thông qua việc chống oxy hóa, giảm kích ứng và ngăn ngừa mụn để ngăn ngừa các dấu hiệu lão hóa sớm.</li></ul><h3 class=\"ql-align-justify\">Công thức Napiers dưỡng trắng</h3><ul><li class=\"ql-align-justify\">Bao gồm hạt yến mạch, cúc vạn diệp, hoa hồng, oải hương &amp; cúc la mã.</li><li class=\"ql-align-justify\">Giúp làm sáng và đều màu da</li><li class=\"ql-align-justify\">Thải độc, làm sạch da và ngăn ngừa mụn</li></ul><h3 class=\"ql-align-justify\">Công thức Napier cấp ẩm</h3><ul><li class=\"ql-align-justify\">Bao gồm hoa Lady\'s mantle, cỏ đuôi ngựa, cây tinh thảo &amp; cây tầm ma.</li><li class=\"ql-align-justify\">Giúp chăm sóc độ ẩm giúp làm dịu và cải thiện độ đàn hồi cho da.</li></ul><h2 class=\"ql-align-justify\">Thành phần thảo mộc trong Belif</h2><p class=\"ql-align-justify\">Belif là thương hiệu mỹ phẩm thảo mộc đến từ Hàn Quốc, với công thức bào chế thảo dược của Napier có lịch sử hơn 150 năm.</p><p class=\"ql-align-justify\">Các thành phần thực vật góp mặt trong Belif đều có tác dụng cao, nổi bật và an toàn cho làn da</p><ul><li class=\"ql-align-justify\">Vỏ cây liễu trắng: giúp chống oxy hóa, loại bỏ da chết</li><li class=\"ql-align-justify\">Dầu cây trà: Kháng khuẩn, chống viêm, ngừa sự phát triển của mụn trứng cá</li><li class=\"ql-align-justify\">Cây xô thơm: cấp ẩm, chống oxy hóa và làm sáng mịn da</li><li class=\"ql-align-justify\">Hoa hồng: Có khả năng làm dịu da, giảm căng thẳng và cải thiện sắc tố da.</li><li class=\"ql-align-justify\">Ngọc trai: làm sáng da, tăng độ tươi sáng rạng rỡ</li><li class=\"ql-align-justify\">Hoa kim ngân: có tính chống oxy hóa cao</li><li class=\"ql-align-justify\">Hoa cúc: bảo vệ da khỏi oxy hóa do tác động của tia UV</li><li class=\"ql-align-justify\">Lá hoa chuông: có tác dụng chữa lành vết thương, kháng viêm &amp; cấp ẩm</li><li class=\"ql-align-justify\">Vitamin E: chống oxy hóa, cấp ẩm làm săn mịn da, tăng cường miễn dịch</li></ul><h2 class=\"ql-align-justify\">5 ưu điểm của mỹ phẩm Belif</h2><ul><li class=\"ql-align-justify\">Chiết xuất từ các loại thảo mộc Châu Âu</li><li class=\"ql-align-justify\">Công thức kế thừa từ nhà thảo dược học</li><li class=\"ql-align-justify\">Không chứa 5 thành phần hóa học độc hại cho da</li><li class=\"ql-align-justify\">Thiết kế bao bì đơn giản</li><li class=\"ql-align-justify\">Belif đã có mặt trên 10 quốc gia, nổi tiếng nhất là tại Mỹ</li></ul><h2 class=\"ql-align-justify\">Bomb – Dòng sản phẩm nổi bật của Belif</h2><ul><li class=\"ql-align-justify\">The True Cream&nbsp;-&nbsp;Aqua Bomb: thuộc top 3 sản phẩm bán chạy nhất của Belif. Là sản phẩm kem dưỡng dạng gel sẽ cung cấp nước liên tục cho da và phục hồi làn da thiếu sức sống. Mang lại cảm giác mát lạnh, làn da căng mọng cùng khả năng bổ sung độ ẩm tức thì cho da dịu nhẹ.</li><li class=\"ql-align-justify\">The True Cream&nbsp;-&nbsp;Moisturizing Bomb: là kem dưỡng bổ sung ẩm liên tục cho da lên đến 26h, kháng viêm cho và mang lại làn da mềm mại, ẩm mượt suốt ngày dài. Đặc biệt dành cho làn da khô, thô ráp, bong tróc.</li><li class=\"ql-align-justify\">Aqua Bomb Serum: là tinh chất chứa công thức dưỡng ẩm với thảo mộc truyền thống 160 năm tuổi, được điều chế với khả năng chống oxy hóa mạnh mẽ của Tocopherol được tìm thấy trong Herb-Toco Formula và Vitamin E cho làn da trong suốt, tràn đầy sức sống.</li></ul><p class=\"ql-align-justify\">Belif là thương hiệu mỹ phẩm thảo mộc cao cấp của Hàn Quốc, vô cùng được ưa chuộng tại Mỹ. Khởi đầu cùng Belif, giúp bảo vệ và chăm sóc làn da của bạn khỏe hơn, đẹp hơn.</p><p><br></p>', 'https://image.hsv-tech.io/400x0/tfs/common/5db5ef7f-f44b-4344-b634-8951d9c67161.webp', 'https://image.hsv-tech.io/1920x0/tfs/common/1d7a05d9-904e-4709-b75e-812055a8693d.webp', '2022-12-23 18:02:17', '2022-12-31 18:02:17', 'https://image.hsv-tech.io/700x0/tfs/common/b351d160-618e-4af7-96f1-a8fc60ceaf09.webp'),
(70, 'YEHWADAM', NULL, '2022-12-25 18:05:53', '<h2 class=\"ql-align-justify\">Ý nghĩa của Yehwadam</h2><p class=\"ql-align-justify\">Yehwadam vẫn mang tinh thần chủ đạo \"natural story\" của THEFACESHOP. Trong tiếng Hàn \"ye\" có nghĩa là thảo mộc, \"hwa\" là hoa và \"dam\" nghĩa là câu chuyện.</p><p class=\"ql-align-justify\">Yehwadam là dòng sản phẩm lấy cảm hứng từ những bí quyết làm đẹp lâu đời của Hàn Quốc bằng cách kết hợp các loại thảo mộc quý như nhân sâm tự nhiên, hoa huệ tây, kỷ tử, bột ngọc trai, nấm linh chi, hoa kim ngân, hoa rum, hoa mẫu đơn...</p><p class=\"ql-align-justify\">Yehwadam hiện tại có 4 dòng chăm sóc da với đối tượng mục tiêu trong độ tuổi từ 20-35, nhưng cốt lõi các sản phẩm của Yehwadam vẫn giúp bạn giải quyết các vấn đề về lão hóa da.</p><h2 class=\"ql-align-justify\">Các dòng sản phẩm chính Yehwadam</h2><p class=\"ql-align-justify\">Yehwadam là dòng sản phẩm chuyên biệt chống lão hóa được chia theo nhiều dòng nhỏ hơn phân loại theo các chức năng như trẻ hóa, làm sáng da...:</p><ol><li class=\"ql-align-justify\">Yehwadam Revitalizing: Yehwadam Revitalizing có thành phần kết tinh chất nhân sâm lâu năm, hoa rum và quả kỷ tử, chức năng chính của dòng Yehwadam Revitalizing là cải thiện làn da lão hóa, giúp da tái sinh và duy trì sự tươi trẻ, đồng thời dòng Revitalizing cũng làm sáng da và ngăn ngừa quá trình lão hóa tế bào da.</li><li class=\"ql-align-justify\">Yehwadam Hwansaenggo: Yehwadam Hwansaenggo chiết xuất từ nhân sâm 6 năm tuổi, mẫu đơn trắng, hoa bưởi, ca cao,...ngoài tác dụng chống lão hóa dòng Hwansaenggo còn giúp bạn nâng cơ da bị chảy xệ, lấy lại làn da căng mịn, đàn hồi.</li><li class=\"ql-align-justify\">Yehwadam Rejuvenating: Yehwadam Rejuvenating với tinh chất hồng sâm giúp thúc đẩy tái tạo làn da lão hóa, gia tăng độ đàn hồi, cải thiện độ săn chắc, cung cấp ẩm, dưỡng da trắng mịn, đẩy lùi dấu vết của lão hóa.</li><li class=\"ql-align-justify\">Yehwadam Jeju Magnolia: Đây là dòng đặc biệt hơn của Yehwadam có thành phần chủ đạo là bột ngọc trai và hoa mộc lan trắng nhằm phục vụ cho những ai muốn có làn da trắng sáng hơn và làm giảm các hắc sắc tố, các đốm sẫm màu, xỉn da.</li></ol><p><br></p>', 'https://image.hsv-tech.io/400x0/tfs/common/ef78ea2a-5c56-48bb-814c-b3e1bacc4bea.webp', 'https://image.hsv-tech.io/1920x0/tfs/common/43ab5b36-fedc-4d8c-a24f-cd8ecfe05564.webp', '2022-12-23 18:05:07', '2022-12-31 18:05:07', 'https://image.hsv-tech.io/700x0/tfs/common/acbbecf4-efd9-4cc8-b4f9-617fda5a7e58.webp'),
(71, 'Trang điểm mắt', NULL, '2022-12-25 18:51:11', NULL, 'https://i.imgur.com/ohQBXec.png', 'https://i.imgur.com/M4K0qSF.png', '2022-12-23 18:50:22', '2022-12-31 18:50:22', NULL),
(72, 'Trang điểm môi', NULL, '2022-12-25 18:54:28', NULL, NULL, 'https://i.imgur.com/T6Own6Y.png', '2022-12-24 18:52:32', '2022-12-31 18:52:32', NULL),
(73, 'Trang điểm mặt', NULL, '2022-12-25 18:56:26', NULL, NULL, 'https://i.imgur.com/GgeJHS7.png', '2022-12-08 18:55:11', '2023-01-31 08:00:00', NULL),
(74, 'Dưỡng da mặt', NULL, '2022-12-25 18:59:24', NULL, NULL, 'https://i.imgur.com/f2VLcqE.png', '2022-12-22 18:59:24', '2022-12-31 18:59:24', NULL),
(75, 'Làm sạch', NULL, '2022-12-25 19:02:17', NULL, NULL, 'https://i.imgur.com/4krT6wF.png', '2022-12-22 19:01:21', '2022-12-30 19:01:21', NULL),
(76, 'Mặt nạ', NULL, '2022-12-25 19:05:34', NULL, NULL, 'https://i.imgur.com/vehvOLq.png', '2022-12-20 19:04:37', '2022-12-30 19:04:37', NULL),
(77, 'Chăm sóc body', NULL, '2022-12-25 19:07:44', NULL, NULL, 'https://i.imgur.com/bKV0Mhl.png', '2022-12-23 19:06:51', '2022-12-30 19:06:51', NULL),
(78, 'Trang điểm', NULL, '2022-12-25 19:11:56', NULL, NULL, 'https://i.imgur.com/T6Own6Y.png', '2022-12-22 19:10:58', '2022-12-30 19:10:58', NULL),
(79, 'Dưỡng da', NULL, '2022-12-25 19:14:25', NULL, NULL, 'https://i.imgur.com/xBnlR7n.png', '2022-12-22 19:13:13', '2022-12-30 19:13:13', NULL),
(80, 'Chăm sóc cơ thể', NULL, '2022-12-25 19:15:34', NULL, NULL, 'https://i.imgur.com/bKV0Mhl.png', '2022-12-22 19:14:51', '2022-12-30 19:14:51', NULL);

-- --------------------------------------------------------

--
-- Table structure for table `collectionproduct`
--

CREATE TABLE `collectionproduct` (
  `IDCollection` int(11) NOT NULL,
  `IDProduct` int(11) NOT NULL
) ENGINE=InnoDB DEFAULT CHARSET=utf8mb4;

--
-- Dumping data for table `collectionproduct`
--

INSERT INTO `collectionproduct` (`IDCollection`, `IDProduct`) VALUES
(1, 30400522),
(1, 32400247),
(1, 34200675),
(1, 34300101),
(1, 53000993),
(65, 11106827),
(65, 54800290),
(65, 54800374),
(65, 54800375),
(65, 54800389),
(65, 54800424),
(65, 54800840),
(65, 54800847),
(65, 54801037),
(69, 1),
(69, 2),
(69, 52100001),
(69, 52100443),
(69, 52101327),
(69, 52101453),
(69, 52101572),
(69, 52101617),
(69, 52101802),
(70, 34400161),
(70, 34400297),
(70, 53050293),
(70, 53050323),
(71, 34200601),
(71, 36000299),
(71, 36000300),
(71, 53010267),
(71, 53010297),
(72, 34200675),
(72, 34201685),
(72, 34420310),
(72, 36000041),
(72, 53011156),
(72, 53060311),
(73, 1),
(73, 36000048),
(73, 36000718),
(73, 36000724),
(73, 53011169),
(73, 53014806),
(73, 53014809),
(73, 54800840),
(74, 34300101),
(74, 34400161),
(74, 34400297),
(74, 34420128),
(74, 52100001),
(74, 52100443),
(74, 52101327),
(74, 52101453),
(74, 52101572),
(74, 52101617),
(75, 30400522),
(75, 34400297),
(75, 52100001),
(76, 2),
(76, 11106827),
(76, 32400247),
(76, 34420295),
(76, 52101802),
(76, 54801037),
(77, 34400161),
(77, 36000218),
(77, 53050293),
(78, 34200601),
(78, 34200675),
(78, 34201685),
(78, 34420310),
(78, 36000041),
(78, 36000048),
(78, 36000299),
(78, 36000300),
(78, 36000718),
(78, 36000724),
(78, 53010267),
(78, 53010297),
(78, 53011156),
(78, 53011169),
(78, 53014806),
(78, 53060293),
(78, 53060311),
(78, 54800840),
(79, 2),
(79, 11106827),
(79, 30400522),
(79, 32400247),
(79, 34300101),
(79, 34400297),
(79, 34420128),
(79, 34420295),
(79, 52100001),
(79, 52101327),
(79, 52101453),
(79, 52101572),
(79, 52101617),
(79, 52101802),
(79, 53000993),
(79, 53050323),
(79, 53060293),
(79, 54800290),
(79, 54800374),
(79, 54800375),
(79, 54800389),
(79, 54800424),
(79, 54800840),
(79, 54800847),
(79, 54801037),
(80, 34400161),
(80, 36000218),
(80, 52101327),
(80, 52101453),
(80, 52101572),
(80, 52101617),
(80, 53050293),
(80, 53060293);

-- --------------------------------------------------------

--
-- Table structure for table `controller`
--

CREATE TABLE `controller` (
  `FlashSaleCollectionID` int(11) NOT NULL,
  `PrimaryColor` text NOT NULL
) ENGINE=InnoDB DEFAULT CHARSET=utf8mb4;

--
-- Dumping data for table `controller`
--

INSERT INTO `controller` (`FlashSaleCollectionID`, `PrimaryColor`) VALUES
(1, '');

-- --------------------------------------------------------

--
-- Table structure for table `coupon`
--

CREATE TABLE `coupon` (
  `IDCoupon` int(11) NOT NULL,
  `ValueDiscount` int(11) NOT NULL,
  `StartOn` datetime NOT NULL DEFAULT current_timestamp(),
  `EndOn` datetime NOT NULL DEFAULT current_timestamp(),
  `Description` text NOT NULL,
  `IsDeleted` tinyint(1) NOT NULL DEFAULT 0,
  `MinInvoiceValue` int(11) NOT NULL DEFAULT 0,
  `CodeCoupon` varchar(255) NOT NULL,
  `Quantity` int(11) NOT NULL DEFAULT 1,
  `IsMutualEvent` tinyint(1) NOT NULL DEFAULT 0,
  `Stock` int(11) NOT NULL DEFAULT 1
) ENGINE=InnoDB DEFAULT CHARSET=utf8mb4;

--
-- Dumping data for table `coupon`
--

INSERT INTO `coupon` (`IDCoupon`, `ValueDiscount`, `StartOn`, `EndOn`, `Description`, `IsDeleted`, `MinInvoiceValue`, `CodeCoupon`, `Quantity`, `IsMutualEvent`, `Stock`) VALUES
(1, 50000, '2022-11-21 04:45:07', '2023-01-20 10:45:08', 'TIETKIEM4 - Giảm 1.500k cho đơn từ 10.000K', 0, 0, 'TIETKIEM4', 100, 0, 21),
(2, 50000, '2022-11-29 07:08:43', '2022-11-30 13:08:44', 'Mã giảm giá chào xuân 2023', 0, 0, 'XUANSANG', 1, 0, 1),
(3, 20, '2022-12-04 11:33:12', '2022-12-21 11:33:12', 'MUA CHỐNG NẮNG TẶNG LÀM SẠCH 1+1 FULLSIZE', 0, 50, 'FULLSIZE2022', 50, 1, 46),
(4, 10, '2022-11-25 11:35:51', '2022-12-14 11:35:51', 'TRẢI NGHIỆM MIỄN PHÍ TẨY TRANG MANGO SEED', 0, 10, 'MANGOSEED2022', 40, 1, 20),
(5, 12, '2022-12-01 11:37:01', '2022-12-06 11:37:01', 'SIÊU DEAL DƯỠNG TRẮNG - TẶNG KEM CHỐNG NẮNG', 0, 20, 'SIEUDEAL2022', 25, 1, 14),
(6, 50000, '2022-12-06 15:40:19', '2025-12-31 21:40:19', 'GIẢM 50K ĐƠN BẤT KỲ', 0, 0, 'DIS50', 100, 0, 85),
(7, 3000, '2022-12-12 12:39:49', '2022-12-31 12:39:49', 'Siêu sale siêu đỉnh của chóp', 0, 0, 'BRF60QCGASH', 999999, 0, 999999),
(8, 70000, '2022-12-12 12:55:02', '2022-12-31 12:55:02', 'Siêu sale siêu đỉnh của chóp', 0, 0, 'A7GGM0EGGDT', 999999, 0, 999999),
(9, 70000, '2022-12-12 12:55:02', '2022-12-31 12:55:02', 'Siêu sale siêu đỉnh của chóp', 0, 0, '41KIMIEM8QT', 50, 0, 50),
(10, 70000, '2022-12-12 12:55:02', '2022-12-31 12:55:02', 'Siêu sale siêu đỉnh của chóp', 0, 0, '41KIMIEM8QT', 50, 0, 50),
(11, 5000, '2022-12-12 13:03:05', '2022-12-31 13:03:05', 'Siêu sale siêu đỉnh của chóp', 0, 0, '0IVBNE0W4KV', 500, 0, 500),
(12, 5000, '2022-12-12 13:03:05', '2022-12-31 13:03:05', 'Siêu sale siêu đỉnh của chóp', 0, 0, '0IVBNE0W4KV', 500, 0, 500),
(13, 1222, '2022-12-12 13:05:53', '2022-12-31 13:05:53', 'Siêu sale siêu đỉnh của chóp', 0, 0, '76Y90T28P1X', 999999, 0, 999999),
(14, 5000, '2022-12-18 18:14:21', '2023-01-20 18:14:21', 'Siêu sale nè má', 0, 0, '38OT080IYXE', 999999, 0, 999999),
(15, 500000, '2022-12-15 08:17:32', '2022-12-31 08:17:32', 'ABC', 0, 0, '%%%%%', 999999, 0, 999998);

-- --------------------------------------------------------

--
-- Table structure for table `couponproduct`
--

CREATE TABLE `couponproduct` (
  `IDCoupon` int(11) NOT NULL,
  `IDProduct` int(11) NOT NULL
) ENGINE=InnoDB DEFAULT CHARSET=utf8mb4;

--
-- Dumping data for table `couponproduct`
--

INSERT INTO `couponproduct` (`IDCoupon`, `IDProduct`) VALUES
(1, 1);

-- --------------------------------------------------------

--
-- Table structure for table `customer`
--

CREATE TABLE `customer` (
  `IDCus` int(11) NOT NULL,
  `FirstName` varchar(255) DEFAULT NULL,
  `LastName` varchar(255) DEFAULT NULL,
  `Phone` int(10) UNSIGNED ZEROFILL DEFAULT NULL,
  `Email` varchar(255) DEFAULT NULL,
  `IsDeleted` tinyint(1) NOT NULL DEFAULT 0,
  `UID` text NOT NULL
) ENGINE=InnoDB DEFAULT CHARSET=utf8mb4;

--
-- Dumping data for table `customer`
--

INSERT INTO `customer` (`IDCus`, `FirstName`, `LastName`, `Phone`, `Email`, `IsDeleted`, `UID`) VALUES
(1, 'Huy', 'Trịnh', 0941510664, '20520556@gm.uit.edu.vn', 0, 'pgLc7pBo7SXXfhLOAzZopUXniez1'),
(2, 'Ái', 'Phạm Lê Dịu', 0868247806, 'diuai4232@gmail.com', 0, 'kuKGtVDNbXXlOKe1IbaFpJ0ksfA2'),
(6, 'Long', 'Nguyễn Hữu', 0934637268, 'HuulongUIT@gmail.com', 0, '');

-- --------------------------------------------------------

--
-- Table structure for table `employee`
--

CREATE TABLE `employee` (
  `IDEmp` int(11) NOT NULL,
  `FullName` varchar(255) NOT NULL,
  `IDPosition` int(11) NOT NULL,
  `Phone` int(10) NOT NULL,
  `Email` varchar(255) NOT NULL,
  `Birth` date NOT NULL
) ENGINE=InnoDB DEFAULT CHARSET=utf8mb4;

-- --------------------------------------------------------

--
-- Table structure for table `employeetask`
--

CREATE TABLE `employeetask` (
  `IDTask` int(11) NOT NULL,
  `IDEmp` int(11) NOT NULL,
  `CreatedOn` int(11) NOT NULL DEFAULT current_timestamp(),
  `TaskContent` varchar(255) DEFAULT NULL,
  `IsSolved` tinyint(1) NOT NULL DEFAULT 0,
  `IsDeleted` tinyint(1) NOT NULL DEFAULT 0
) ENGINE=InnoDB DEFAULT CHARSET=utf8mb4;

-- --------------------------------------------------------

--
-- Table structure for table `event`
--

CREATE TABLE `event` (
  `IDEvent` int(11) NOT NULL,
  `NameEvent` varchar(255) NOT NULL,
  `ValueDiscount` int(11) NOT NULL DEFAULT 0,
  `UnitsDiscount` int(11) NOT NULL DEFAULT 1,
  `IsDeleted` tinyint(1) NOT NULL DEFAULT 0,
  `CreatedOn` datetime NOT NULL DEFAULT current_timestamp(),
  `StartOn` datetime NOT NULL DEFAULT current_timestamp(),
  `EndOn` datetime NOT NULL DEFAULT current_timestamp()
) ENGINE=InnoDB DEFAULT CHARSET=utf8mb4;

--
-- Dumping data for table `event`
--

INSERT INTO `event` (`IDEvent`, `NameEvent`, `ValueDiscount`, `UnitsDiscount`, `IsDeleted`, `CreatedOn`, `StartOn`, `EndOn`) VALUES
(1, 'siêu sale', 50000, 1, 0, '2022-11-22 15:57:01', '2022-11-22 09:56:26', '2022-11-30 15:56:26'),
(2, 'chương trình khuyến mãi', 50000, 1, 0, '2022-12-12 14:21:54', '2022-11-22 09:56:26', '2022-11-30 15:56:26'),
(3, 'Chuong trinh khuyen mai thang 12', 5000, 1, 0, '2022-12-12 14:59:54', '2022-11-22 09:56:26', '2022-11-30 15:56:26'),
(4, 'Chuong trinh khuyen mai thang 12', 5000, 1, 0, '2022-12-12 15:00:41', '2022-11-22 09:56:26', '2022-11-30 15:56:26'),
(5, 'Chuong trinh 12.12', 5000, 1, 0, '2022-12-12 15:04:27', '2022-11-22 09:56:26', '2022-11-30 15:56:26'),
(17, 'Siêu sale', 10, 2, 0, '2022-12-26 01:22:47', '2022-12-08 15:56:26', '2022-12-31 15:56:26'),
(18, 'siêu sale', 2, 2, 0, '2022-12-26 01:28:20', '2022-11-22 15:56:26', '2023-01-31 15:56:26'),
(19, 'siêu sale', 10, 2, 0, '2022-12-26 01:33:19', '2022-12-08 15:56:26', '2022-12-31 15:56:26'),
(20, 'sale noel', 20, 2, 0, '2022-12-26 01:39:38', '2022-12-26 15:56:26', '2022-12-31 15:56:26'),
(21, 'sale', 150000, 1, 0, '2022-12-26 20:58:22', '2022-11-15 15:56:26', '2022-12-31 15:56:26'),
(22, 'sale', 200000, 1, 0, '2022-12-26 21:07:58', '2022-12-15 15:56:26', '2022-12-31 15:56:26'),
(23, 'sale', 200000, 1, 0, '2022-12-26 23:01:56', '2022-12-15 15:56:26', '2022-12-31 15:56:26');

-- --------------------------------------------------------

--
-- Table structure for table `imageslider`
--

CREATE TABLE `imageslider` (
  `IDImage` int(11) NOT NULL,
  `StartOn` date NOT NULL DEFAULT current_timestamp(),
  `EndOn` date NOT NULL DEFAULT current_timestamp(),
  `Path` text NOT NULL,
  `Route` text NOT NULL,
  `IsDeleted` tinyint(1) NOT NULL DEFAULT 0,
  `CreatedOn` date NOT NULL DEFAULT current_timestamp()
) ENGINE=InnoDB DEFAULT CHARSET=utf8mb4;

--
-- Dumping data for table `imageslider`
--

INSERT INTO `imageslider` (`IDImage`, `StartOn`, `EndOn`, `Path`, `Route`, `IsDeleted`, `CreatedOn`) VALUES
(1, '2022-12-05', '2022-12-31', 'https://image.hsv-tech.io/1920x0/tfs/common/5e1e5fb5-8cc3-4da9-94c1-4bd9f9e55a79.webp', '/collection/1', 0, '2022-12-05'),
(2, '2022-12-05', '2022-12-31', 'https://image.hsv-tech.io/1920x0/tfs/common/d7ba21cd-a534-41fb-ab78-7e72d12b8c05.webp', '/collection/1', 0, '2022-12-05'),
(3, '2022-12-05', '2022-12-31', 'https://image.hsv-tech.io/1920x0/tfs/common/9de5f6bd-3dad-4a05-b006-7a992e181089.webp', '/collection/1', 0, '2022-12-05'),
(4, '2022-12-24', '2022-12-31', 'https://image.hsv-tech.io/1920x0/tfs/common/5921e9a3-728b-42db-8e02-3cc7b21f35d8.webp', '/collection/1', 0, '2022-12-24');

-- --------------------------------------------------------

--
-- Table structure for table `invoice`
--

CREATE TABLE `invoice` (
  `IDInvoice` int(11) NOT NULL,
  `IDTracking` int(11) NOT NULL DEFAULT 1,
  `IDAddress` int(11) NOT NULL,
  `IDCoupon` int(11) DEFAULT NULL,
  `IDCus` int(11) NOT NULL,
  `Note` varchar(255) DEFAULT NULL,
  `TotalValue` int(11) NOT NULL DEFAULT 0,
  `MethodPay` int(11) NOT NULL DEFAULT 1,
  `MethodTransfer` int(11) NOT NULL DEFAULT 1,
  `CreatedOn` datetime NOT NULL DEFAULT current_timestamp(),
  `IsPrintInvoice` tinyint(1) NOT NULL DEFAULT 0,
  `IsPaid` tinyint(1) NOT NULL DEFAULT 0
) ENGINE=InnoDB DEFAULT CHARSET=utf8mb4;

--
-- Dumping data for table `invoice`
--

INSERT INTO `invoice` (`IDInvoice`, `IDTracking`, `IDAddress`, `IDCoupon`, `IDCus`, `Note`, `TotalValue`, `MethodPay`, `MethodTransfer`, `CreatedOn`, `IsPrintInvoice`, `IsPaid`) VALUES
(1, 6, 1, 6, 2, NULL, 1947000, 0, 0, '2022-12-03 16:30:50', 0, 0),
(2, 6, 2, NULL, 1, NULL, 0, 1, 1, '2022-12-06 21:55:01', 0, 0),
(3, 6, 16, 1, 1, NULL, 0, 1, 1, '2022-12-12 09:33:43', 0, 0),
(4, 5, 17, 1, 1, NULL, 0, 1, 1, '2022-12-12 09:34:29', 0, 0),
(5, 6, 18, 1, 1, NULL, 0, 1, 1, '2022-12-12 09:41:22', 0, 0),
(6, 6, 19, 1, 1, NULL, 0, 1, 1, '2022-12-12 09:43:43', 0, 0),
(7, 6, 20, 1, 1, NULL, 0, 1, 1, '2022-12-12 09:44:35', 0, 0),
(8, 6, 21, 1, 1, NULL, 0, 1, 1, '2022-12-12 09:48:05', 0, 0),
(9, 6, 22, 1, 1, NULL, 0, 1, 1, '2022-12-12 09:50:12', 0, 0),
(10, 6, 23, 1, 1, NULL, 0, 1, 1, '2022-12-12 09:51:11', 0, 0),
(11, 1, 24, 1, 1, NULL, 0, 1, 1, '2022-12-12 09:53:15', 0, 0),
(12, 1, 25, 1, 1, NULL, 0, 1, 1, '2022-12-12 09:53:59', 0, 0),
(13, 1, 26, 1, 1, NULL, 0, 1, 1, '2022-12-12 09:55:20', 0, 0),
(14, 1, 27, 1, 1, NULL, 0, 1, 1, '2022-12-12 09:55:49', 0, 0),
(15, 2, 28, 1, 1, NULL, 0, 1, 1, '2022-12-12 09:56:45', 0, 0),
(16, 1, 29, 1, 1, NULL, 0, 1, 1, '2022-12-12 09:57:05', 0, 0),
(17, 1, 30, 1, 1, NULL, 0, 1, 1, '2022-12-12 09:57:29', 0, 0),
(18, 1, 31, 1, 1, NULL, 0, 1, 1, '2022-12-12 09:57:53', 0, 0),
(19, 1, 32, 1, 1, NULL, 0, 1, 1, '2022-12-12 09:58:05', 0, 0),
(20, 3, 33, 1, 1, NULL, 0, 1, 1, '2022-12-12 09:58:16', 0, 0),
(21, 1, 34, 1, 1, NULL, 0, 1, 1, '2022-12-12 09:59:27', 0, 0),
(22, 1, 35, 1, 1, NULL, 0, 1, 1, '2022-12-12 09:59:42', 0, 0),
(23, 1, 36, 1, 1, NULL, 0, 1, 1, '2022-12-12 09:59:50', 0, 0),
(24, 1, 37, 1, 1, NULL, 0, 1, 1, '2022-12-12 10:03:55', 0, 0),
(25, 1, 38, 1, 1, NULL, 0, 1, 1, '2022-12-12 10:04:31', 0, 0),
(26, 1, 39, 1, 1, NULL, 0, 1, 1, '2022-12-12 10:04:59', 0, 0),
(27, 1, 40, 1, 1, NULL, 0, 1, 1, '2022-12-12 10:50:26', 0, 0),
(28, 1, 41, 1, 1, NULL, 0, 1, 1, '2022-12-12 10:51:45', 0, 0),
(29, 1, 42, 1, 1, NULL, 0, 1, 1, '2022-12-12 10:55:11', 0, 0),
(30, 1, 43, NULL, 1, NULL, 0, 1, 1, '2022-12-12 10:58:32', 0, 0),
(31, 4, 44, NULL, 1, NULL, 0, 1, 1, '2022-12-12 10:59:51', 0, 0),
(32, 1, 45, NULL, 1, NULL, 0, 1, 1, '2022-12-12 11:03:22', 0, 0),
(33, 1, 46, NULL, 1, NULL, 0, 1, 1, '2022-12-12 11:04:11', 0, 0),
(34, 1, 47, NULL, 1, NULL, 0, 1, 1, '2022-12-12 11:05:56', 0, 0),
(35, 1, 48, NULL, 1, NULL, 1958000, 1, 1, '2022-12-12 11:07:14', 0, 0),
(36, 1, 49, 1, 1, NULL, 2453000, 1, 1, '2022-12-12 11:09:34', 0, 0),
(37, 1, 50, NULL, 1, NULL, 1958000, 1, 1, '2022-12-12 11:13:52', 0, 0),
(38, 1, 51, NULL, 2, NULL, 1045000, 1, 1, '2022-12-13 14:50:03', 0, 0),
(39, 1, 52, NULL, 2, NULL, 1045000, 1, 1, '2022-12-13 14:51:42', 0, 0),
(40, 1, 53, NULL, 2, NULL, 1045000, 1, 1, '2022-12-13 14:53:58', 0, 0),
(41, 1, 54, NULL, 1, NULL, 1077000, 1, 1, '2022-12-14 16:16:13', 0, 0),
(42, 1, 55, NULL, 1, NULL, 579000, 1, 1, '2022-12-14 16:17:30', 0, 0),
(43, 1, 56, NULL, 1, NULL, 179000, 2, 1, '2022-12-14 21:40:00', 0, 0),
(44, 1, 57, NULL, 1, NULL, 579000, 2, 1, '2022-12-14 21:45:29', 0, 0),
(45, 1, 58, NULL, 1, NULL, 979000, 2, 1, '2022-12-14 21:48:19', 0, 0),
(46, 1, 59, NULL, 1, NULL, 449000, 2, 1, '2022-12-14 21:51:46', 0, 0),
(47, 1, 60, NULL, 1, NULL, 979000, 2, 1, '2022-12-14 22:04:57', 0, 0),
(48, 6, 61, NULL, 1, NULL, 179000, 2, 1, '2022-12-14 22:07:18', 0, 0),
(49, 4, 62, NULL, 1, NULL, 979000, 2, 1, '2022-12-14 22:27:10', 0, 0),
(50, 4, 63, NULL, 1, NULL, 219000, 2, 1, '2022-12-14 22:31:29', 0, 1),
(51, 1, 64, NULL, 1, NULL, 699000, 1, 1, '2022-12-16 00:22:27', 0, 0),
(55, 1, 71, NULL, 1, NULL, 0, 2, 0, '0001-01-01 00:00:00', 0, 0),
(56, 1, 72, NULL, 1, NULL, 0, 2, 0, '0001-01-01 00:00:00', 0, 0),
(57, 1, 73, NULL, 1, NULL, 0, 2, 0, '0001-01-01 00:00:00', 0, 0),
(58, 1, 74, NULL, 1, NULL, 0, 2, 0, '0001-01-01 00:00:00', 0, 0),
(59, 1, 75, NULL, 1, NULL, 0, 1, 0, '0001-01-01 00:00:00', 0, 0),
(60, 1, 76, NULL, 1, NULL, 579000, 1, 0, '2022-12-18 16:05:19', 0, 0),
(61, 1, 77, 1, 1, NULL, 979000, 1, 0, '2022-12-18 16:06:02', 0, 0),
(62, 1, 78, 1, 1, NULL, 1958000, 1, 0, '2022-12-18 16:08:27', 0, 0),
(63, 1, 79, NULL, 1, NULL, 179000, 2, 0, '2022-12-18 20:03:28', 0, 0),
(64, 1, 80, NULL, 1, NULL, 179000, 2, 0, '2022-12-18 20:13:34', 0, 0),
(65, 1, 81, NULL, 1, NULL, 179000, 2, 0, '2022-12-18 20:36:41', 0, 0),
(66, 1, 82, NULL, 1, NULL, 179000, 2, 0, '2022-12-19 20:12:00', 0, 1),
(67, 1, 83, NULL, 1, NULL, 579000, 1, 0, '2022-12-19 20:22:43', 0, 0),
(68, 1, 84, NULL, 1, NULL, 0, 1, 0, '2022-12-22 21:35:08', 0, 0),
(69, 1, 85, NULL, 1, NULL, 379000, 2, 1, '2022-12-23 15:04:15', 0, 1),
(70, 1, 86, NULL, 1, NULL, 449000, 1, 1, '2022-12-26 08:30:29', 0, 0),
(71, 4, 87, 1, 1, NULL, 86950000, 2, 1, '2022-12-26 09:39:25', 0, 1),
(72, 1, 88, NULL, 1, NULL, 3384000, 1, 0, '2022-12-26 19:28:08', 0, 0),
(73, 1, 89, 1, 1, NULL, 1128000, 1, 0, '2022-12-26 19:29:21', 0, 0),
(74, 1, 90, NULL, 1, NULL, 376000, 2, 0, '2022-12-26 19:29:51', 0, 1),
(75, 1, 91, NULL, 1, NULL, 699000, 1, 0, '2022-12-26 23:13:50', 0, 0),
(76, 1, 92, NULL, 1, NULL, 1550000, 2, 0, '2022-12-27 07:42:42', 0, 1),
(77, 4, 93, 1, 1, NULL, 270000, 2, 0, '2022-12-27 08:12:38', 0, 1),
(78, 1, 94, 15, 1, NULL, 179000, 1, 0, '2022-12-27 08:19:13', 0, 0);

-- --------------------------------------------------------

--
-- Table structure for table `invoicedetail`
--

CREATE TABLE `invoicedetail` (
  `IDInvoice` int(11) NOT NULL,
  `IDProduct` int(11) NOT NULL,
  `Quantity` int(11) NOT NULL DEFAULT 1
) ENGINE=InnoDB DEFAULT CHARSET=utf8mb4;

--
-- Dumping data for table `invoicedetail`
--

INSERT INTO `invoicedetail` (`IDInvoice`, `IDProduct`, `Quantity`) VALUES
(1, 53000993, 1),
(1, 53050293, 1),
(2, 53050293, 1),
(26, 34300101, 2),
(26, 36000299, 4),
(27, 34300101, 2),
(27, 36000299, 4),
(28, 34300101, 2),
(28, 36000299, 4),
(29, 34300101, 1),
(30, 36000718, 1),
(31, 36000718, 2),
(32, 36000718, 2),
(33, 36000718, 2),
(34, 36000718, 2),
(35, 36000718, 2),
(36, 34300101, 1),
(36, 53014809, 2),
(37, 36000718, 2),
(38, 30400522, 1),
(38, 34420295, 4),
(39, 30400522, 1),
(39, 34420295, 4),
(40, 30400522, 1),
(40, 34420295, 4),
(41, 53011156, 1),
(42, 36000299, 1),
(43, 36000218, 1),
(44, 36000299, 1),
(45, 34300101, 1),
(46, 30400522, 1),
(47, 36000718, 1),
(48, 36000218, 1),
(49, 34300101, 1),
(50, 53010297, 1),
(51, 53050293, 1),
(55, 30400522, 7),
(55, 36000299, 1),
(56, 30400522, 7),
(56, 36000299, 1),
(57, 30400522, 7),
(57, 36000299, 1),
(58, 30400522, 7),
(58, 36000299, 1),
(59, 36000218, 1),
(60, 36000299, 1),
(61, 36000718, 2),
(62, 36000718, 2),
(63, 36000218, 1),
(64, 36000218, 1),
(65, 36000218, 1),
(66, 36000218, 1),
(67, 36000299, 1),
(69, 2, 1),
(70, 30400522, 1),
(71, 52101327, 58),
(72, 11106827, 9),
(73, 11106827, 3),
(74, 11106827, 1),
(75, 53050293, 1),
(76, 52101453, 1),
(77, 11106827, 1),
(78, 36000218, 1);

-- --------------------------------------------------------

--
-- Table structure for table `position1`
--

CREATE TABLE `position1` (
  `IDPosition` int(11) NOT NULL,
  `NamePosition` varchar(255) NOT NULL
) ENGINE=InnoDB DEFAULT CHARSET=utf8mb4;

-- --------------------------------------------------------

--
-- Table structure for table `product`
--

CREATE TABLE `product` (
  `IDProduct` int(11) NOT NULL,
  `NameProduct` varchar(255) NOT NULL,
  `IDBrand` int(11) NOT NULL,
  `Description` text DEFAULT NULL,
  `CreatedOn` datetime NOT NULL DEFAULT current_timestamp(),
  `IsDeleted` tinyint(1) NOT NULL DEFAULT 0,
  `Stock` int(11) NOT NULL DEFAULT 0,
  `TotalPurchaseQuantity` int(11) NOT NULL DEFAULT 0,
  `Mass` int(11) NOT NULL DEFAULT 0,
  `UnitsOfMass` varchar(225) NOT NULL DEFAULT 'gam',
  `Units` varchar(225) NOT NULL DEFAULT 'Unit',
  `ApplyTaxes` tinyint(1) NOT NULL DEFAULT 0,
  `StatusSale` tinyint(1) NOT NULL DEFAULT 0,
  `IDTag` int(11) NOT NULL,
  `IDType` int(11) NOT NULL,
  `ListPrice` int(11) NOT NULL DEFAULT 0
) ENGINE=InnoDB DEFAULT CHARSET=utf8mb4;

--
-- Dumping data for table `product`
--

INSERT INTO `product` (`IDProduct`, `NameProduct`, `IDBrand`, `Description`, `CreatedOn`, `IsDeleted`, `Stock`, `TotalPurchaseQuantity`, `Mass`, `UnitsOfMass`, `Units`, `ApplyTaxes`, `StatusSale`, `IDTag`, `IDType`, `ListPrice`) VALUES
(1, 'Kem Chống Nắng Nâng Tone Da THE FACE SHOP Power Long Lasting Pink Tone Up Sun Cream Spf50+ Pa++++ 50ml', 5, '                <p class=\"p1\">\r\n                    <span>\r\n                        <strong>Tẩy Tế Bào Chết Toàn Thân YEHWADAM BODY PEELING</strong>\r\n                        &nbsp;dành được giải thưởng Allure Editor’s Pick vào tháng 10/2019, với công thức từ các loại hạt thiên nhiên giúp làm sạch nhẹ nhàng, mang lại làn da ẩm mượt và mịn màng.&nbsp;\r\n                    </span>\r\n                </p>\r\n                <p class=\"p2\">\r\n                    <div @click=\"$router.push({ path: \'/collections\', replace: true })\">\r\n                        <p class=\"inline\" title=\"Các sản phẩm tẩy tế bào chết toàn thân THEFACESHOP\" style=\"color:green\">Tẩy tế bào chết toàn thân</p>  \r\n                        <p class=\"inline\"> chiết xuất từ nhân sâm, đậu xanh, đậu đỏ, đậu nành giúp nhẹ nhàng loại bỏ các tế bào chết, những sắc tố da sạm màu thật nhẹ nhàng. Đặc biệt, những vùng da xỉn màu đã tích tụ lâu trên bề mặt da cũng sẽ được loại bỏ đáng kể. Giúp da trắng sáng, mềm mại tức thì sau khi sử dụng. Tăng hiệu quả hấp thụ dưỡng chất cho các liệu trình dưỡng da sau đó cũng sẽ tăng gấp nhiều lần.</p>\r\n                    </div>\r\n                </p>\r\n                <br>\r\n                <h2>\r\n                    <span>Công dụng chính của Yehwadam Body Peeling</span>\r\n                    <br>\r\n                </h2>\r\n                <ul>\r\n                    <li><span>Kết cấu dạng gel an toàn và dịu nhẹ đối với cả làn da nhạy cảm</span></li>\r\n                    <li><span id=\"iv0dv\">Chăm sóc cơ thể với hương hoa trắng tinh tế</span></li>\r\n                    <li><span id=\"i7awi\">Lưu giữ độ ẩm cho làn da sau khi sử dụng</span><br><br></li>\r\n                </ul>\r\n                <p><span>Trong sản phẩm gồm có:</span><br></p>\r\n                <ul>\r\n                    <li><span><em>Đậu xanh: </em>Thành phần làm sạch tự nhiên</span></li>\r\n                    <li><span><em>Đậu nành: </em>Thanh lọc làn da</span></li>\r\n                    <li><span><em>Đậu đỏ: </em>Làm sạch lỗ chân lông</span></li>\r\n                    <li><span><em>Hoa cúc: </em>Làm dịu mát làn da</span></li>\r\n                    <li><span><em>Nhân sâm: </em>Tăng sinh khí cho làn da</span></li>\r\n                    <li><span><em>Hạt kỷ tử: </em>Chống lão hóa sớm cho làn da</span></li>\r\n                </ul>\r\n                <h2>\r\n                    <span><strong>Hướng dẫn sử dụng Yehwadam Body Peeling</strong></span>\r\n                </h2>\r\n                <p><span>Bạn có thể sử dụng sản phẩm trên cơ thể khô hoặc ướt.&nbsp;</span></p>\r\n                <p><span>Lấy 1 lượng vừa đủ thoa lên vùng da cần loại bỏ tế bào chết, sau đó massage nhẹ nhàng khoảng 5 phút sau đó tắm sạch lại.&nbsp;</span></p>\r\n                <p><span>Bạn nên tẩy tế bào chết 1 -2 lần/tuần để giúp da luôn tươi sáng khỏe mạnh.</span></p>', '2022-11-21 09:14:10', 0, 1000, 14, 50, 'gam', 'Unit', 0, 1, 45, 3, 100000),
(2, 'Mặt Nạ Kỳ Dịu Nhẹ THE FACE SHOP Smart Peeling Mild Papaya 150ml', 5, '<p class=\"p1\">\r\n                    <span>\r\n                        <strong>Tẩy Tế Bào Chết Toàn Thân YEHWADAM BODY PEELING</strong>\r\n                        &nbsp;dành được giải thưởng Allure Editor’s Pick vào tháng 10/2019, với công thức từ các loại hạt thiên nhiên giúp làm sạch nhẹ nhàng, mang lại làn da ẩm mượt và mịn màng.&nbsp;\r\n                    </span>\r\n                </p>\r\n                <p class=\"p2\">\r\n                    <div @click=\"$router.push({ path: \'/collections\', replace: true })\">\r\n                        <p class=\"inline\" title=\"Các sản phẩm tẩy tế bào chết toàn thân THEFACESHOP\" style=\"color:green\">Tẩy tế bào chết toàn thân</p>  \r\n                        <p class=\"inline\"> chiết xuất từ nhân sâm, đậu xanh, đậu đỏ, đậu nành giúp nhẹ nhàng loại bỏ các tế bào chết, những sắc tố da sạm màu thật nhẹ nhàng. Đặc biệt, những vùng da xỉn màu đã tích tụ lâu trên bề mặt da cũng sẽ được loại bỏ đáng kể. Giúp da trắng sáng, mềm mại tức thì sau khi sử dụng. Tăng hiệu quả hấp thụ dưỡng chất cho các liệu trình dưỡng da sau đó cũng sẽ tăng gấp nhiều lần.</p>\r\n                    </div>\r\n                </p>\r\n                <br>\r\n                <h2>\r\n                    <span>Công dụng chính của Yehwadam Body Peeling</span>\r\n                    <br>\r\n                </h2>\r\n                <ul>\r\n                    <li><span>Kết cấu dạng gel an toàn và dịu nhẹ đối với cả làn da nhạy cảm</span></li>\r\n                    <li><span id=\"iv0dv\">Chăm sóc cơ thể với hương hoa trắng tinh tế</span></li>\r\n                    <li><span id=\"i7awi\">Lưu giữ độ ẩm cho làn da sau khi sử dụng</span><br><br></li>\r\n                </ul>\r\n                <p><span>Trong sản phẩm gồm có:</span><br></p>\r\n                <ul>\r\n                    <li><span><em>Đậu xanh: </em>Thành phần làm sạch tự nhiên</span></li>\r\n                    <li><span><em>Đậu nành: </em>Thanh lọc làn da</span></li>\r\n                    <li><span><em>Đậu đỏ: </em>Làm sạch lỗ chân lông</span></li>\r\n                    <li><span><em>Hoa cúc: </em>Làm dịu mát làn da</span></li>\r\n                    <li><span><em>Nhân sâm: </em>Tăng sinh khí cho làn da</span></li>\r\n                    <li><span><em>Hạt kỷ tử: </em>Chống lão hóa sớm cho làn da</span></li>\r\n                </ul>\r\n                <h2>\r\n                    <span><strong>Hướng dẫn sử dụng Yehwadam Body Peeling</strong></span>\r\n                </h2>\r\n                <p><span>Bạn có thể sử dụng sản phẩm trên cơ thể khô hoặc ướt.&nbsp;</span></p>\r\n                <p><span>Lấy 1 lượng vừa đủ thoa lên vùng da cần loại bỏ tế bào chết, sau đó massage nhẹ nhàng khoảng 5 phút sau đó tắm sạch lại.&nbsp;</span></p>\r\n                <p><span>Bạn nên tẩy tế bào chết 1 -2 lần/tuần để giúp da luôn tươi sáng khỏe mạnh.</span></p>', '2022-11-25 22:25:39', 0, 88, 34, 50, 'gam', 'Unit', 0, 1, 31, 3, 379000),
(11106827, 'Mặt Nạ Keo Ong Cấp Ẩm D CNP Laboratory Propolis Energy Ampule 2-Step Mask (5pcs)', 2, '<p style=\"text-align: justify;\"><em><strong>Công dụng chính:</strong> Dưỡng ẩm tức thì, làm tăng cường độ đàn hồi giúp da hồi phục sinh khí, căng mịn tràn đầy sức sống.&nbsp;</em></p><p style=\"text-align: justify;\"><em><strong>Loại da phù hợp: </strong>Mọi loại da, đặc biệt là da khô, thiếu nước, thiếu ẩm.</em></p><p style=\"text-align: justify;\"><em><strong>Thành phần chính: </strong>Chiết xuất keo ong, lựu, tía tô.</em></p><p style=\"text-align: center\"><img src=\"//file.hstatic.net/1000036599/file/kkkkk_c4d737f5db004265aa2684b5d39b2155.png\"></p><p style=\"text-align: justify;\">&nbsp;</p><div style=\"text-align: justify;\">Đắp mặt nạ là cách giúp da phục hồi tức thì, có thể sử dụng vài lần một tuần hoặc trước bước trang điểm để có lớp nền căng bóng. Có thể nói, mặt nạ là bí quyết dưỡng da ai cũng nên biết để có một làn da khỏe mạnh, giảm thiểu bong tróc, khô sần kém sắc.</div><div><h2 style=\"text-align: justify;\"><strong>Thành phần nổi bật</strong></h2><ul><li style=\"text-align: justify;\">Hyaluronic Acid: Cấp ẩm, làm mờ nếp nhăn, làm chậm quá trình lão hóa giúp da luôn căng mịn.&nbsp;</li><li style=\"text-align: justify;\">Chiết xuất keo ong: Thành phần này còn được gọi là \"tiên dược\" chống lão hóa, duy trì sự trẻ trung cho làn da hiệu quả.&nbsp;</li><li style=\"text-align: justify;\">Chiết xuất&nbsp;lựu: Kháng viêm, kháng khuẩn, làm giảm đồi mồi, nếp nhăn và chân chim hình thành trên da.</li><li style=\"text-align: justify;\">Quả&nbsp;sung ngọt: Hỗ trợ điều trị các vấn đề về mụn viêm, mụn nhọt.</li><li style=\"text-align: justify;\">Chiết xuất cây tía tô: Làm sáng da, mờ sẹo, điều trị mụn nhẹ.</li></ul><h2 style=\"text-align: justify;\"><strong>Công dụng chính</strong></h2><ul><li style=\"text-align: justify;\">Bổ sung độ ẩm tức thì, làm đầy các nếp nhăn.</li><li style=\"text-align: justify;\">Phục hồi sinh khí cho làn da bị tổn thương.</li><li style=\"text-align: justify;\">Tăng cường độ đàn hồi giúp da săn chắc.</li></ul><p style=\"text-align: justify;\"><strong>Hướng dẫn sử dụng</strong></p><p style=\"text-align: justify;\">Sản phẩm gồm 2 phần, phần phía trên chứa tinh chất, phần dưới là mặt nạ giấy.&nbsp;</p><ul><li style=\"text-align: justify;\">Bước 1: Cho tinh chất&nbsp;Ampule thoa đều lên gương mặt, dùng tay vỗ nhẹ để dưỡng chất thấm sâu vào bên trong da.</li><li style=\"text-align: justify;\">Bước 2: Mở mặt nạ, đắp và điều chỉnh vừa với mặt.</li><li style=\"text-align: justify;\">Bước 3: Thư giãn trong 15-20 phút, tháo mặt nạ ra và dùng tay vỗ nhẹ.</li></ul><p style=\"text-align: justify;\">Lưu ý: KHÔNG cần rửa lại với nước sạch.</p></div>', '2022-12-01 17:34:14', 0, 86, 45, 50, 'gam', 'Unit', 0, 1, 31, 3, 470000),
(30400522, 'Sữa Rửa Mặt Làm Sáng Da THE FACE SHOP Rice Water Bright Cleansing Foam 300ml', 5, '<div id=\"i9zo\"><span id=\"docs-internal-guid-f73b030e-7fff-cd8f-6239-b92d66b8b3ad\"><p dir=\"ltr\" id=\"ivhg\"><span id=\"i6of\">Sữa Rửa Mặt Làm Sáng Da THEFACESHOP RICE WATER BRIGHT CLEANSING FOAM có khả năng làm sạch sâu trong lỗ chân lông, làm sạch bụi bẩn ô nhiễm trên bề mặt da. Độ ẩm được lưu giữ tối ưu sau khi rửa, giúp làn da trắng sáng và khỏe mạnh. Ngoài ra, với kết cấu dạng kem mịn, dễ tạo bọt giúp tạo cảm giác trơn láng và mềm mịn sau khi rửa mặt.</span></p><h2 id=\"ibvtq\">Thành phần chính</h2><ul id=\"iqo0v\"><li dir=\"ltr\" aria-level=\"1\" id=\"ihtay\"><p dir=\"ltr\" role=\"presentation\" id=\"i1pf3\"><span id=\"i9iy8\">Nước gạo (10%)</span></p></li><li dir=\"ltr\" aria-level=\"1\" id=\"ilnqi\"><p dir=\"ltr\" role=\"presentation\" id=\"idrrf\"><span id=\"isq5i\">Dầu Moringa</span></p></li><li dir=\"ltr\" aria-level=\"1\" id=\"if6zb\"><p dir=\"ltr\" role=\"presentation\" id=\"itf3x\"><span id=\"i7mel\">Fit Protein trích xuất phong lan</span></p></li><li dir=\"ltr\" aria-level=\"1\" id=\"i5087\"><p dir=\"ltr\" role=\"presentation\" id=\"ilbvu\"><span id=\"ii96p\">Vitamin B5 complex</span></p></li></ul><h2 id=\"ihs4x\">Công dụng sữa rửa mặt Water Bright Cleansing Foam</h2><div id=\"irzzc\"><span id=\"docs-internal-guid-92db16a9-7fff-157b-df17-85e7fe7f95d6\"><ul id=\"iwuy5\"><li dir=\"ltr\" aria-level=\"1\" id=\"i938s\"><p dir=\"ltr\" role=\"presentation\" id=\"ig2z5\"><span id=\"iccxl\">Làm sạch sâu lỗ chân lông</span></p></li><li dir=\"ltr\" aria-level=\"1\" id=\"i93ie\"><p dir=\"ltr\" role=\"presentation\" id=\"iqg17\"><span id=\"idix5\">Dưỡng ẩm cho da</span></p></li><li dir=\"ltr\" aria-level=\"1\" id=\"ijan3\"><p dir=\"ltr\" role=\"presentation\" id=\"i1e9z\"><span id=\"i2c8f\">Làm trắng sáng da</span></p></li><li dir=\"ltr\" aria-level=\"1\" id=\"im42f\"><p dir=\"ltr\" role=\"presentation\" id=\"if3tk\"><span id=\"ii2ys\">Giúp da mềm mại và mịn màng</span></p></li><li dir=\"ltr\" aria-level=\"1\" id=\"if7rl\"><p dir=\"ltr\" role=\"presentation\" id=\"i1c64\"><span id=\"ikn1f\">Không kích ứng da</span></p></li><li dir=\"ltr\" aria-level=\"1\" id=\"ix8jl\"><p dir=\"ltr\" role=\"presentation\" id=\"iuhjs\"><span id=\"izgjm\">Có mùi thơm dễ chịu, mang lại cảm giác sảng khoái</span></p></li><li dir=\"ltr\" aria-level=\"1\" id=\"ijaxuo\"><p dir=\"ltr\" role=\"presentation\" id=\"iboe8o\"><span id=\"iikjhy\">Tác động dịu nhẹ, không làm tổn thương màng bảo vệ tự nhiên của da</span></p></li></ul></span></div><h2 id=\"ieccv\">Hướng dẫn sử dụng</h2><p dir=\"ltr\" id=\"i2iys\"><span id=\"i4bqq\">Để sử dụng sữa rửa mặt hiệu quả, bạn thực hiện các bước cơ bản sau:&nbsp;</span></p><p dir=\"ltr\" id=\"igadi\"><span id=\"it3pl\">Bước 1: Rửa tay thật sạch bằng cách sử dụng xà phòng kháng khuẩn nhẹ nhàng với nước ấm.</span></p><p dir=\"ltr\" id=\"ieug3\"><span id=\"ipv9z\">Bước 2: Nếu có trang điểm, trước khi rửa mặt, bạn nên dùng nước tẩy trang để làm sạch da mặt.</span></p><p dir=\"ltr\" id=\"iigve\"><span id=\"io2fy\">Bước 3: Làm ướt da mặt với nước ấm để các lỗ chân lông mở rộng, nhờ thế da bạn có thể được làm sạch sâu hơn và tránh được mụn.</span></p><p dir=\"ltr\" id=\"iya0l\"><span id=\"ivjj9\">Bước 4: Cho một lượng vừa đủ sữa rửa mặt vào lòng bàn tay, sau đó đánh đều tạo bọt và dùng ngón tay thoa đều lên mặt. Bạn nên massage mặt với chuyển động tròn trong khoảng 1 phút, từ trong ra ngoài và từ dưới lên trên.</span></p><p dir=\"ltr\" id=\"iuz7p\"><span id=\"ixlw4\">Bước 5: Rửa mặt thật sạch với nước</span></p><p dir=\"ltr\" id=\"i6j7s\"><span id=\"isxw2\">Bước 6: Dùng khăn sạch nhẹ nhàng thấm khô nước trên mặt hoặc bạn có thể để mặt khô tự nhiên</span></p></span></div><style>* { box-sizing: border-box; } body {margin: 0;}*{box-sizing:border-box;}body{margin-top:0px;margin-right:0px;margin-bottom:0px;margin-left:0px;}#i9zo{padding-top:10px;padding-right:10px;padding-bottom:10px;padding-left:10px;}#ivhg{line-height:1.38;text-align:justify;margin-top:12pt;margin-bottom:12pt;}#i6of{font-size:10.5pt;font-family:Arial;color:rgb(0, 0, 0);font-variant-numeric:normal;font-variant-east-asian:normal;vertical-align:baseline;white-space:pre-wrap;}#iqo0v{margin-bottom:0px;padding-inline-start:48px;}#ihtay{list-style-type:disc;font-size:10.5pt;font-family:Arial;color:rgb(0, 0, 0);background-color:transparent;font-variant-numeric:normal;font-variant-east-asian:normal;vertical-align:baseline;white-space:pre;}#i1pf3{line-height:1.38;text-align:justify;margin-top:12pt;margin-bottom:0pt;}#i9iy8{font-size:10.5pt;font-variant-numeric:normal;font-variant-east-asian:normal;vertical-align:baseline;white-space:pre-wrap;}#ilnqi{list-style-type:disc;font-size:10.5pt;font-family:Arial;color:rgb(0, 0, 0);background-color:transparent;font-variant-numeric:normal;font-variant-east-asian:normal;vertical-align:baseline;white-space:pre;}#idrrf{line-height:1.38;text-align:justify;margin-top:0pt;margin-bottom:0pt;}#isq5i{font-size:10.5pt;font-variant-numeric:normal;font-variant-east-asian:normal;vertical-align:baseline;white-space:pre-wrap;}#if6zb{list-style-type:disc;font-size:10.5pt;font-family:Arial;color:rgb(0, 0, 0);background-color:transparent;font-variant-numeric:normal;font-variant-east-asian:normal;vertical-align:baseline;white-space:pre;}#itf3x{line-height:1.38;text-align:justify;margin-top:0pt;margin-bottom:0pt;}#i7mel{font-size:10.5pt;font-variant-numeric:normal;font-variant-east-asian:normal;vertical-align:baseline;white-space:pre-wrap;}#i5087{list-style-type:disc;font-size:10.5pt;font-family:Arial;color:rgb(0, 0, 0);background-color:transparent;font-variant-numeric:normal;font-variant-east-asian:normal;vertical-align:baseline;white-space:pre;}#ilbvu{line-height:1.38;text-align:justify;margin-top:0pt;margin-bottom:12pt;}#ii96p{font-size:10.5pt;font-variant-numeric:normal;font-variant-east-asian:normal;vertical-align:baseline;white-space:pre-wrap;}#i2iys{line-height:1.38;text-align:justify;margin-top:12pt;margin-bottom:12pt;}#i4bqq{font-size:10.5pt;font-family:Arial;color:rgb(0, 0, 0);font-variant-numeric:normal;font-variant-east-asian:normal;vertical-align:baseline;white-space:pre-wrap;}#igadi{line-height:1.38;text-align:justify;margin-top:12pt;margin-bottom:12pt;}#it3pl{font-size:10.5pt;font-family:Arial;color:rgb(0, 0, 0);font-variant-numeric:normal;font-variant-east-asian:normal;vertical-align:baseline;white-space:pre-wrap;}#ieug3{line-height:1.38;text-align:justify;margin-top:12pt;margin-bottom:12pt;}#ipv9z{font-size:10.5pt;font-family:Arial;color:rgb(0, 0, 0);font-variant-numeric:normal;font-variant-east-asian:normal;vertical-align:baseline;white-space:pre-wrap;}#iigve{line-height:1.38;text-align:justify;margin-top:12pt;margin-bottom:12pt;}#io2fy{font-size:10.5pt;font-family:Arial;color:rgb(0, 0, 0);font-variant-numeric:normal;font-variant-east-asian:normal;vertical-align:baseline;white-space:pre-wrap;}#iya0l{line-height:1.38;text-align:justify;margin-top:12pt;margin-bottom:12pt;}#ivjj9{font-size:10.5pt;font-family:Arial;color:rgb(0, 0, 0);font-variant-numeric:normal;font-variant-east-asian:normal;vertical-align:baseline;white-space:pre-wrap;}#iuz7p{line-height:1.38;text-align:justify;margin-top:12pt;margin-bottom:12pt;}#ixlw4{font-size:10.5pt;font-family:Arial;color:rgb(0, 0, 0);font-variant-numeric:normal;font-variant-east-asian:normal;vertical-align:baseline;white-space:pre-wrap;}#i6j7s{line-height:1.38;text-align:justify;margin-top:12pt;margin-bottom:12pt;}#isxw2{font-size:10.5pt;font-family:Arial;color:rgb(0, 0, 0);font-variant-numeric:normal;font-variant-east-asian:normal;vertical-align:baseline;white-space:pre-wrap;}#ibvtq{text-align:justify;}#ihs4x{text-align:justify;}#irzzc{padding:10px;}#iwuy5{margin-bottom:0px;padding-inline-start:48px;}#i938s{list-style-type:disc;font-size:10.5pt;font-family:Arial;color:rgb(0, 0, 0);background-color:transparent;font-variant-numeric:normal;font-variant-east-asian:normal;vertical-align:baseline;white-space:pre;}#ig2z5{line-height:1.38;text-align:justify;margin-top:12pt;margin-bottom:0pt;}#iccxl{font-size:10.5pt;font-variant-numeric:normal;font-variant-east-asian:normal;vertical-align:baseline;white-space:pre-wrap;}#i93ie{list-style-type:disc;font-size:10.5pt;font-family:Arial;color:rgb(0, 0, 0);background-color:transparent;font-variant-numeric:normal;font-variant-east-asian:normal;vertical-align:baseline;white-space:pre;}#iqg17{line-height:1.38;text-align:justify;margin-top:0pt;margin-bottom:0pt;}#idix5{font-size:10.5pt;font-variant-numeric:normal;font-variant-east-asian:normal;vertical-align:baseline;white-space:pre-wrap;}#ijan3{list-style-type:disc;font-size:10.5pt;font-family:Arial;color:rgb(0, 0, 0);background-color:transparent;font-variant-numeric:normal;font-variant-east-asian:normal;vertical-align:baseline;white-space:pre;}#i1e9z{line-height:1.38;text-align:justify;margin-top:0pt;margin-bottom:0pt;}#i2c8f{font-size:10.5pt;font-variant-numeric:normal;font-variant-east-asian:normal;vertical-align:baseline;white-space:pre-wrap;}#im42f{list-style-type:disc;font-size:10.5pt;font-family:Arial;color:rgb(0, 0, 0);background-color:transparent;font-variant-numeric:normal;font-variant-east-asian:normal;vertical-align:baseline;white-space:pre;}#if3tk{line-height:1.38;text-align:justify;margin-top:0pt;margin-bottom:0pt;}#ii2ys{font-size:10.5pt;font-variant-numeric:normal;font-variant-east-asian:normal;vertical-align:baseline;white-space:pre-wrap;}#if7rl{list-style-type:disc;font-size:10.5pt;font-family:Arial;color:rgb(0, 0, 0);background-color:transparent;font-variant-numeric:normal;font-variant-east-asian:normal;vertical-align:baseline;white-space:pre;}#i1c64{line-height:1.38;text-align:justify;margin-top:0pt;margin-bottom:0pt;}#ikn1f{font-size:10.5pt;font-variant-numeric:normal;font-variant-east-asian:normal;vertical-align:baseline;white-space:pre-wrap;}#ix8jl{list-style-type:disc;font-size:10.5pt;font-family:Arial;color:rgb(0, 0, 0);background-color:transparent;font-variant-numeric:normal;font-variant-east-asian:normal;vertical-align:baseline;white-space:pre;}#iuhjs{line-height:1.38;text-align:justify;margin-top:0pt;margin-bottom:12pt;}#izgjm{font-size:10.5pt;font-variant-numeric:normal;font-variant-east-asian:normal;vertical-align:baseline;white-space:pre-wrap;}#ijaxuo{list-style-type:disc;font-size:10.5pt;font-family:Arial;color:rgb(0, 0, 0);background-color:transparent;font-variant-numeric:normal;font-variant-east-asian:normal;vertical-align:baseline;white-space:pre;}#iboe8o{line-height:1.38;text-align:justify;margin-top:12pt;margin-bottom:0pt;}#iikjhy{font-size:10.5pt;font-variant-numeric:normal;font-variant-east-asian:normal;vertical-align:baseline;white-space:pre-wrap;}#ieccv{text-align:justify;}</style>', '2022-12-01 17:40:27', 0, 26, 12, 50, 'gam', 'Unit', 0, 1, 27, 3, 449000),
(32400247, 'Mặt Nạ Kỳ Dịu Nhẹ THE FACE SHOP Smart Peeling Mild Papaya 150ml', 5, '<h2 style=\"text-align: justify;\"><span style=\"font-size:20pt\"><strong>Công dụng của mặt nạ Smart Peeling Mild Papaya</strong></span></h2><p style=\"text-align: justify;\"><br><span style=\"font-size:12pt\">Loại bỏ da chết dạng sữa giúp nhẹ nhàng loại bỏ da chết trên bề mặt da. Với công thức dịu nhẹ, các thành phần trong <span style=\"color:#0000ff\"><a target=\"_blank\" rel=\"noopener noreferrer\" title=\"Mặt nạ chăm sóc da THEFACESHOP\" style=\"color: rgb(0, 0, 255);\" href=\"https://thefaceshop.com.vn/collections/mask\">mặt nạ</a></span> giúp giữ ẩm cho làn da mềm mại và mịn màng ngay cả sau khi sử dụng. Thích hợp với cả những làn da dễ mẫn cảm và làn da dầu, xỉn màu có mụn đầu đen.</span></p><p style=\"text-align: justify;\"><span style=\"font-size:12pt\"><img style=\"display: block; margin-left: auto; margin-right: auto;\" src=\"//file.hstatic.net/1000036599/file/smart_peeling_papaya.png\"></span></p><h2 style=\"text-align: justify;\"><span style=\"font-size:20pt\"><strong>Thành phần trong Smart Peeling Mild Papaya</strong></span></h2><p style=\"text-align: justify;\"><br><span style=\"font-size:12pt\">Thành phần chiết xuất từ enzym đu đủ chín, giúp làm sạch tế bào chết trên bề mặt da mà không gây kích ứng.</span></p><h2 style=\"text-align: justify;\"><span style=\"font-size:20pt\"><strong>Hướng dẫn sử dụng mặt nạ đúng cách</strong></span></h2><p style=\"text-align: justify;\"><span style=\"font-size:12pt\">Làm sạch da và lau khô. Lấy một lượng sản phẩm vừa đủ và mát xa nhẹ nhàng lên da mặt trong khoảng 1-2 phút, tránh vùng da mắt và môi. Hoàn tất bằng bước rửa mặt sạch với nước.</span><br>&nbsp;</p><p style=\"text-align: justify;\"><span style=\"font-size:12pt\">Xem thêm nhiều hơn tại: <a target=\"_blank\" rel=\"noopener noreferrer\" href=\"https://thefaceshop.com.vn/\"><span style=\"color:#0000ff\">https://thefaceshop.com.vn/</span></a></span></p>', '2022-12-01 17:41:11', 0, 76, 10, 50, 'gam', 'Unit', 0, 1, 31, 3, 379000),
(34200601, '[FMGT] Chì Chân Mày Designing Eyebrow Pencil 0.3g', 5, '<p style=\"text-align: justify;\"><span style=\"font-size: 12pt;\"><img src=\"https://file.hstatic.net/1000036599/file/designing_eyebrow_pencil_bc89dec89d7a46c28211a4b243593ac5.png\"></span></p><h2 style=\"text-align: left;\"><span style=\"font-size: 12pt;\"><span style=\"font-size: 20pt;\">Công dụng của Chì Chân Mày THEFACESHOP DESIGNING</span><strong><br></strong></span></h2><p style=\"text-align: justify;\"><span style=\"font-size: 12pt;\">Khuôn mặt hài hòa thì cần rất nhiều điểm, trong đó đôi chân mày đóng một vai trò khá quan trọng, việc vẽ chân mày thanh mảnh tự nhiên để tăng độ sáng long lanh cho đôi mắt hiện nay vẫn còn gặp vấn đề với nhiều bạn. </span><br><br><span style=\"font-size: 12pt;\">DESIGNING EYEBROW PENCIL sẽ giúp bạn khắc phục các nhược điểm của bạn bởi thiết kế bao gồm đầu chì kẻ và cọ chải lông mày tạo cho bạn đôi lông mày tinh tế và hài hòa.&nbsp; Để hài hòa với màu sắc lông mày, màu tóc nhuộm thì DESIGNING EYEBROW PENCIL có nhiều màu cho bạn lực chọn.</span></p><h2 style=\"text-align: left;\"><span style=\"font-size: 12pt;\"><img src=\"https://file.hstatic.net/1000036599/file/designing_eyebrow_pencil_1_cfd6916fd4084d71af42bb1104a20c3e.png\"></span><br><br><span style=\"font-size: 20pt;\">Hướng dẫn sử dụng Chì Chân Mày THEFACESHOP DESIGNING EYEBROW PENCIL</span><br></h2><p style=\"text-align: justify;\"><span style=\"font-size: 12pt;\">Vặn chì lên khoảng 3mm rồi vẽ theo khuôn chân mày, sử dụng đầu chải để điều chỉnh lại cho chân mày gọn và bám đều màu.</span></p><p style=\"text-align: justify;\"><span style=\"font-size: 12pt;\"><img src=\"https://file.hstatic.net/1000036599/file/designing_eyebrow_pencil_2_736bb3cdef2f417abccb4f18927d5d14.png\"></span></p>', '2022-12-01 17:24:21', 0, 84, 34, 50, 'gam', 'Unit', 0, 1, 19, 3, 363000),
(34200675, 'Son Thỏi Dưỡng Ẩm THE FACE SHOP Collagen Ampoule Lipstick 3.5g', 5, '<div id=\"iqeb\"><p id=\"i9ew\"><span id=\"iyl4\"><img src=\"https://file.hstatic.net/1000036599/file/1_9c220292eb594ab1a1f4496e3096e287.png\" id=\"iek1\"><span id=\"i773\"></span></span></p><p id=\"ihwt\"><span id=\"i256\"></span><span id=\"igqw\">Son thỏi COLLAGEN AMPOULE LIPSTICK là sản phẩm son thỏi vừa được ra mắt của THEFACESHOP, với kết cấu son mịn như nhung, vừa có độ bám màu cao lại vừa dưỡng cho đôi môi của bạn không bị khô khi sử dụng, hứa hẹn sẽ làm cho các tín đồ son môi cực kì hài lòng!</span></p><p id=\"i6s0l\"><span id=\"i5sge\"><span id=\"ibzbh\">Son thỏi COLLAGEN AMPOULE LIPSTICK</span> là dòng son môi đặc biệt có chứa tinh chất Collagen giàu dưỡng chất giúp làn môi luôn căng mọng, quyến rũ tự nhiên trong suốt thời gian sử dụng mà không lo thâm môi.</span></p><p id=\"ipdwi\"><span id=\"is7dk\">Không dừng lại đó, <span id=\"ie2nf\">Son thỏi COLLAGEN AMPOULE LIPSTICK</span>&nbsp;với công nghệ độc quyền của hãng khiến kết cấu son trở nên mềm mượt, giúp màu son lên môi chuẩn tự nhiên và bền màu nhiều giờ liền.&nbsp;Ngoài ra, khi thoa son còn có khả năng làm mờ các nếp gấp trên môi, giúp môi trông mịn màng và căng mọng.</span><br id=\"i7wuz\"><br id=\"iwspl\"><span id=\"irt98\">Với thiết kế vỏ ngoài ánh kim vô cùng sang trọng, tinh tế chắc chắn sẽ làm ngây ngất các tín đồ của son môi ngay từ cái nhìn đầu tiên.</span><br id=\"ij3ls\"><br id=\"is2bx\"><span id=\"iaqz6\">Son thỏi COLLAGEN AMPOULE LIPSTICK với những màu sắc phong phú, thời thượng cho bạn thoải mái lựa chọn để phù hợp với sở thích của bản thân, giúp đôi môi bạn trở nên tươi tắn, quyến rũ và thu hút sự chú ý của người đối diện, đây chắc chắn là thỏi son không thể thiếu trong bộ sưu tập son môi của bạn!</span></p><p id=\"iebfj\"><span id=\"ia58i\"><img src=\"https://file.hstatic.net/1000036599/file/2_75181088a3b046429cc0731fa0c59958.png\" id=\"izd2c\"></span></p><p id=\"ioczh\"><span id=\"imj99\"><span id=\"iwj8h\">Thành phần</span></span><br id=\"irl26\"><br id=\"ic3m3\"><span id=\"iz016\">Tinh chất vàng kết hợp với collagen tạo nên những dưỡng chất tối ưu phủ đầy bề mặt môi, giúp làm mờ các nếp và các nếp gấp trên đôi môi, giúp tăng cường khả năng chống lão hóa và làm sáng vùng da môi.</span><br id=\"i2n2i\"><br id=\"i3kqi\"><span id=\"i15pa\"><span id=\"iesgq\">Hướng dẫn sử dụng</span></span><br id=\"i4k57\"><br id=\"i8h5y\"><span id=\"ixuul\">Thoa đều son khắp môi.</span></p></div><style>* { box-sizing: border-box; } body {margin: 0;}#iqeb{padding:10px;text-align:justify;}#i9ew{font-family:Poppins, sans-serif;margin-right:0px;margin-left:0px;padding:0px;white-space:pre-line;-webkit-font-smoothing:antialiased;text-align:justify;}#iyl4{font-family:var(--font-family);-webkit-font-smoothing:antialiased;font-size:11pt;}#iek1{font-family:var(--font-family);margin:0px auto;padding:0px;display:block;max-width:100%;-webkit-font-smoothing:antialiased;}#i773{font-family:var(--font-family);font-weight:600;-webkit-font-smoothing:antialiased;font-size:12pt;}#ihwt{font-family:Poppins, sans-serif;margin-right:0px;margin-left:0px;padding:0px;white-space:pre-line;-webkit-font-smoothing:antialiased;text-align:justify;}#i256{font-family:var(--font-family);-webkit-font-smoothing:antialiased;font-size:11pt;}#igqw{font-family:var(--font-family);-webkit-font-smoothing:antialiased;font-size:11pt;}#i6s0l{font-family:Poppins, sans-serif;margin-right:0px;margin-left:0px;padding:0px;white-space:pre-line;-webkit-font-smoothing:antialiased;text-align:justify;}#i5sge{font-family:var(--font-family);-webkit-font-smoothing:antialiased;font-size:11pt;}#ibzbh{font-family:var(--font-family);font-weight:600;-webkit-font-smoothing:antialiased;}#ipdwi{font-family:Poppins, sans-serif;margin-right:0px;margin-left:0px;padding:0px;white-space:pre-line;-webkit-font-smoothing:antialiased;text-align:justify;}#is7dk{font-family:var(--font-family);-webkit-font-smoothing:antialiased;font-size:11pt;}#ie2nf{font-family:var(--font-family);font-weight:600;-webkit-font-smoothing:antialiased;}#i7wuz{font-family:var(--font-family);-webkit-font-smoothing:antialiased;}#iwspl{font-family:var(--font-family);-webkit-font-smoothing:antialiased;}#irt98{font-family:var(--font-family);-webkit-font-smoothing:antialiased;font-size:11pt;}#ij3ls{font-family:var(--font-family);-webkit-font-smoothing:antialiased;}#is2bx{font-family:var(--font-family);-webkit-font-smoothing:antialiased;}#iaqz6{font-family:var(--font-family);-webkit-font-smoothing:antialiased;font-size:11pt;}#iebfj{font-family:Poppins, sans-serif;margin-right:0px;margin-left:0px;padding:0px;white-space:pre-line;-webkit-font-smoothing:antialiased;}#ia58i{font-family:var(--font-family);-webkit-font-smoothing:antialiased;font-size:11pt;}#izd2c{font-family:var(--font-family);margin:0px auto;padding:0px;display:block;max-width:100%;-webkit-font-smoothing:antialiased;}#ioczh{font-family:Poppins, sans-serif;margin-right:0px;margin-left:0px;padding:0px;white-space:pre-line;-webkit-font-smoothing:antialiased;}#imj99{font-family:var(--font-family);-webkit-font-smoothing:antialiased;font-size:12pt;}#iwj8h{font-family:var(--font-family);font-weight:600;-webkit-font-smoothing:antialiased;}#irl26{font-family:var(--font-family);-webkit-font-smoothing:antialiased;}#ic3m3{font-family:var(--font-family);-webkit-font-smoothing:antialiased;}#iz016{font-family:var(--font-family);-webkit-font-smoothing:antialiased;font-size:11pt;}#i2n2i{font-family:var(--font-family);-webkit-font-smoothing:antialiased;}#i3kqi{font-family:var(--font-family);-webkit-font-smoothing:antialiased;}#i15pa{font-family:var(--font-family);-webkit-font-smoothing:antialiased;font-size:12pt;}#iesgq{font-family:var(--font-family);font-weight:600;-webkit-font-smoothing:antialiased;}#i4k57{font-family:var(--font-family);-webkit-font-smoothing:antialiased;}#i8h5y{font-family:var(--font-family);-webkit-font-smoothing:antialiased;}#ixuul{font-family:var(--font-family);-webkit-font-smoothing:antialiased;font-size:11pt;}</style>', '2022-12-01 17:25:45', 1, 56, 26, 50, 'gam', 'Unit', 0, 1, 16, 3, 649000),
(34201685, 'Son Đa Năng Flat Velvet Lipstick', 5, '<p><span style=\"font-size: 12pt;\"><img src=\"//file.hstatic.net/1000036599/file/son-l_-da-n_ng-flat-velvet-lipstick.jpg\"></span></p><p style=\"text-align: justify;\"><span style=\"font-size: 12pt;\">Với mong muốn đem lại nhiều sự lựa chọn cho các cô gái trong việc tìm kiếm cây son phù hợp, THEFACESHOP đã cho ra mắt <strong>son FLAT VELVET LIPSTICK</strong> với thiết kế tinh tế và màu sắc đa dạng và nổi bật</span><br></p><p style=\"text-align: justify;\"><span style=\"font-size: 12pt;\">Thiết kế son dạng bút, lõi son hình vuông, đầu son phẳng sắc cạnh giúp dễ dàng tạo đường viền và dàn son trên môi đều hơn. Màu sắc thươi trẻ, độ lên màu của son chuẩn mà không phải thoa nhiều lớp. Chất son rất mềm, mịn và mướt khi bạn sử dụng, không gây vón cục.</span></p><p style=\"text-align: justify;\"><span style=\"font-size: 12pt;\"><strong>Flat Velvet Lipstick</strong> là sự giao thoa giữa <a href=\"https://thefaceshop.com.vn/collections/son-moi\" target=\"_blank\" rel=\"noopener noreferrer\" title=\"Các sản phẩm son của THEFACESHOP\">son lì và son bóng</a>, son có độ mềm mại, mướt che vân môi tốt. Mang đến đôi môi mịn nhưng không hề gây khô khi sử dụng lâu dài.</span></p><p><span style=\"font-size: 12pt;\"><img src=\"//file.hstatic.net/1000036599/file/son-l_-da-n_ng-flat-velvet-lipstick-1.jpg\"></span></p><h2 style=\"text-align: justify;\"><span style=\"font-size: 20pt;\">Đặc điểm nổi bật của son đa năng Flat Velvet Lipstick</span></h2><ul style=\"text-align: justify;\"><li><span style=\"font-size: 12pt;\">Gam màu thời thượng, phù hợp với mọi loại da</span></li><li><span style=\"font-size: 12pt;\">Chất son mướt, làm mềm và nhẹ không gây cảm giác nặng môi</span></li><li><span style=\"font-size: 12pt;\">Son không gây khô da</span></li><li><span style=\"font-size: 12pt;\">Độ bền màu cao, không ngả màu hay trôi khi ăn</span></li><li><span style=\"font-size: 12pt;\">Thiết kế son hiện đại đa năng. Vừa là chì kẻ vành môi, vừa là son thỏi che lấp hết vân môi hoàn hảo.<br><br></span></li></ul><p style=\"text-align: justify;\"><span style=\"font-size: 12pt;\">Hãng đã cho nhiều gam màu “HOT” nhất, mang đến nhiều sự lựa chọn. Bạn có thể dễ dàng biến hóa bản thân với gam màu hồng dễ thương, màu đỏ quyến rũ hay màu cam cá tính.</span></p><p><span style=\"font-size: 12pt;\"><img src=\"//file.hstatic.net/1000036599/file/son-l_-da-n_ng-flat-velvet-lipstick-2.jpg\"></span></p><h2 style=\"text-align: justify;\"><span style=\"font-size: 12pt;\"><span style=\"font-size: 20pt;\">Hướng dẫn sử dụng son đa năng Flat Velvet Lipstick</span><strong><br></strong></span></h2><p style=\"text-align: justify;\"><span style=\"font-size: 12pt;\">Dùng cọ hoặc thoa trực tiếp lên môi.</span></p><p style=\"text-align: justify;\"><span style=\"font-size: 12pt;\"><img src=\"//file.hstatic.net/1000036599/file/the_face_shop_flat_lipstick_1122222.jpg\"></span></p>', '2022-12-01 17:33:23', 0, 82, 41, 50, 'gam', 'Unit', 0, 1, 17, 3, 289000),
(34300101, 'Nước Thần Phục Hồi Da THE FACE SHOP The Therapy First Serum 130ml', 5, '<div id=\"i1n5\"><p id=\"ig4i\"><span id=\"ikcc\"><span id=\"io4j\">Nhằm tăng cường hiệu quả chăm sóc giúp làn da cải thiện hiệu quả hơn. Với bước đột phá vượt trội, </span>tinh chất dưỡng da đặc trị <span id=\"iujs\">The Therapy First Serum</span><span id=\"i0jc\"> sẽ là bước đệm kích hoạt khả năng hấp thụ dưỡng chất của các tế bào da ở những bước tiếp theo.</span></span></p><p id=\"iaeqj\"><span id=\"ixm2g\"><img src=\"https://file.hstatic.net/1000036599/file/the-therapy-first-serum.jpg\" id=\"ifn1c\"></span></p><h2 id=\"imquf\"><span id=\"id5zk\"><span id=\"i84ih\">Công dụng của nước thần The Therapy First Serum</span></span></h2><p id=\"ic5wt\"><span id=\"icr4l\">Khi kết hợp The Therapy First Serum với các bước nước cân bằng và sữa dưỡng sẽ giúp làm mềm mịn bề mặt da và giúp kết dính các tế bào, khắc phục tình trạng thô sần, mang lại làn da mềm mại và mịn màng. Đặc biệt, sản phẩm còn nhẹ nhàng loại bỏ tế bào chết giúp làn da sáng khỏe, mịn màng.</span></p><p id=\"ijhkk\"><span id=\"i1hnd\">Hàm lượng khoáng chất dồi dào từ nước biển Thalassotherapy giúp tăng cường nguồn năng lượng cho làn da.&nbsp;Thành phần tảo biển giúp cung cấp độ ẩm tự nhiên để tăng cường sức khỏe cho lớp sừng, giúp tối ưu hóa khả năng giữ nước bên trong tế bào da. Công thức hòa trộn 3 loại tinh dầu dưỡng da thiên nhiên từ tinh dầu palmarosa, gỗ đàn hương, bơ mang đến hiệu quả tối ưu trong việc chăm sóc phục hồi làn da lão hóa, hạn chế tình trạng mất nước và kích hoạt khả năng hấp thụ dưỡng chất của các tế bào ở những bước tiếp theo.</span></p><p id=\"ipwpx\"><span id=\"iu84p\"><img src=\"https://file.hstatic.net/1000036599/file/fsdfsdfs.jpg\" id=\"is061\"></span></p><h2 id=\"ieuza\"><span id=\"icirb\"><span id=\"ih9el\">Thành phần hoạt động trong The Therapy First Serum</span></span></h2><p id=\"ickjt\"><span id=\"i1p7q\">The Therapy</span><span id=\"izvhc\">&nbsp;là một công thức chống lão hóa sử dụng công thức pha trộn truyền thống của châu Âu từ Marche, Italy.&nbsp;Tất cả các sản phẩm đều không chứa silicone, paraben, dầu khoáng, chất hoạt động bề mặt, màu nhân tạo, thành phần có nguồn gốc từ động vật và sunfat.</span></p><p id=\"i7af3\"><span id=\"ifeqs\">Sản phẩm tặng kèm theo bông cotton Pads, mặt bông có bột ngọc bích và bột trà xanh giúp tăng hiệu quả&nbsp;qủa&nbsp;dưỡng da khi sử dụng The Therapy First Serum.</span></p><h3 id=\"iou26\"><span id=\"iyyp8\">Hướng dẫn sử dụng sản phẩm hiệu quả</span></h3><p id=\"iv1yz\"><span id=\"igtcf\">Sử dụng sau bước làm sạch da, ấn 1 đến 2 lần để lấy lượng sản phẩm vừa đủ và thoa đều khắp bề mặt da theo hướng từ trong ra ngoài.</span></p><p id=\"ivgpi\"><span id=\"i0bl2\">Kết hợp với bông cotton đi kèm để tăng thêm hiệu quả sử dụng. Lấy sản phẩm ra bông cotton và dùng bề mặt có phủ bột trà xanh nhẹ nhàng khắp bề mặt da theo hướng từ trong ra ngoài.&nbsp;</span></p><p id=\"i9pmt\"><span id=\"ijus2\"><img src=\"https://file.hstatic.net/1000036599/file/the-therapy-first-serum-2.jpg\" id=\"i8lhk\"></span></p><h3 id=\"i8i2l\"><span id=\"ihjc7\">Gợi ý 6 cách để sử dụng The First Serum Therapy</span></h3><p id=\"i4ksq\"><span id=\"i6glc\"><span id=\"ig40j\">1. Sử dụng như nước hoa hồng</span></span></p><p id=\"iko5z\"><span id=\"ivxn6\">Thoa ngay sau khi làm sạch thoa 1 lớp <span id=\"i6mj7\"><a target=\"_blank\" rel=\"noopener noreferrer\" title=\"tinh chất, serum dưỡng da\" href=\"https://thefaceshop.com.vn/collections/serum\" id=\"ich2h\">serum</a></span> giúp tăng hiệu quả của việc chăm sóc da tiếp theo.</span></p><p id=\"ifvsp\"><span id=\"i685a\"><span id=\"id5dc\">2. Thoa 7 lớp</span></span></p><p id=\"i8tky\"><span id=\"i2vhn\">Đây là phương pháp thao toner phổ biến tại Hàn Quốc, thay vì chỉ thoa 1 lần nhưng họ chia nhỏ ra 7 lần thoa. Bạn thoa 7 lớp mỏng the first serum lên da. Kết hợp massage lớp đầu sẽ là bước đệm cho lớp sau, khiến nó ngày càng thẩm thấu sâu vào da và phát huy hiệu quả. Da sẽ ngậm nước lâu hơn và trở nên săn chắc hơn.</span></p><p id=\"ifk0c\"><span id=\"ijulp\"><span id=\"io77p\">3. Tẩy tế bào chết</span></span></p><p id=\"ic07e\"><span id=\"i7jkw\">Bơm serum lên miếng bông trà xanh và nhẹ nhàng lau từ khắp khuôn mặt để tẩy da chết nhẹ.</span></p><p id=\"iw4us\"><span id=\"ifpwm\"><span id=\"izs5i\">4. Mặt nạ dưỡng da</span></span></p><p id=\"itcu1\"><span id=\"iiawg\">Dùng mặt giấy, hoặc mặt nạ nén thấm ướt The First First Serum, đặt nó lên mặt trong 20 phút giúp tăng cường dưỡng ẩm cho da</span></p><p id=\"iv54s\"><span id=\"if81g\"><span id=\"i8hfo\">5. Xịt khoáng</span></span></p><p id=\"i5bms\"><span id=\"ic2ma\">Pha 1 lượng serum vào nước hoa hồng, hoặc nước sạch cho vào lọ có vòi xịt. Xịt khoáng lên da mỗi khi thiếu ẩm giúp làn da tươi mát suốt cả ngày.</span></p><p id=\"ierrr\"><span id=\"i35bg\"><span id=\"iv2o1\">6. Massage thư giãn</span></span></p><p id=\"imwub\"><span id=\"ip37h\">Thoa serum lên khăn sạch, đắp lên mặt và hít thở sâu, lặp lại khoảng 5 lần. Tinh dầu hoa oải hương trong serum giúp thư giãn tâm trí.</span></p></div><style>* { box-sizing: border-box; } body {margin: 0;}#i1n5{padding:10px;text-align:justify;}#ig4i{font-family:Poppins, sans-serif;margin-right:0px;margin-left:0px;padding:0px;white-space:pre-line;-webkit-font-smoothing:antialiased;}#ikcc{font-family:var(--font-family);-webkit-font-smoothing:antialiased;font-size:12pt;}#io4j{font-family:var(--font-family);-webkit-font-smoothing:antialiased;text-align:justify;}#iujs{font-family:var(--font-family);font-weight:600;-webkit-font-smoothing:antialiased;}#i0jc{font-family:var(--font-family);-webkit-font-smoothing:antialiased;text-align:justify;}#iaeqj{font-family:Poppins, sans-serif;margin-right:0px;margin-left:0px;padding:0px;white-space:pre-line;-webkit-font-smoothing:antialiased;text-align:justify;}#ixm2g{font-family:var(--font-family);-webkit-font-smoothing:antialiased;font-size:12pt;}#ifn1c{font-family:var(--font-family);margin:0px;padding:0px;display:block;max-width:100%;-webkit-font-smoothing:antialiased;}#imquf{font-family:Poppins, sans-serif;margin-top:1.2em;margin-right:0px;margin-left:0px;font-weight:600;padding:0px;-webkit-font-smoothing:antialiased;font-size:30px;line-height:1.35;text-align:justify;}#id5zk{font-family:var(--font-family);-webkit-font-smoothing:antialiased;}#i84ih{font-family:var(--font-family);-webkit-font-smoothing:antialiased;font-size:18px;}#ic5wt{font-family:Poppins, sans-serif;margin-right:0px;margin-left:0px;padding:0px;white-space:pre-line;-webkit-font-smoothing:antialiased;text-align:justify;}#icr4l{font-family:var(--font-family);-webkit-font-smoothing:antialiased;font-size:12pt;}#ijhkk{font-family:Poppins, sans-serif;margin-right:0px;margin-left:0px;padding:0px;white-space:pre-line;-webkit-font-smoothing:antialiased;text-align:justify;}#i1hnd{font-family:var(--font-family);-webkit-font-smoothing:antialiased;font-size:12pt;}#ipwpx{font-family:Poppins, sans-serif;margin-right:0px;margin-left:0px;padding:0px;white-space:pre-line;-webkit-font-smoothing:antialiased;text-align:justify;}#iu84p{font-family:var(--font-family);-webkit-font-smoothing:antialiased;font-size:12pt;}#is061{font-family:var(--font-family);margin:0px;padding:0px;display:block;max-width:100%;-webkit-font-smoothing:antialiased;}#ieuza{font-family:Poppins, sans-serif;margin-top:1.2em;margin-right:0px;margin-left:0px;font-weight:600;padding:0px;-webkit-font-smoothing:antialiased;font-size:30px;line-height:1.35;text-align:justify;}#icirb{font-family:var(--font-family);-webkit-font-smoothing:antialiased;}#ih9el{font-family:var(--font-family);-webkit-font-smoothing:antialiased;font-size:18px;}#ickjt{font-family:Poppins, sans-serif;margin-right:0px;margin-left:0px;padding:0px;white-space:pre-line;-webkit-font-smoothing:antialiased;text-align:justify;}#i1p7q{font-family:var(--font-family);-webkit-font-smoothing:antialiased;font-size:18px;}#izvhc{font-family:var(--font-family);-webkit-font-smoothing:antialiased;font-size:12pt;}#i7af3{font-family:Poppins, sans-serif;margin-right:0px;margin-left:0px;padding:0px;white-space:pre-line;-webkit-font-smoothing:antialiased;text-align:justify;}#ifeqs{font-family:var(--font-family);-webkit-font-smoothing:antialiased;font-size:12pt;}#iou26{font-family:Poppins, sans-serif;margin-top:1.2em;margin-right:0px;margin-left:0px;font-weight:600;padding:0px;-webkit-font-smoothing:antialiased;font-size:24px;line-height:1.35;text-align:justify;}#iyyp8{font-family:var(--font-family);-webkit-font-smoothing:antialiased;font-size:16px;}#iv1yz{font-family:Poppins, sans-serif;margin-right:0px;margin-left:0px;padding:0px;white-space:pre-line;-webkit-font-smoothing:antialiased;text-align:justify;}#igtcf{font-family:var(--font-family);-webkit-font-smoothing:antialiased;font-size:12pt;}#ivgpi{font-family:Poppins, sans-serif;margin-right:0px;margin-left:0px;padding:0px;white-space:pre-line;-webkit-font-smoothing:antialiased;text-align:justify;}#i0bl2{font-family:var(--font-family);-webkit-font-smoothing:antialiased;font-size:12pt;}#i9pmt{font-family:Poppins, sans-serif;margin-right:0px;margin-left:0px;padding:0px;white-space:pre-line;-webkit-font-smoothing:antialiased;}#ijus2{font-family:var(--font-family);-webkit-font-smoothing:antialiased;font-size:12pt;}#i8lhk{font-family:var(--font-family);margin:0px;padding:0px;display:block;max-width:100%;-webkit-font-smoothing:antialiased;}#i8i2l{font-family:Poppins, sans-serif;margin-top:1.2em;margin-right:0px;margin-left:0px;font-weight:600;padding:0px;-webkit-font-smoothing:antialiased;font-size:24px;line-height:1.35;text-align:justify;}#ihjc7{font-family:var(--font-family);-webkit-font-smoothing:antialiased;font-size:15pt;}#i4ksq{font-family:Poppins, sans-serif;margin-right:0px;margin-left:0px;padding:0px;white-space:pre-line;-webkit-font-smoothing:antialiased;text-align:justify;}#i6glc{font-family:var(--font-family);-webkit-font-smoothing:antialiased;font-size:12pt;}#ig40j{font-family:var(--font-family);font-weight:600;-webkit-font-smoothing:antialiased;}#iko5z{font-family:Poppins, sans-serif;margin-right:0px;margin-left:0px;padding:0px;white-space:pre-line;-webkit-font-smoothing:antialiased;text-align:justify;}#ivxn6{font-family:var(--font-family);-webkit-font-smoothing:antialiased;font-size:12pt;}#i6mj7{font-family:var(--font-family);-webkit-font-smoothing:antialiased;color:rgb(0, 0, 255);}#ich2h{font-family:var(--font-family);color:rgb(0, 0, 255);-webkit-font-smoothing:antialiased;}#ifvsp{font-family:Poppins, sans-serif;margin-right:0px;margin-left:0px;padding:0px;white-space:pre-line;-webkit-font-smoothing:antialiased;text-align:justify;}#i685a{font-family:var(--font-family);-webkit-font-smoothing:antialiased;font-size:12pt;}#id5dc{font-family:var(--font-family);font-weight:600;-webkit-font-smoothing:antialiased;}#i8tky{font-family:Poppins, sans-serif;margin-right:0px;margin-left:0px;padding:0px;white-space:pre-line;-webkit-font-smoothing:antialiased;text-align:justify;}#i2vhn{font-family:var(--font-family);-webkit-font-smoothing:antialiased;font-size:12pt;}#ifk0c{font-family:Poppins, sans-serif;margin-right:0px;margin-left:0px;padding:0px;white-space:pre-line;-webkit-font-smoothing:antialiased;text-align:justify;}#ijulp{font-family:var(--font-family);-webkit-font-smoothing:antialiased;font-size:12pt;}#io77p{font-family:var(--font-family);font-weight:600;-webkit-font-smoothing:antialiased;}#ic07e{font-family:Poppins, sans-serif;margin-right:0px;margin-left:0px;padding:0px;white-space:pre-line;-webkit-font-smoothing:antialiased;text-align:justify;}#i7jkw{font-family:var(--font-family);-webkit-font-smoothing:antialiased;font-size:12pt;}#iw4us{font-family:Poppins, sans-serif;margin-right:0px;margin-left:0px;padding:0px;white-space:pre-line;-webkit-font-smoothing:antialiased;text-align:justify;}#ifpwm{font-family:var(--font-family);-webkit-font-smoothing:antialiased;font-size:12pt;}#izs5i{font-family:var(--font-family);font-weight:600;-webkit-font-smoothing:antialiased;}#itcu1{font-family:Poppins, sans-serif;margin-right:0px;margin-left:0px;padding:0px;white-space:pre-line;-webkit-font-smoothing:antialiased;text-align:justify;}#iiawg{font-family:var(--font-family);-webkit-font-smoothing:antialiased;font-size:12pt;}#iv54s{font-family:Poppins, sans-serif;margin-right:0px;margin-left:0px;padding:0px;white-space:pre-line;-webkit-font-smoothing:antialiased;text-align:justify;}#if81g{font-family:var(--font-family);-webkit-font-smoothing:antialiased;font-size:12pt;}#i8hfo{font-family:var(--font-family);font-weight:600;-webkit-font-smoothing:antialiased;}#i5bms{font-family:Poppins, sans-serif;margin-right:0px;margin-left:0px;padding:0px;white-space:pre-line;-webkit-font-smoothing:antialiased;text-align:justify;}#ic2ma{font-family:var(--font-family);-webkit-font-smoothing:antialiased;font-size:12pt;}#ierrr{font-family:Poppins, sans-serif;margin-right:0px;margin-left:0px;padding:0px;white-space:pre-line;-webkit-font-smoothing:antialiased;text-align:justify;}#i35bg{font-family:var(--font-family);-webkit-font-smoothing:antialiased;font-size:12pt;}#iv2o1{font-family:var(--font-family);font-weight:600;-webkit-font-smoothing:antialiased;}#imwub{font-family:Poppins, sans-serif;margin-right:0px;margin-left:0px;padding:0px;white-space:pre-line;-webkit-font-smoothing:antialiased;text-align:justify;}#ip37h{font-family:var(--font-family);-webkit-font-smoothing:antialiased;font-size:12pt;}</style>', '2022-12-01 17:30:25', 0, 55, 12, 130, 'ml', 'Unit', 0, 1, 22, 3, 979000);
INSERT INTO `product` (`IDProduct`, `NameProduct`, `IDBrand`, `Description`, `CreatedOn`, `IsDeleted`, `Stock`, `TotalPurchaseQuantity`, `Mass`, `UnitsOfMass`, `Units`, `ApplyTaxes`, `StatusSale`, `IDTag`, `IDType`, `ListPrice`) VALUES
(34400161, 'Sữa Dưỡng Chống Lão Hóa Da Yehwadam Heaven Grade Ginseng Rejuvenating Emulsion 145Ml', 6, '<div id=\"i473\"><p id=\"i235\"><span id=\"ijzg\"><span id=\"i2m7\">Công dụng chính: </span>Sữa dưỡng da giàu độ ẩm cải thiện các dấu hiệu lão hóa da. Công thức bổ sung dưỡng chất giúp da mềm mại và mịn màng.</span></p><p id=\"ia8f\"><span id=\"isza\"><span id=\"id6sf\">Thành phần chính:</span> Hồng sâm 6 năm tuổi, hoa mẫu đơn, bột vàng, cải dầu</span></p><p id=\"ibee7\"><span id=\"iz85k\"><span id=\"ibchs\">Loại da sử dụng tốt nhất:</span> Da lão hóa, thiếu sức sống mệt mỏi.</span></p><p id=\"iy0r9\"><span id=\"iwb2l\"><span id=\"iuqti\">(*)Hiệu quả sau khi sử dụng:</span> Dưỡng da trắng hồng, cải thiện nếp nhăn nâng cơ chỉ sau 3 tuần sử dụng</span></p><p id=\"iwbi4\"><span id=\"ikzuq\"><span id=\"i5unf\">Độ tuổi phù hợp:</span> Trên 30 tuổi</span></p><p id=\"iviqg\"><span id=\"i2hrh\"><img src=\"https://file.hstatic.net/1000036599/file/s_a_d__ng_da_yehwadam_heaven_grade_ginseng_rejuvenating_emulsion.png\" id=\"i4lzv\"></span></p><p id=\"ijbpl\"><span id=\"i5dfr\">Để giúp lớp tinh chât cũng như lớp nước trong da được khóa lại. Để giúp bạn có một lớp nền mềm mịn trước khi trang điểm thì không thể thiếu <span id=\"inmvt\"><a href=\"https://thefaceshop.com.vn/collections/emulsion\" target=\"_blank\" rel=\"noopener noreferrer\" title=\"Các sản phẩm sữa dưỡng da THEFACESHOP\" id=\"i832y\">sữa dưỡng da</a></span> – Emulsion. Một bước dưỡng da khá quan trọng, đặc biệt là với những làn da khô hay da trưởng thành lão hóa. Sử dụng sữa dưỡng sau khi thoa tinh chất, thì lớp tinh chất sẽ được sữa dưỡng khóa lại. Nuôi dưỡng giúp làn da rạng rỡ cũng như tăng hiệu quả dưỡng da tốt nhất. Do đó, hãy trang bị cho mình ngay <span id=\"ixifl\">Sữa Dưỡng Chống Lão Hóa Da YEHWADAM HEAVEN GRADE GINSENG REJUVENATING EMULSION</span>. Không chỉ giúp dưỡng ẩm mà còn có khả năng chống lão hóa phục hồi nét thanh xuân cho làn da.</span><span id=\"i10fe\"><span id=\"id72j\"></span></span><br id=\"ir1og\"></p><h2 id=\"iozcj\"><span id=\"i0t5i\">Công dụng chính của YEHWADAM HEAVEN GRADE GINSENG REJUVENATING EMULSION<br id=\"i2tmr\"></span></h2><p id=\"idly2\"><span id=\"ic076\">Kết hợp từ 9 loại thảo mộc quý từ Hàn Quốc như nhân sâm 6 năm tuổi, nấm thông tự nhiên, hoa mẫu đơn, dầu hoa cải,... sữa dưỡng Yehwadam Rejuvenating giúp phục hồi sự trẻ trung với sức mạnh tái sinh của da.&nbsp;Da được dưỡng ẩm sâu trông sáng và &nbsp;trẻ hơn. Hỗ trợ quá trình cấp nước sâu, cân bằng điều tiết dầu. Làn da thông thoáng cải thiện tình trạng mụn viêm và các vấn đề về lỗ chân lông hiệu quả hơn.Đảm bảo dưỡng ẩm cho da lâu dài.</span><br id=\"i33ea\"></p><p id=\"ilgvk\"><span id=\"i21vw\">Sữa dưỡng Yehwadam có kết cấu sệt, tăng gấp đôi khả năng dưỡng ẩm và cấp nước cho da. Khi thoa lên da thấm nhanh không bết, không gây nhờ khó chịu cho làn da.&nbsp;</span></p><p id=\"if9k9\"><span id=\"isi0y\"><span id=\"ie7na\">Yehwadam Rejuvenating Emultion</span> cũng có thể được sử dụng như một lớp lót trước khi trang điểm, điều này sẽ giúp làm mềm da và da sẽ không bị khô khi sử dụng các mỹ phẩm trang điểm. Đây sẽ là lớp áo cứu sinh hoàn hảo cho làn da khô, nhiều nếp nhăn. Bởi sữa dưỡng YehWadam sẽ tập trung cấp ẩm&nbsp;cho làn da căng mịn tràn trề sức sống.</span></p><h2 id=\"ih67p\"><span id=\"i14bf\">Thành phần chính trong dòng YEHWADAM HEAVEN GRADE GINSENG REJUVENATING &nbsp;</span></h2><p id=\"id0za\"><span id=\"iqno3\">&nbsp;</span></p><p id=\"ic8w6\"><span id=\"iy8eg\"><img src=\"https://file.hstatic.net/1000036599/file/th_nh-ph_n-ch_nh-trong-yehwadam-r_u.png\" id=\"inctp\"></span></p><p id=\"iz9yt\"><span id=\"ijs5s\"><span id=\"itbiw\">⇒ GỢI Ý GIẢI PHÁP CHỐNG LÃO HÓA TOÀN DIỆN&nbsp;</span></span><br id=\"igk4h\"></p><p id=\"i60kd\"><span id=\"ij2zg\">Sữa dưỡng là bước khóa ẩm tuyệt vời cho làn da. Để tăng hiệu quả chống lão hóa, phục hồi da tối ưu thì trước khi dùng sữa dưỡng bạn hãy thoa nhẹ một lớp tinh chất. Bởi vì, sau khi da được làn sạch sâu với nước cân bằng, tinh chất được thoa lên sẽ thẩm thấu nhanh chóng vào tế bào da. Và lúc này bạn cần sữa dưỡng để giúp khóa lớp tinh chất tránh bốc hơi, đồng thời tạo hàng rào ẩm trên bề mặt da. Và càng tuyệt vời hơn, nếu bạn thoa nhẹ một lớp kem dưỡng lên bề mặt da. Lúc này lớp tinh chất chống lão hóa, lớp dưỡng ẩm sẽ được bảo vệ, đảm bảo da được hấp thu hoàn toàn dưỡng chất.</span><br id=\"i9uud\"></p><p id=\"iy2wj\"><span id=\"il1pl\"><img src=\"https://file.hstatic.net/1000036599/file/cac-step-emulsiom_4be4d0cffc644bb8bde352d5620e4473.png\" id=\"i18cv\"></span></p><h2 id=\"i253i\"><span id=\"irjhg\">Hướng dẫn sử dụng sữa dưỡng da YEHWADAM<span id=\"i6hzd\"></span></span><br id=\"i6yid\"></h2><p id=\"ibizk\"><span id=\"iahw1\">Sử dụng sau bước tinh chất. Dùng lượng vừa đủ và thoa đều khắp bề mặt da.</span></p><p id=\"iicux\"><span id=\"ia0lh\"><span id=\"i548w\">YEHWADAM REJUVENATING - GỬI LẠI THANH XUÂN CHO LÀN DA</span></span></p><p id=\"i47d5\"><span id=\"in3we\"><img src=\"https://file.hstatic.net/1000036599/file/yehwadam-heaven-grade-ginseng-rejuvenating.png\" id=\"im9rp\"></span></p><p id=\"iu4b5\"><span id=\"i07qh\"><em id=\"ijxew\">(*) Hiệu quả sử dụng sản phẩm có thể khác nhau tùy thuộc vào cơ địa da mỗi người</em></span></p></div><style>* { box-sizing: border-box; } body {margin: 0;}#i473{padding:10px;text-align:justify;}#i235{font-family:Poppins, sans-serif;margin-right:0px;margin-left:0px;padding:0px;white-space:pre-line;-webkit-font-smoothing:antialiased;}#ijzg{font-family:var(--font-family);-webkit-font-smoothing:antialiased;font-size:12pt;}#i2m7{font-family:var(--font-family);font-weight:600;-webkit-font-smoothing:antialiased;}#ia8f{font-family:Poppins, sans-serif;margin-right:0px;margin-left:0px;padding:0px;white-space:pre-line;-webkit-font-smoothing:antialiased;}#isza{font-family:var(--font-family);-webkit-font-smoothing:antialiased;font-size:12pt;}#id6sf{font-family:var(--font-family);font-weight:600;-webkit-font-smoothing:antialiased;}#ibee7{font-family:Poppins, sans-serif;margin-right:0px;margin-left:0px;padding:0px;white-space:pre-line;-webkit-font-smoothing:antialiased;}#iz85k{font-family:var(--font-family);-webkit-font-smoothing:antialiased;font-size:12pt;}#ibchs{font-family:var(--font-family);font-weight:600;-webkit-font-smoothing:antialiased;}#iy0r9{font-family:Poppins, sans-serif;margin-right:0px;margin-left:0px;padding:0px;white-space:pre-line;-webkit-font-smoothing:antialiased;}#iwb2l{font-family:var(--font-family);-webkit-font-smoothing:antialiased;font-size:12pt;}#iuqti{font-family:var(--font-family);font-weight:600;-webkit-font-smoothing:antialiased;}#iwbi4{font-family:Poppins, sans-serif;margin-right:0px;margin-left:0px;padding:0px;white-space:pre-line;-webkit-font-smoothing:antialiased;}#ikzuq{font-family:var(--font-family);-webkit-font-smoothing:antialiased;font-size:12pt;}#i5unf{font-family:var(--font-family);font-weight:600;-webkit-font-smoothing:antialiased;}#iviqg{font-family:Poppins, sans-serif;margin-right:0px;margin-left:0px;padding:0px;white-space:pre-line;-webkit-font-smoothing:antialiased;}#i2hrh{font-family:var(--font-family);-webkit-font-smoothing:antialiased;font-size:12pt;}#i4lzv{font-family:var(--font-family);margin:0px;padding:0px;display:block;max-width:100%;-webkit-font-smoothing:antialiased;}#ijbpl{font-family:Poppins, sans-serif;margin-right:0px;margin-left:0px;padding:0px;white-space:pre-line;-webkit-font-smoothing:antialiased;text-align:justify;}#i5dfr{font-family:var(--font-family);-webkit-font-smoothing:antialiased;font-size:12pt;}#inmvt{font-family:var(--font-family);-webkit-font-smoothing:antialiased;color:rgb(0, 0, 255);}#i832y{font-family:var(--font-family);color:rgb(0, 0, 255);-webkit-font-smoothing:antialiased;}#ixifl{font-family:var(--font-family);font-weight:600;-webkit-font-smoothing:antialiased;}#i10fe{font-family:var(--font-family);-webkit-font-smoothing:antialiased;font-size:12pt;color:rgb(128, 0, 0);}#id72j{font-family:var(--font-family);font-weight:600;-webkit-font-smoothing:antialiased;}#ir1og{font-family:var(--font-family);-webkit-font-smoothing:antialiased;}#iozcj{font-family:Poppins, sans-serif;margin-top:1.2em;margin-right:0px;margin-left:0px;font-weight:600;padding:0px;-webkit-font-smoothing:antialiased;font-size:30px;line-height:1.35;text-align:justify;}#i0t5i{font-family:var(--font-family);-webkit-font-smoothing:antialiased;font-size:20pt;}#i2tmr{font-family:var(--font-family);-webkit-font-smoothing:antialiased;}#idly2{font-family:Poppins, sans-serif;margin-right:0px;margin-left:0px;padding:0px;white-space:pre-line;-webkit-font-smoothing:antialiased;text-align:justify;}#ic076{font-family:var(--font-family);-webkit-font-smoothing:antialiased;font-size:12pt;}#i33ea{font-family:var(--font-family);-webkit-font-smoothing:antialiased;}#ilgvk{font-family:Poppins, sans-serif;margin-right:0px;margin-left:0px;padding:0px;white-space:pre-line;-webkit-font-smoothing:antialiased;text-align:justify;}#i21vw{font-family:var(--font-family);-webkit-font-smoothing:antialiased;font-size:12pt;}#if9k9{font-family:Poppins, sans-serif;margin-right:0px;margin-left:0px;padding:0px;white-space:pre-line;-webkit-font-smoothing:antialiased;text-align:justify;}#isi0y{font-family:var(--font-family);-webkit-font-smoothing:antialiased;font-size:12pt;}#ie7na{font-family:var(--font-family);font-weight:600;-webkit-font-smoothing:antialiased;}#ih67p{font-family:Poppins, sans-serif;margin-top:1.2em;margin-right:0px;margin-left:0px;font-weight:600;padding:0px;-webkit-font-smoothing:antialiased;font-size:30px;line-height:1.35;text-align:justify;}#i14bf{font-family:var(--font-family);-webkit-font-smoothing:antialiased;font-size:20pt;}#id0za{font-family:Poppins, sans-serif;margin-right:0px;margin-left:0px;padding:0px;white-space:pre-line;-webkit-font-smoothing:antialiased;text-align:justify;}#iqno3{font-family:var(--font-family);-webkit-font-smoothing:antialiased;font-size:12pt;}#ic8w6{font-family:Poppins, sans-serif;margin-right:0px;margin-left:0px;padding:0px;white-space:pre-line;-webkit-font-smoothing:antialiased;}#iy8eg{font-family:var(--font-family);-webkit-font-smoothing:antialiased;font-size:12pt;}#inctp{font-family:var(--font-family);margin:0px;padding:0px;display:block;max-width:100%;-webkit-font-smoothing:antialiased;}#iz9yt{font-family:Poppins, sans-serif;margin-right:0px;margin-left:0px;padding:0px;white-space:pre-line;-webkit-font-smoothing:antialiased;text-align:justify;}#ijs5s{font-family:var(--font-family);-webkit-font-smoothing:antialiased;text-decoration-line:underline;font-size:12pt;}#itbiw{font-family:var(--font-family);font-weight:600;-webkit-font-smoothing:antialiased;}#igk4h{font-family:var(--font-family);-webkit-font-smoothing:antialiased;}#i60kd{font-family:Poppins, sans-serif;margin-right:0px;margin-left:0px;padding:0px;white-space:pre-line;-webkit-font-smoothing:antialiased;text-align:justify;}#ij2zg{font-family:var(--font-family);-webkit-font-smoothing:antialiased;font-size:12pt;}#i9uud{font-family:var(--font-family);-webkit-font-smoothing:antialiased;}#iy2wj{font-family:Poppins, sans-serif;margin-right:0px;margin-left:0px;padding:0px;white-space:pre-line;-webkit-font-smoothing:antialiased;}#il1pl{font-family:var(--font-family);-webkit-font-smoothing:antialiased;font-size:12pt;}#i18cv{font-family:var(--font-family);margin:0px;padding:0px;display:block;max-width:100%;-webkit-font-smoothing:antialiased;}#i253i{font-family:Poppins, sans-serif;margin-top:1.2em;margin-right:0px;margin-left:0px;font-weight:600;padding:0px;-webkit-font-smoothing:antialiased;font-size:30px;line-height:1.35;text-align:justify;}#irjhg{font-family:var(--font-family);-webkit-font-smoothing:antialiased;font-size:20pt;}#i6hzd{font-family:\"Open Sans\", \"Helvetica Neue\", Helvetica, Arial, sans-serif;-webkit-font-smoothing:antialiased;color:rgb(55, 64, 78);text-align:start;}#i6yid{font-family:var(--font-family);-webkit-font-smoothing:antialiased;}#ibizk{font-family:Poppins, sans-serif;margin-right:0px;margin-left:0px;padding:0px;white-space:pre-line;-webkit-font-smoothing:antialiased;text-align:justify;}#iahw1{font-family:var(--font-family);-webkit-font-smoothing:antialiased;font-size:12pt;}#iicux{font-family:Poppins, sans-serif;margin-right:0px;margin-left:0px;padding:0px;white-space:pre-line;-webkit-font-smoothing:antialiased;text-align:justify;}#ia0lh{font-family:var(--font-family);-webkit-font-smoothing:antialiased;font-size:12pt;}#i548w{font-family:var(--font-family);font-weight:600;-webkit-font-smoothing:antialiased;}#i47d5{font-family:Poppins, sans-serif;margin-right:0px;margin-left:0px;padding:0px;white-space:pre-line;-webkit-font-smoothing:antialiased;}#in3we{font-family:var(--font-family);-webkit-font-smoothing:antialiased;font-size:12pt;}#im9rp{font-family:var(--font-family);margin:0px;padding:0px;display:block;max-width:100%;-webkit-font-smoothing:antialiased;}#iu4b5{font-family:Poppins, sans-serif;margin-right:0px;margin-left:0px;padding:0px;white-space:pre-line;-webkit-font-smoothing:antialiased;}#i07qh{font-family:var(--font-family);-webkit-font-smoothing:antialiased;font-size:12pt;}#ijxew{font-family:var(--font-family);-webkit-font-smoothing:antialiased;}</style>', '2022-12-01 17:41:37', 0, 140, 10, 145, 'ml', 'Unit', 0, 1, 24, 3, 2039000),
(34400297, 'Nước Cân Bằng Cấp Ẩm Yehwadam Artemisia Soothing Moisturizing Toner 180ml', 6, '<p><img src=\"https://file.hstatic.net/1000036599/file/yehwadam_artemisia_soothing_moisturizing_group_3_f0332f93763447d4aaa4e2d0beaba718.jpg\"></p><h2 style=\"text-align: justify;\"><strong>“Dưỡng ẩm” giúp xây dựng &amp; củng cố làn da khỏe đẹp</strong></h2><p style=\"text-align: justify;\">Cân bằng lượng dầu và nước sẽ giúp bạn sở hữu làn da đủ khỏe để đẹp. Đối với da khô, lượng dầu tiết ra ít hơn vì thiếu ẩm sẽ khiến bề mặt da trong trạng thái sần sùi, căng rát, bong tróc kém mịn màng... Trong khi đó, làn da dầu thiếu ẩm trở nên bóng nhờn, gây bít tắc chân lông, sinh mụn và lâu dần vùng da sẽ xỉn màu.</p><p style=\"text-align: justify;\">Dưỡng ẩm là nhu cầu cần thiết đối với làn da. Đó là cấp nước, xây dựng &amp; củng cố hàng rào ẩm nhằm khắc phục tình trạng da yếu kém, thiếu sức sống. Đồng thời tăng cường khả năng tự bảo vệ, phòng tránh các tác hại từ bên ngoài (ô nhiễm, ánh nắng, nhiệt độ, vi khuẩn… khiến da trở nên nhạy cảm, dễ tổn thương và nhanh lão hóa).</p><p style=\"text-align: justify;\"><strong>Yehwadam Artemisia Soothing</strong> <strong>Moisturizing</strong> là dòng sản phẩm thảo mộc chuyên “cấp nước dưỡng ẩm”, làm dịu mát làn da mang lại khả năng chống oxy hóa giúp sắc diện da tươi sáng mịn màng. Đặc biệt da dầu mụn, thiếu ẩm cần tái phục hồi thì dòng sản phẩm này trở thành lựa chọn ưu tiên đáng tin cậy.</p><p style=\"text-align: justify;\"><br></p><h3 style=\"text-align: justify;\"><span style=\"font-size: 15pt;\"><strong>Thành phần đặc trưng trong Dòng dưỡng ẩm Yehwadam Artemisia Soothing Moisturizing</strong></span></h3><p><img src=\"https://file.hstatic.net/1000036599/file/yehwadam_artemisia_soothing_moisturizing_8_a90dab293b7a416492495f6492f8e50e.jpg\"></p><p style=\"text-align: justify;\"><br></p><h2 style=\"text-align: justify;\"><strong>Công dụng chính của Nước cân bằng Yehwadam Artemisia Soothing Moisturizing Toner</strong></h2><p style=\"text-align: justify;\">- Sản phẩm làm dịu da tức thì, đồng thời cấp ẩm và cân bằng độ pH cho làn da. Góp phần tăng cường sinh khí và bảo vệ da khỏe khoắn, tươi tắn.</p><p style=\"text-align: justify;\">- Thành phần đường lên men tự nhiên giúp hút &amp; giữ nước tạo thành ma trận tinh thể nước dưới da, tái lập hàng rào bảo vệ độ ẩm tự nhiên cho làn da luôn ẩm mịn.</p><p style=\"text-align: justify;\">- Kết cấu dạng nước lỏng nhẹ, có khả năng thẩm thấu nhanh trên da</p><p style=\"text-align: justify;\">- Ít bết dính, không gây nhờn mang lại cảm giác mịn màng, mượt mà khi sử dụng</p><p style=\"text-align: justify;\">- Đặc biệt thích hợp cho làn da dầu, da mất độ ẩm, dễ nổi mụn hoặc da xỉn màu thiếu sức sống.</p><p><img src=\"https://file.hstatic.net/1000036599/file/yehwadam_artemisia_soothing_moisturizing_toner_2_c85481280b9f40a08933d28b3d85560c.jpg\"></p><h3 style=\"text-align: justify;\"><span style=\"font-size: 15pt;\"><strong>3 điểm nổi bật của Dòng sản phẩm</strong> <strong>Yehwadam Artemisia Soothing Moisturizing</strong></span></h3><p><br></p><p style=\"text-align: justify;\"><strong><em>Làm dịu da tức thì</em></strong></p><p style=\"text-align: justify;\">“Giải nhiệt” cho làn da nhờ khả năng làm mát &amp; làm dịu nhiệt độ trên da, do tác động của môi trường (đặc biệt là sau khi đi nắng). Đối với làn da khô thiếu ẩm, có hiện tượng nóng trên bề mặt da sẽ dễ dàng sinh mụn. <strong>Yehwadam Artemisia Soothing Moisturizing </strong>với thành phần diếp cá đặc biệt (tại Hàn Quốc) sẽ giúp hạ nhiệt, đưa da trở về trạng thái cân bằng và tạo sự dịu mát cho bề mặt da.</p><p style=\"text-align: justify;\"><strong><em>Dưỡng ẩm sâu</em></strong></p><p style=\"text-align: justify;\">Một trong những khả năng vượt trội của Dòng dưỡng da thảo mộc <strong>Yehwadam Artemisia </strong>chính là cấp nước sâu, cân bằng độ ẩm tự nhiên cho làn da. Giúp phục hồi và củng cố hàng rào ẩm, tăng cường sinh khí cho làn da nhờ khả năng duy trì ẩm, bảo vệ bề mặt da tránh hiện tượng mất nước, xuất hiện nếp nhăn li li và da xỉn màu.</p><p style=\"text-align: justify;\"><strong><em>Chống oxy hóa – tăng cường sinh khí làn da</em></strong></p><p style=\"text-align: justify;\">Với sự giàu có vitamin &amp; khoáng chất của thành phần đặc biệt trong ngải cứu, sẽ giúp làn da được nuôi dưỡng sâu bên trong, tăng cường sinh khí và khả năng tái tạo cho làn da khỏe đẹp, tươi sáng toàn diện.</p><p style=\"text-align: justify;\"><img src=\"https://file.hstatic.net/1000036599/file/yehwadam_artemisia_soothing__60d84e1cf8ef4897ad992c2a359c7a8a.jpg\"></p><h3 style=\"text-align: justify;\"><strong>Hướng dẫn sử dụng toner</strong></h3><p style=\"text-align: justify;\">Dùng trên làn da sạch, sau khi rửa mặt.</p><p style=\"text-align: justify;\">Lấy nước cân bằng ra bông cotton và thoa lên da nhẹ nhàng theo chiều cấu tạo.</p><p><img src=\"https://file.hstatic.net/1000036599/file/yehwadam_artemisia_soothing_moisturizing_6_97cef9bddc5a43459bbe215f3ac70c44.jpg\"></p>', '2022-12-01 17:26:27', 0, 93, 38, 180, 'ml', 'Unit', 0, 1, 22, 3, 1839000),
(34420128, 'Kem Dưỡng Da Phục Hồi Da Dr.Belmeur Advanced Cica Recovery Cream 50ml', 3, '<div id=\"il15\"><p id=\"io4w\"><span id=\"iq0l\"><img src=\"https://file.hstatic.net/1000036599/file/kem_duong_da_dr_belmeur_advanced_cica_recovery_cream_1_3a4f1d152c7a47198b4cc3f81a8339b1.png\" id=\"i59g\"></span></p><h2 id=\"ilbj\"><span id=\"i4te\"><span id=\"ismg\">Công dụng chính của kem dưỡng phục hồi da DR.BELMEUR</span><br id=\"imiyh\"></span></h2><p id=\"i2cyh\"><span id=\"iyqqz\"><br id=\"icqjx\"><a href=\"https://thefaceshop.com.vn/collections/cream\" title=\"Sản phẩm kem dưỡng da TFS\" id=\"iff9b\">Kem dưỡng da</a> với thành phần chính chứa axit hyaluronic, ceramide, panthenol được sử dụng công thức Skin-sync Rx giúp phục hồi và duy trì độ ẩm từ các lớp sâu bên trong da. Kết cấu dạng kem nhẹ tạo lớp màng độ ẩm bao phủ bảo vệ da cải thiện tình trạng khô da do mất độ ẩm.&nbsp;</span></p><p id=\"ii0s1\"><span id=\"ipupr\"><img src=\"https://file.hstatic.net/1000036599/file/kem_duong_da_dr_belmeur_advanced_cica_recovery_cream_305e29434f3e4c6facd5a686b529024e.jpg\" id=\"iou08\"></span></p><h2 id=\"i0chf\"><span id=\"iio4b\"><span id=\"i1vxe\">Thành phần chính của DR.BELMEUR ADVANCED CICA RECOVERY CREAM</span><br id=\"i78aw\"></span></h2><p id=\"ihfck\"><span id=\"it0mw\"><br id=\"iun5g\">Thành phần chính chứa axit hyaluronic, ceramide, panthenol được sử dụng công thức Skin-sync Rx giúp phục hồi và duy trì độ ẩm từ các lớp sâu bên trong da. Tạo lớp màng độ ẩm bao phủ bảo vệ da cải thiện tình trạng khô da do mất độ ẩm.<br id=\"ikxzg\"><br id=\"irbpg\"></span></p><h2 id=\"iz5fl\"><span id=\"iga0q\"><span id=\"ig8vg\">Cách sử dụng kem dưỡng DR.BELMEUR</span><br id=\"i3d7z\"></span></h2><p id=\"ijx9h\"><span id=\"i7x1q\"><br id=\"ifpkv\">Lấy lượng vừa đủ và thoa đều trên bề mặt da. Có thể kết hợp vỗ nhẹ và áp lòng bàn tay lên da để giúp sản phẩm thẩm thấu tốt hơn.<br id=\"itr6g\"><br id=\"i7yyj\"></span></p><h2 id=\"ify0z\"><span id=\"i1ul9\">Bí quyết phục hồi da nhanh chóng từ&nbsp;DR. BELMEUR CICA&nbsp;</span></h2><p id=\"ipu8r\"><span id=\"imrev\"><span id=\"ilko9\"></span></span><br id=\"i9as6\"></p><p id=\"igea7\"><span id=\"i6v6q\"><img src=\"https://file.hstatic.net/1000036599/file/kem_duong_da_dr_belmeur_advanced_cica_recovery_cream_5_7870a8200ec04e67abafa0fbd91fb4a9.jpg\" id=\"ije4l\"></span></p><p id=\"ityyu\"><span id=\"itn3h\">Da tiếp xúc với nhiều tác nhân như khói bụi, mỹ phẩm, ánh nắng mặt trời. Tác động này làm cho độ ẩm trong da bốc hơi nhanh hơn, tạo ra khoảng trống giữa hàng rào bảo vệ da. Da trở nên khô và dễ kích ứng hơn bởi sự kích thích bên ngoài. Lúc này sự kết hợp giữa&nbsp;<span id=\"i1atp\">Tinh chất Dr.Belmeur&nbsp;</span><span id=\"i2apq\">Cica Peptite Ampoule</span>&nbsp;và&nbsp;<span id=\"ie7rf\">Kem Dưỡng Da DR.Belmeur Adcanced Cica Recovery Cream</span> của <a href=\"https://thefaceshop.com.vn/\" title=\"Mua Sắm THEFACESHOP Chính Hãng Việt Nam\" id=\"i0c9j\">THEFACESHOP</a><span id=\"ikxji\"> </span>sẽ phục hồi bề mặt da bị tổn thương và sửa chữa hàng rào bảo vệ. Làn da sẽ trở nên mịn màng và đàn hồi săn chắc hơn.<br id=\"is9t7\"></span></p><p id=\"ifhl3\"><span id=\"ijepy\"><img src=\"https://file.hstatic.net/1000036599/file/kem_duong_da_dr_belmeur_advanced_cica_recovery_cream_2_4c4b24d9aac141028b97523f5033b65e.png\" id=\"i7m74\"></span></p></div><style>* { box-sizing: border-box; } body {margin: 0;}*{box-sizing:border-box;}body{margin-top:0px;margin-right:0px;margin-bottom:0px;margin-left:0px;}#il15{padding-top:10px;padding-right:10px;padding-bottom:10px;padding-left:10px;text-align:justify;}#io4w{font-family:Poppins, sans-serif;margin-right:0px;margin-left:0px;padding-top:0px;padding-right:0px;padding-bottom:0px;padding-left:0px;white-space:pre-line;-webkit-font-smoothing:antialiased;}#iq0l{font-family:var(--font-family);-webkit-font-smoothing:antialiased;font-size:12pt;}#i59g{font-family:var(--font-family);margin-top:0px;margin-right:0px;margin-bottom:0px;margin-left:0px;padding-top:0px;padding-right:0px;padding-bottom:0px;padding-left:0px;display:block;max-width:100%;-webkit-font-smoothing:antialiased;}#ilbj{font-family:Poppins, sans-serif;margin-top:1.2em;margin-right:0px;margin-left:0px;font-weight:600;padding-top:0px;padding-right:0px;padding-bottom:0px;padding-left:0px;-webkit-font-smoothing:antialiased;font-size:30px;line-height:1.35;}#i4te{font-family:var(--font-family);-webkit-font-smoothing:antialiased;font-size:12pt;}#ismg{font-family:var(--font-family);-webkit-font-smoothing:antialiased;font-size:20pt;}#imiyh{font-family:var(--font-family);-webkit-font-smoothing:antialiased;}#i2cyh{font-family:Poppins, sans-serif;margin-right:0px;margin-left:0px;padding-top:0px;padding-right:0px;padding-bottom:0px;padding-left:0px;white-space:pre-line;-webkit-font-smoothing:antialiased;}#iyqqz{font-family:var(--font-family);-webkit-font-smoothing:antialiased;font-size:12pt;}#icqjx{font-family:var(--font-family);-webkit-font-smoothing:antialiased;}#iff9b{font-family:var(--font-family);color:rgb(44, 53, 70);-webkit-font-smoothing:antialiased;}#ii0s1{font-family:Poppins, sans-serif;margin-right:0px;margin-left:0px;padding-top:0px;padding-right:0px;padding-bottom:0px;padding-left:0px;white-space:pre-line;-webkit-font-smoothing:antialiased;}#ipupr{font-family:var(--font-family);-webkit-font-smoothing:antialiased;font-size:12pt;}#iou08{font-family:var(--font-family);margin-top:0px;margin-right:0px;margin-bottom:0px;margin-left:0px;padding-top:0px;padding-right:0px;padding-bottom:0px;padding-left:0px;display:block;max-width:100%;-webkit-font-smoothing:antialiased;}#i0chf{font-family:Poppins, sans-serif;margin-top:1.2em;margin-right:0px;margin-left:0px;font-weight:600;padding-top:0px;padding-right:0px;padding-bottom:0px;padding-left:0px;-webkit-font-smoothing:antialiased;font-size:30px;line-height:1.35;}#iio4b{font-family:var(--font-family);-webkit-font-smoothing:antialiased;font-size:12pt;}#i1vxe{font-family:var(--font-family);-webkit-font-smoothing:antialiased;font-size:20pt;}#i78aw{font-family:var(--font-family);-webkit-font-smoothing:antialiased;}#ihfck{font-family:Poppins, sans-serif;margin-right:0px;margin-left:0px;padding-top:0px;padding-right:0px;padding-bottom:0px;padding-left:0px;white-space:pre-line;-webkit-font-smoothing:antialiased;}#it0mw{font-family:var(--font-family);-webkit-font-smoothing:antialiased;font-size:12pt;}#iun5g{font-family:var(--font-family);-webkit-font-smoothing:antialiased;}#ikxzg{font-family:var(--font-family);-webkit-font-smoothing:antialiased;}#irbpg{font-family:var(--font-family);-webkit-font-smoothing:antialiased;}#iz5fl{font-family:Poppins, sans-serif;margin-top:1.2em;margin-right:0px;margin-left:0px;font-weight:600;padding-top:0px;padding-right:0px;padding-bottom:0px;padding-left:0px;-webkit-font-smoothing:antialiased;font-size:30px;line-height:1.35;}#iga0q{font-family:var(--font-family);-webkit-font-smoothing:antialiased;font-size:12pt;}#ig8vg{font-family:var(--font-family);-webkit-font-smoothing:antialiased;font-size:20pt;}#i3d7z{font-family:var(--font-family);-webkit-font-smoothing:antialiased;}#ijx9h{font-family:Poppins, sans-serif;margin-right:0px;margin-left:0px;padding-top:0px;padding-right:0px;padding-bottom:0px;padding-left:0px;white-space:pre-line;-webkit-font-smoothing:antialiased;}#i7x1q{font-family:var(--font-family);-webkit-font-smoothing:antialiased;font-size:12pt;}#ifpkv{font-family:var(--font-family);-webkit-font-smoothing:antialiased;}#itr6g{font-family:var(--font-family);-webkit-font-smoothing:antialiased;}#i7yyj{font-family:var(--font-family);-webkit-font-smoothing:antialiased;}#ify0z{font-family:Poppins, sans-serif;margin-top:1.2em;margin-right:0px;margin-left:0px;font-weight:600;padding-top:0px;padding-right:0px;padding-bottom:0px;padding-left:0px;-webkit-font-smoothing:antialiased;font-size:30px;line-height:1.35;}#i1ul9{font-family:var(--font-family);-webkit-font-smoothing:antialiased;font-size:20pt;}#ipu8r{font-family:Poppins, sans-serif;margin-right:0px;margin-left:0px;padding-top:0px;padding-right:0px;padding-bottom:0px;padding-left:0px;white-space:pre-line;-webkit-font-smoothing:antialiased;}#imrev{font-family:var(--font-family);-webkit-font-smoothing:antialiased;font-size:12pt;}#ilko9{font-family:var(--font-family);font-weight:600;-webkit-font-smoothing:antialiased;}#i9as6{font-family:var(--font-family);-webkit-font-smoothing:antialiased;}#igea7{font-family:Poppins, sans-serif;margin-right:0px;margin-left:0px;padding-top:0px;padding-right:0px;padding-bottom:0px;padding-left:0px;white-space:pre-line;-webkit-font-smoothing:antialiased;}#i6v6q{font-family:var(--font-family);-webkit-font-smoothing:antialiased;font-size:12pt;}#ije4l{font-family:var(--font-family);margin-top:0px;margin-right:0px;margin-bottom:0px;margin-left:0px;padding-top:0px;padding-right:0px;padding-bottom:0px;padding-left:0px;display:block;max-width:100%;-webkit-font-smoothing:antialiased;}#ityyu{font-family:Poppins, sans-serif;margin-right:0px;margin-left:0px;padding-top:0px;padding-right:0px;padding-bottom:0px;padding-left:0px;white-space:pre-line;-webkit-font-smoothing:antialiased;}#itn3h{font-family:var(--font-family);-webkit-font-smoothing:antialiased;font-size:12pt;}#i1atp{font-family:var(--font-family);font-weight:600;-webkit-font-smoothing:antialiased;}#i2apq{font-family:var(--font-family);font-weight:600;-webkit-font-smoothing:antialiased;}#ie7rf{font-family:var(--font-family);font-weight:600;-webkit-font-smoothing:antialiased;}#i0c9j{font-family:var(--font-family);color:rgb(44, 53, 70);-webkit-font-smoothing:antialiased;}#ikxji{font-family:var(--font-family);font-weight:600;-webkit-font-smoothing:antialiased;}#is9t7{font-family:var(--font-family);-webkit-font-smoothing:antialiased;}#ifhl3{font-family:Poppins, sans-serif;margin-right:0px;margin-left:0px;padding-top:0px;padding-right:0px;padding-bottom:0px;padding-left:0px;white-space:pre-line;-webkit-font-smoothing:antialiased;}#ijepy{font-family:var(--font-family);-webkit-font-smoothing:antialiased;font-size:12pt;}#i7m74{font-family:var(--font-family);margin-top:0px;margin-right:0px;margin-bottom:0px;margin-left:0px;padding-top:0px;padding-right:0px;padding-bottom:0px;padding-left:0px;display:block;max-width:100%;-webkit-font-smoothing:antialiased;}</style>', '2022-12-01 17:41:25', 0, 56, 26, 50, 'ml', 'Unit', 0, 1, 26, 3, 1249000),
(34420295, 'Mặt Nạ Giấy Làm Dịu Da Dr.Belmeur Intense Face Mask - Spot Care 30ml', 3, '<div id=\"iyog\"><p id=\"iphi\"><strong><em>- Công dụng chính</em></strong><em>: Mặt nạ giấy giúp làm dịu làn da căng thẳng, đồng thời hỗ trợ kiểm soát dầu thừa, chăm sóc làn da mềm mại khỏe khoắn</em></p><p id=\"ixkk\"><strong><em>- Loại da sử dụng tốt nhất:</em></strong><em> Da nhạy cảm, da dầu</em></p><p id=\"iw28o\"><strong><em>- Thành phần chính:</em></strong><em> Beta-glucan, peptide</em></p><p></p><p><br></p><p id=\"imdgg\">Dr.Belmeur là “bác sĩ” của làn da nhạy cảm, với các sản phẩm chăm sóc cải thiện &amp; nuôi dưỡng làn da trở nên khỏe khoắn mịn màng. <strong>Mặt nạ giấy Dr.Belmeur Intense Face Mask Spot Care </strong>chứa tinh chất dạng ampoule cho khả năng thẩm thấu dưỡng chất vào sâu bên trong, đẩy mạnh hiệu quả làm giảm căng thẳng cho làn da nhạy cảm đồng thời chăm sóc bề mặt da ẩm mịn, kiềm dầu.</p><p id=\"ib05g\">Mặt nạ giấy <strong>Dr.Belmeur Intense Face Mask Spot Care </strong>sở hữu công thức Skin-sync Rx™: Clarifying (I) giúp hỗ trợ các dưỡng chất có trong mặt nạ đi sâu vào trong, tiếp cận các lớp hạ bì nhằm bổ sung độ ẩm, củng cố hàng rào bảo vệ da tự nhiên. Các vitamin và peptide sẽ nuôi dưỡng các tế bào khỏe mạnh, xoa dịu và làm giảm những căng thẳng đang xảy ra ở làn da do mất độ ẩm cũng như chịu tác động từ môi trường bên ngoài.</p><p id=\"iq9dp\">Bên cạnh đó, <strong>Dr.Belmeur Intense Face Mask Spot Care </strong>góp phần kiểm soát bã nhờn trên bề mặt da, duy trì vẻ mịn màng khỏe khoắn cho làn da nhạy cảm.</p><p><img data-cke-saved-src=\"https://file.hstatic.net/1000036599/file/dr.belmeur_intense_face_mask_spot_care_30ml_4_d24c7fec28124ef799a1867968855886.png\" src=\"https://file.hstatic.net/1000036599/file/dr.belmeur_intense_face_mask_spot_care_30ml_4_d24c7fec28124ef799a1867968855886.png\"></p><h2 id=\"i5i5g\"><strong>Điểm nổi bật của Mặt nạ giấy Dr.Belmeur Intense Face Mask Spot Care</strong></h2><p id=\"iukcx\">- Với công thức Cica Peptide Ampoule thẩm thấu vượt trội, cho hiệu quả tối đa tận sâu các lớp biểu bì da.</p><p id=\"i6jtm\">- Công thức Skin-sync Rx™: kích thích dưỡng chất thâm nhập sâu vào da, tạo ra hàng rào bảo vệ da khỏe mạnh.</p><p id=\"ipxtx\">- Mặt nạ chứa Beta-glucan giúp làm dịu và giải tỏa căng thẳng cho làn da nhạy cảm, kích ứng đồng thời hỗ trợ kiểm soát nhờn, chăm sóc bề mặt da mịn màng khỏe khoắn.</p><p id=\"iu8ag\">- Chiết xuất Nấm Chaga (chứa glycoprotein): giảm viêm, chống khuẩn, chống oxy hóa.</p><p id=\"iz50g\"><br></p><h3 id=\"if5yc\"><strong>Hướng dẫn sử dụng</strong></h3><p id=\"iov8h\">Sử dụng mặt nạ trên làn da sạch. Lấy Mask ra khỏi bao và trải đều lên mặt, để yên khoảng 10-20ph thì gỡ ra. Sau đó dùng các đầu ngón tay vỗ nhẹ và massage cho dưỡng chất thẩm thấu vào trong (không cần rửa mặt lại với nước).</p><p><img data-cke-saved-src=\"https://file.hstatic.net/1000036599/file/dr.belmeur_intense_face_mask_spot_care_30ml_1_73b0fcfd90ca479ab3769cc089c79f7f.png\" src=\"https://file.hstatic.net/1000036599/file/dr.belmeur_intense_face_mask_spot_care_30ml_1_73b0fcfd90ca479ab3769cc089c79f7f.png\"></p></div><style>* { box-sizing: border-box; } body {margin: 0;}#iyog{padding:10px;text-align:justify;}#iphi{text-align:justify;}#ixkk{text-align:justify;}#iw28o{text-align:justify;}#imdgg{text-align:justify;}#ib05g{text-align:justify;}#iq9dp{text-align:justify;}#i5i5g{text-align:justify;}#iukcx{text-align:justify;}#i6jtm{text-align:justify;}#ipxtx{text-align:justify;}#iu8ag{text-align:justify;}#iz50g{text-align:justify;}#if5yc{text-align:justify;}#iov8h{text-align:justify;}</style>', '2022-12-01 17:38:19', 0, 33, 14, 30, 'ml', 'Unit', 0, 1, 31, 3, 149000),
(34420310, 'Son Dưỡng Môi Có Màu Dr.Belmeur Advanced Cica Touch Lip Balm 5.5G', 3, '<p style=\"text-align: justify;\"><strong><em>Công dụng chính</em></strong><em>: Son dưỡng môi có màu Dr.Belmeur Advanced Cica Touch Lip Balm cung cấp độ ẩm cao cho bờ môi, làm lành vùng môi tổn thương do thiếu ẩm, mang lại đôi môi khỏe khoắn, mịn màng.</em></p><p style=\"text-align: justify;\"><strong><em>Hiệu ứng:</em></strong><em> có màu, ẩm mịn tươi tắn.</em></p><p><img src=\"https://file.hstatic.net/1000036599/file/dr.belmeur_advanced_cica_touch_lip_balm_1_d2d1f3f7ab0d45afb1863a646cd5a4f7.jpg\" alt=\"Son Dưỡng Môi Có Màu DR.BELMEUR ADVANCED CICA TOUCH LIP BALM 5.5g\"></p><p style=\"text-align: justify;\">Dr.Belmeur Advanced Cica Touch Lip Balm là dòng son dưỡng có màu đa năng với thành phần thiên nhiên cực kì lành tính. Son dưỡng có khả năng dưỡng ẩm, phục hồi tổn thương và chống lão hoá cho bờ môi. Đồng thời giúp lấy lại độ mềm mượt, căng mướt cho những môi khô, bong tróc, nứt nẻ.</p><p style=\"text-align: justify;\">Công thức Hypoallergenic giúp son dưỡng môi có màu Dr.Belmeur Advanced Cica Touch Lip Balm cấp ẩm tuyệt đối nhưng không gây cảm giác nặng môi. Mang lại sự thoải mái với màu sắc dưỡng nhẹ nhàng tự nhiên chỉ sau một lần chạm.</p><p style=\"text-align: justify;\"><strong>Bảng màu</strong></p><p><img src=\"https://file.hstatic.net/1000036599/file/dr.belmeur_advanced_cica_touch_lip_balm_4_efd2906dc3b044339873fe20d29348be.jpg\" alt=\"Son Dưỡng Môi Có Màu DR.BELMEUR ADVANCED CICA TOUCH LIP BALM 1\"></p><p><img src=\"https://file.hstatic.net/1000036599/file/dr.belmeur_advanced_cica_touch_lip_balm_2_b72bae417ba64174953141cbf5a3d0d8.jpg\" alt=\"Son Dưỡng Môi Có Màu DR.BELMEUR ADVANCED CICA TOUCH LIP BALM\"></p><p style=\"text-align: justify;\"><strong>Hướng dẫn sử dụng</strong></p><p style=\"text-align: justify;\">Sử dụng khi cần thiết.</p><p style=\"text-align: justify;\">- Sau khi tẩy tế bào chết môi</p><p style=\"text-align: justify;\">- Trước lớp son màu</p><p style=\"text-align: justify;\">- Hoặc khi môi khô<br></p>', '2022-12-01 17:36:40', 0, 86, 43, 5, 'gam', 'Unit', 0, 1, 16, 3, 1047000),
(36000041, '[FMGT] Son Thỏi Dưỡng Ẩm ROUGE SATIN MOISTURE 3.6g', 4, '<p style=\"text-align: justify;\"><span style=\"font-size: 12pt;\">Đối với những cô nàng có đôi môi khô ráp, bong tróc thì việc chọn thỏi son có tính năng dưỡng ẩm là điều cần thiết. Son thỏi Rouge Satin Moisture giàu độ ẩm với kết cấu mịn mượt như nhung cùng màu sắc sống động giúp tôn lên vẻ rạng rỡ cho đôi môi của bạn.</span></p><p style=\"text-align: justify;\"><span style=\"font-size: 12pt;\">Nằm trong những thỏi son được yêu thích của <a href=\"https://thefaceshop.com.vn/collections/son-moi\" target=\"_blank\" rel=\"noopener noreferrer\" title=\"Website Mua Sắm THEFACESHOP Chính Hãng Độc Quyền Tại Việt Nam\">THEFACESHOP</a>, son thỏi giữ ẩm Rouge Satin Moisture mang lại những màu sắc nổi bật, hiện&nbsp; đại cho bờ môi thêm cuốn hút, trẻ trung. Hiệu ứng mịn mượt như nhung giúp đôi môi thêm căng mọng. Đồng thời sản phẩm tạo lớp màng ẩm bảo vệ da môi khỏe khoắn, mềm mại tránh tình trạng bong tróc, nứt nẻ vì khô.</span><br></p><p><span style=\"font-size: 12pt;\"><img src=\"https://file.hstatic.net/1000036599/file/son-duong-am-rouge-satin-moiture_14d35def2ad14914b1c363ad74dba8b5.jpg\"></span></p><p style=\"text-align: justify;\"><span style=\"font-size: 12pt;\"></span></p><h2 style=\"text-align: justify;\"><span style=\"font-size: 12pt;\"><span style=\"font-size: 20pt;\">Điểm nổi bật của son thỏi giữ ẩm Rouge Satin Moisture</span><strong></strong></span><span style=\"font-size: 12pt;\"><strong></strong></span><br></h2><ul><li style=\"text-align: justify;\"><span style=\"font-size: 12pt;\">Màu sắc sống động, chuẩn sắc khi lên môi</span></li><li style=\"text-align: justify;\"><span style=\"font-size: 12pt;\">Hiệu ứng mịn mượt như nhung, không làm khô môi. Ngược lại son cho khả năng dưỡng ẩm làm mịn mượt môi.</span></li><li style=\"text-align: justify;\"><span style=\"font-size: 12pt;\">Kết cấu nhẹ không gây vón cục, bệt màu son.</span></li><li style=\"text-align: justify;\"><span style=\"font-size: 12pt;\">Thiết kế thỏi son Rouge Satin Moisture đơn giản, sang trọng nhưng vô cùng tinh tế.</span></li><li style=\"text-align: justify;\"><span style=\"font-size: 12pt;\">Bộ sưu tập với sắc màu thời trang, hợp xu hướng phù hợp với nhiều màu da.<br><strong><br></strong></span></li></ul><h2 style=\"text-align: justify;\"><span style=\"font-size: 20pt;\">Bảng màu son&nbsp;Rouge Satin Moisture</span><span style=\"font-size: 12pt;\"><strong><br></strong></span></h2><p><span style=\"font-size: 12pt;\"><img src=\"https://file.hstatic.net/1000036599/file/son-duong-am-rouge-satin-moiture-1_0a562d4b9cca45d48f123f6776e50bc3.png\"></span></p><p><span style=\"font-size: 12pt;\"><img src=\"https://file.hstatic.net/1000036599/file/4_6b2b9eda0b984e098cabd1d95a6142ad.jpg\"><img src=\"https://file.hstatic.net/1000036599/file/5_7e73c55e96fa4ba295efd11cd8683cb1.jpg\"><img src=\"https://file.hstatic.net/1000036599/file/6_45d31e38d0d546aa94ff309bd71591c2.jpg\"><img src=\"https://file.hstatic.net/1000036599/file/1_e37f482ff19e4df69286941bd9737da0.png\"><img src=\"https://file.hstatic.net/1000036599/file/2_d465acb5015f45aaacac139216f70ede.png\"><img src=\"https://file.hstatic.net/1000036599/file/3_d7273155bfa04b6dac206b9cbb10910d.png\"></span></p><h2 style=\"text-align: justify;\"><span style=\"font-size: 12pt;\"><span style=\"font-size: 20pt;\">Hướng dẫn sử dụng son thỏi dưỡng ẩm ROUGE SATIN MOISTURE</span><strong></strong></span><span style=\"font-size: 12pt;\"><strong></strong></span><br></h2><p style=\"text-align: justify;\"><span style=\"font-size: 12pt;\">Có thể dùng để đánh lòng môi hoặc full môi.</span><br></p>', '2022-12-01 17:24:54', 0, 100, 50, 36, 'gam', 'Unit', 0, 1, 16, 3, 549000),
(36000048, 'Kem Nền Đa Năng Power Perfection Bb Cream Spf37 Pa++ 40g', 5, '<p style=\"text-align: justify;\"><span style=\"font-size: 12pt;\">Sở hữu làn da trắng sáng, mịn màng luôn là niềm ước mơ của mọi cô gái. Nhưng không phải ai sinh ra, cũng may mắn có được làn da không tỳ vết ấy. Đôi lúc, kể cả khi bạn đã trang điểm hoàn chỉnh với đầy đủ các bước nền cơ bản cũng&nbsp;không thể che hết những khuyết điểm không mong muốn. Thế nhưng,&nbsp;“phù thủy”&nbsp;<span style=\"color: #333333;\"><a href=\"https://thefaceshop.com.vn/products/kem-nen-da-nang-tfs-power-perfection-bb-cream-spf37-pa\" style=\"color: #333333;\"><strong>Kem nền đa năng POWER PERFECTION BB CREAM SPF37 PA++</strong></a></span>&nbsp;có thể giúp bạn thực hiện điều này.</span><br></p><p><span style=\"font-size: 12pt;\"><img src=\"https://file.hstatic.net/1000036599/file/kem-nen-da-nang-power-perfection-bb-cream-spf37_71fc632f09a2447bac4731aa42651be4.jpg\"></span><br></p><h2 style=\"text-align: justify;\"><span style=\"font-size: 20pt;\"><strong>Công dụng của kem nền da năng POWER PERFECTION BB CREAM</strong></span><br></h2><p style=\"text-align: justify;\"><span style=\"font-size: 12pt;\"><span style=\"color: #333333;\"><strong><a href=\"https://thefaceshop.com.vn/products/kem-nen-da-nang-tfs-power-perfection-bb-cream-spf37-pa\" style=\"color: #333333;\">Kem nền đa năng POWER PERFECTION BB CREAM SPF37 PA++</a></strong></span> là sản phẩm trang điểm cao cấp của thương hiệu <span style=\"color: #333333;\"><a href=\"https://thefaceshop.com.vn/\" style=\"color: #333333;\" target=\"_blank\" rel=\"noopener noreferrer\" title=\"Website THEFACESHOP Chính Hãng Tại Việt Nam\"></a></span><a href=\"https://thefaceshop.com.vn/\" target=\"_blank\" rel=\"noopener noreferrer\" title=\"Website THEFACESHOP Chính Hãng Tại Việt Nam\">THEFACESHOP</a>&nbsp;- Hàn Quốc. Chỉ cần nhắc đến thương hiệu là các nàng đều háo hức, mong chờ vì đã có quá nhiều sản phẩm của THEFACESHOP đến tay người tiêu dùng và chưa một lần làm họ thất vọng.</span></p><p><span style=\"font-size: 12pt;\"><img src=\"https://file.hstatic.net/1000036599/file/kem-nen-da-nang-power-perfection-bb-cream-spf37-pa__-2_be4b36688dfc45e2b45647e27524067a.jpg\"></span></p><p style=\"text-align: justify;\"><span style=\"font-size: 12pt;\">Với&nbsp;<strong>Kem nền đa năng POWER PERFECTION BB CREAM SPF37 PA++</strong>,&nbsp;được xem như liệu pháp tổng hợp cho làn da như:</span></p><ul><li style=\"text-align: justify;\"><span style=\"font-size: 12pt;\">Kem trang điểm 3 trong 1 (<em>chống nhăn da, làm trắng, chống nắng</em>) sẽ mang đến lớp phủ hoàn hảo. </span></li><li style=\"text-align: justify;\"><span style=\"font-size: 12pt;\">Lớp trang điểm đẹp hơn (<em>lớp phủ hoàn mỹ + độ bám tốt + lâu trôi</em>) tạo cảm giác mịn màng, không bóng nhờn hay dày phấn.<br><br></span></li></ul><p><span style=\"font-size: 12pt;\">Đặc biệt, <a href=\"https://thefaceshop.com.vn/collections/kem-nen-foundation\" target=\"_blank\" rel=\"noopener noreferrer\" title=\"Các sản phẩm kem nền của THEFACESHOP\">kem nền đa năng</a> còn chứa lớp bột phủ trông giống như các tế bào da tạo nên độ bám tốt cho da bạn cảm giác thoải mái với lớp trang điểm mịn màng lâu trôi.</span><br><br><span style=\"font-size: 12pt;\">Với kết cấu thoáng khí kỳ diệu: Cấu trúc nhẹ nhàng như không khí, nhanh chóng thẩm thấu vào da ngay sau khi thoa lên da, vì thế bạn sẽ không phải lo lắng bận tâm cho làn da bị bít tắc lỗ chân lông khi trang điểm nhé.</span><br><br><span style=\"font-size: 12pt;\">Và điều quan trọng giúp các chị em Phụ Nữ yên tâm &amp; tự tin làm đẹp với sản phẩm <strong>Kem nền đa năng POWER PERFECTION BB CREAM SPF37 PA++</strong> vì đã được kiểm nghiệm lâm sàng (Thí nghiệm lâm sàng kiểm tra mức độ săn chắc, tính giữ ẩm, độ phủ, và khả năng lâu trôi của sản phẩm)</span></p><h2><span style=\"font-size: 12pt;\"><img src=\"https://file.hstatic.net/1000036599/file/untitled-2_f41c555bd5b14952a5a549f31f81ddcf.jpg\"></span><br><br><span style=\"font-size: 20pt;\">Thành phần chính của kem nền đa năng</span></h2><p><span style=\"font-size: 12pt;\">Thành phần chính tạo nên nét độ đáo cho sản phẩm:</span></p><ul><li><span style=\"font-size: 12pt;\">Omega 3 - Làm mềm da, nhẹ nhàng hồi phục da và giữ ẩm da.</span></li><li><span style=\"font-size: 12pt;\">Phức hợp Vita - Thúc đẩy sản sinh Collagen, chống oxy hóa.<br><br></span></li></ul><h2><span style=\"font-size: 20pt;\">Hướng dẫn sử dụng POWER PERFECTION BB CREAM</span></h2><p><span style=\"font-size: 12pt;\">Sử dụng sau bước kem chống nắng. Lấy lượng kem vừa đủ và dàn trải đều khắp bề mặt da.</span></p><p><span style=\"font-size: 12pt;\"><img src=\"//file.hstatic.net/1000036599/file/bb-cream-power-perfection-3.png\" style=\"display: block; margin-left: auto; margin-right: auto;\"></span></p><p style=\"text-align: justify;\"><span style=\"font-size: 12pt;\"><em>“Chúng tôi luôn khuyến khích bạn sử dụng thêm sản phẩm dưỡng da để nuôi dưỡng vẻ đẹp tự nhiên thừa hưởng từ bố mẹ”</em></span></p>', '2022-12-01 17:32:06', 0, 40, 34, 40, 'gam', 'Unit', 0, 1, 8, 3, 1427000),
(36000218, 'Dụng Cụ Làm Sạch Vùng Da Bị Chai Sần Daily Beauty Tools Premium Callus Remover', 5, '<h2 style=\"text-align:justify;\" size=\"5\" _root=\"[object Object]\" __ownerid=\"undefined\" __hash=\"undefined\" __altered=\"false\">Công dụng:</h2><p style=\"text-align:justify;\" size=\"5\" _root=\"[object Object]\" __ownerid=\"undefined\" __hash=\"undefined\" __altered=\"false\"></p><p style=\"text-align:justify;\" size=\"5\" _root=\"[object Object]\" __ownerid=\"undefined\" __hash=\"undefined\" __altered=\"false\">Dụng cụ loại bỏ những vùng da chai sần. Thao tác dũa nhẹ nhàng có hiệu quả loại bỏ lớp da cứng, giúp làm mềm và mịn kết cấu của da.<br><br>1. Nó có thể giúp loại bỏ vết chai dày.<br>2. Sử dụng trên da khô sần<br>3. An toàn và nhẹ nhàng để sử dụng.<br></p><h3 style=\"text-align:justify;\" size=\"5\" _root=\"[object Object]\" __ownerid=\"undefined\" __hash=\"undefined\" __altered=\"false\"><strong>Hướng dẫn sử dụng:</strong></h3><p style=\"text-align:justify;\" size=\"5\" _root=\"[object Object]\" __ownerid=\"undefined\" __hash=\"undefined\" __altered=\"false\"></p><p style=\"text-align:justify;\" size=\"5\" _root=\"[object Object]\" __ownerid=\"undefined\" __hash=\"undefined\" __altered=\"false\">Di chuyển dụng cụ theo chuyển động chuyển tiếp và lùi lại, không phải theo chuyển động sang một bên hay chuyển động tròn.</p><p style=\"text-align:justify;\" size=\"5\" _root=\"[object Object]\" __ownerid=\"undefined\" __hash=\"undefined\" __altered=\"false\"></p>', '2022-12-01 17:40:41', 0, 39, 32, 50, 'gam', 'Unit', 0, 1, 34, 3, 179000);
INSERT INTO `product` (`IDProduct`, `NameProduct`, `IDBrand`, `Description`, `CreatedOn`, `IsDeleted`, `Stock`, `TotalPurchaseQuantity`, `Mass`, `UnitsOfMass`, `Units`, `ApplyTaxes`, `StatusSale`, `IDTag`, `IDType`, `ListPrice`) VALUES
(36000299, '[Fmgt] Mascara Làm Dày Và Dưỡng Mi THE FACE SHOP Gold Collagen Mascara Volume', 4, '<div id=\"iihj\"><p id=\"i18y\"><span id=\"i1ed\">Công dụng:&nbsp;</span>Mascara với độ dưỡng cao cho hàng mi mỏng và thưa, mang đến hiệu ứng làm dày mi tối ưu. Cọ chải thiết kế đặc biệt giúp ngăn ngừa tình trạng vón cục.<br id=\"iakv\"><br id=\"imid\"><span id=\"ia3j\">Thành phần:&nbsp;</span>Bổ sung dưỡng chất từ collagen giúp hỗ trợ nuôi dưỡng cho sợi mi, giúp mi khỏe và bóng mượt.</p><p id=\"ii4je\"><img src=\"https://file.hstatic.net/1000036599/file/36000299-gold-collagen-volume-mascara-4_b6148a0961294419b6a158a05d74a0da.jpg\" id=\"i3gpl\"></p><p id=\"ibm58\">Để tạo chiều sâu cho đôi mắt, giúp chúng trông có “thần thái” và thu hút hơn thì một cây mascara khi trang điểm là không thể thiếu. Nếu “mái hiên” của đôi mắt bạn bị thưa thớt, ngắn ngủn thì bạn hoàn toàn có thể cải thiện nó bằng <span id=\"ie7v4\">Mascara Làm Dày và Dưỡng Mi THEFACESHOP GOLD COLLAGEN MASCARA VOLUME</span>.&nbsp;<br id=\"iy7eh\"></p><p id=\"i0ipi\"><span id=\"iseb1\">Với ưu điểm vừa giúp dưỡng mi khỏe và dài, cố định mi cùng thiết kế sang trọng. Gold Collagen Volume Mascara là một sản phẩm trang điểm cao cấp từ The Face Shop có thành phần từ tinh chất vàng và Collagen.</span></p><p id=\"i1zfc\">Sản phẩm sẽ định dạng bờ mi, cung cấp dưỡng chất giúp sợi mi chắc khỏe và dài hơn gấp hai lần. Hơn thế nữa, mascara GOLD COLLAGEN MASCARA không gây vón cục, lem trôi khi đánh. Ngược lại, mascara có khả năng làm tơi và đều sợi mi, tạo nên dáng cong tự nhiên và dày đều cho bờ mi. Bạn sẽ tự tin có được ánh nhìn quyến rũ và trở nên nổi bật trong mọi hoàn cảnh.</p><p id=\"iban9\"><img src=\"https://file.hstatic.net/1000036599/file/36000299-gold-collagen-volume-mascara-5_dd1a28dc1da743f394d051382a665c2c.jpg\" id=\"i8mhz\"></p><h2 id=\"iv33o\"><span id=\"i8lgi\">Thành phần<br id=\"iltq5\"></span></h2><p id=\"iov98\"><span id=\"icppu\">Gold Collagen Volume Mascara có thành phần từ tinh chất vàng và Collagen</span>&nbsp;cung cấp dưỡng chất giúp sợi mi chắc khỏe và dài hơn gấp hai lần. Không gây hại cho mắt, giúp tăng cường độ cong, dày và dài thật tự nhiên cho hàng mi của bạn mà không gây vón cục.<span id=\"ij6xg\"></span><br id=\"i762i\"></p><h2 id=\"idwog\"><span id=\"imdlh\">Công dụng nổi bật</span></h2><p id=\"iicfx\">- Giữ ẩm cho mi, tạo độ cong hoàn hảo với bờ mi dày mượt</p><p id=\"if0lw\">- Chất mascara không gây vón cục, không làm “đóng băng” các sợi mi lại với nhau</p><p id=\"ivdnw\">- Sản phẩm dễ tẩy trang nhưng không gây lem luốc, giúp sợi mi khỏe khoắn và hàng mi cong dày</p><h3 id=\"ieyyh\"><span id=\"if288\">Hướng dẫn sử dụng</span></h3><p id=\"ipojq\">- Sau khi bấm mi, lấy Mascara chuốt đều lên hai hàng mi (trên và dưới).</p><p id=\"i0q5g\">- Đối với hàng mi trên, chuốt mascara từ chân mi lên đến đỉnh sợi mi. Lập lại 1-2 để tạo ra hàng mi dày đều.</p><p id=\"ila68\">- Chuốt theo đường zích zắc để mascara bám đều trên các sợi mi, tạo độ cong tự nhiên và lâu hơn.</p></div><style>* { box-sizing: border-box; } body {margin: 0;}#iihj{padding:10px;text-align:justify;}#i18y{font-family:Poppins, sans-serif;margin-right:0px;margin-left:0px;padding:0px;white-space:pre-line;-webkit-font-smoothing:antialiased;text-align:justify;}#i1ed{font-family:var(--font-family);font-weight:600;-webkit-font-smoothing:antialiased;}#iakv{font-family:var(--font-family);-webkit-font-smoothing:antialiased;}#imid{font-family:var(--font-family);-webkit-font-smoothing:antialiased;}#ia3j{font-family:var(--font-family);font-weight:600;-webkit-font-smoothing:antialiased;}#ii4je{font-family:Poppins, sans-serif;margin-right:0px;margin-left:0px;padding:0px;white-space:pre-line;-webkit-font-smoothing:antialiased;}#i3gpl{font-family:var(--font-family);margin:0px;padding:0px;display:block;max-width:100%;-webkit-font-smoothing:antialiased;}#ibm58{font-family:Poppins, sans-serif;margin-right:0px;margin-left:0px;padding:0px;white-space:pre-line;-webkit-font-smoothing:antialiased;text-align:justify;}#ie7v4{font-family:var(--font-family);font-weight:600;-webkit-font-smoothing:antialiased;}#iy7eh{font-family:var(--font-family);-webkit-font-smoothing:antialiased;}#i0ipi{font-family:Poppins, sans-serif;margin-right:0px;margin-left:0px;padding:0px;white-space:pre-line;-webkit-font-smoothing:antialiased;text-align:justify;}#iseb1{font-family:var(--font-family);-webkit-font-smoothing:antialiased;}#i1zfc{font-family:Poppins, sans-serif;margin-right:0px;margin-left:0px;padding:0px;white-space:pre-line;-webkit-font-smoothing:antialiased;text-align:justify;}#iban9{font-family:Poppins, sans-serif;margin-right:0px;margin-left:0px;padding:0px;white-space:pre-line;-webkit-font-smoothing:antialiased;}#i8mhz{font-family:var(--font-family);margin:0px;padding:0px;display:block;max-width:100%;-webkit-font-smoothing:antialiased;}#iv33o{font-family:Poppins, sans-serif;margin-top:1.2em;margin-right:0px;margin-left:0px;font-weight:600;padding:0px;-webkit-font-smoothing:antialiased;font-size:30px;line-height:1.35;text-align:justify;}#i8lgi{font-family:var(--font-family);-webkit-font-smoothing:antialiased;}#iltq5{font-family:var(--font-family);-webkit-font-smoothing:antialiased;}#iov98{font-family:Poppins, sans-serif;margin-right:0px;margin-left:0px;padding:0px;white-space:pre-line;-webkit-font-smoothing:antialiased;}#icppu{font-family:var(--font-family);-webkit-font-smoothing:antialiased;}#ij6xg{font-family:var(--font-family);font-weight:600;-webkit-font-smoothing:antialiased;}#i762i{font-family:var(--font-family);-webkit-font-smoothing:antialiased;}#idwog{font-family:Poppins, sans-serif;margin-top:1.2em;margin-right:0px;margin-left:0px;font-weight:600;padding:0px;-webkit-font-smoothing:antialiased;font-size:30px;line-height:1.35;text-align:justify;}#imdlh{font-family:var(--font-family);-webkit-font-smoothing:antialiased;}#iicfx{font-family:Poppins, sans-serif;margin-right:0px;margin-left:0px;padding:0px;white-space:pre-line;-webkit-font-smoothing:antialiased;text-align:justify;}#if0lw{font-family:Poppins, sans-serif;margin-right:0px;margin-left:0px;padding:0px;white-space:pre-line;-webkit-font-smoothing:antialiased;text-align:justify;}#ivdnw{font-family:Poppins, sans-serif;margin-right:0px;margin-left:0px;padding:0px;white-space:pre-line;-webkit-font-smoothing:antialiased;text-align:justify;}#ieyyh{font-family:Poppins, sans-serif;margin-top:1.2em;margin-right:0px;margin-left:0px;font-weight:600;padding:0px;-webkit-font-smoothing:antialiased;font-size:24px;line-height:1.35;text-align:justify;}#if288{font-family:var(--font-family);-webkit-font-smoothing:antialiased;}#ipojq{font-family:Poppins, sans-serif;margin-right:0px;margin-left:0px;padding:0px;white-space:pre-line;-webkit-font-smoothing:antialiased;text-align:justify;}#i0q5g{font-family:Poppins, sans-serif;margin-right:0px;margin-left:0px;padding:0px;white-space:pre-line;-webkit-font-smoothing:antialiased;text-align:justify;}#ila68{font-family:Poppins, sans-serif;margin-right:0px;margin-left:0px;padding:0px;white-space:pre-line;-webkit-font-smoothing:antialiased;text-align:justify;}</style>', '2022-12-01 17:25:49', 0, 52, 21, 50, 'gam', 'Unit', 0, 1, 18, 3, 579000),
(36000300, '[FMGT] Mascara Làm Dày Mi Maxx\' Eye Mascara 01 Mega Volume 11g', 4, '<div id=\"iylr\"><p id=\"ixzi\"><span id=\"iglg\">Công dụng</span><br id=\"i54p\"><br id=\"iyal\"><span id=\"i3vy\">Mascara làm dày mi tuyệt đối và hạn chế tối đa tình trạng vón cục. Đầu cọ thiết kế chuyên nghiệp với 4 mặt chải, mang lại hiệu quả dày mi gấp 4 lần.</span><br id=\"i470h\"></p><p id=\"iub0e\"><img src=\"https://file.hstatic.net/1000036599/file/maxx_eye_mascara_4dab1693d88843ef9b121eed62369998.png\" alt=\"[FMGT] Mascara Làm Cong Và Dày Mi Lâu Trôi MAXX\" id=\"i3onp\"></p><p id=\"ixhg6\"><span id=\"ipm2y\"><span id=\"i3wsy\"></span></span><span id=\"ijb9x\">Công dụng</span><br id=\"iol71\"></p><p id=\"ieq5r\">Đôi mắt long lanh quyến rũ là vũ khí \"lợi hại\" để tăng nét hấp dẫn cho phái nữ. Mascara sẽ giúp bạn hiện thực hóa điều mong ước ấy. Sản phẩm mascara mang đến hiệu quả tối đa trong việc làm dày và cong mi. Thiết kế đầu cọ xoáy \"Twist Wing\" đặc biệt giúp hàng mi cong, dày tuyệt đối và tơi mi, hoàn toàn không gây vón cục.</p><p id=\"it55i\"><span id=\"ico2d\">Hướng dẫn sử dụng</span><br id=\"i3lle\"></p><p id=\"i2lfz\">Chải mi nhẹ nhàng theo hướng từ gốc đến ngọn với đầu cọ dầy. Chải lại một lần nữa với đầu cọ thưa để làm tơi mi.</p></div><style>* { box-sizing: border-box; } body {margin: 0;}#iylr{padding:10px;text-align:justify;}#ixzi{font-family:Poppins, sans-serif;margin-right:0px;margin-left:0px;padding:0px;white-space:pre-line;-webkit-font-smoothing:antialiased;}#iglg{font-family:var(--font-family);font-weight:600;-webkit-font-smoothing:antialiased;}#i54p{font-family:var(--font-family);-webkit-font-smoothing:antialiased;}#iyal{font-family:var(--font-family);-webkit-font-smoothing:antialiased;}#i3vy{font-family:var(--font-family);-webkit-font-smoothing:antialiased;}#i470h{font-family:var(--font-family);-webkit-font-smoothing:antialiased;}#iub0e{font-family:Poppins, sans-serif;margin-right:0px;margin-left:0px;padding:0px;white-space:pre-line;-webkit-font-smoothing:antialiased;}#i3onp{font-family:var(--font-family);margin:0px;padding:0px;display:block;max-width:100%;-webkit-font-smoothing:antialiased;}#ixhg6{font-family:Poppins, sans-serif;margin-right:0px;margin-left:0px;padding:0px;white-space:pre-line;-webkit-font-smoothing:antialiased;text-align:justify;}#ipm2y{font-family:var(--font-family);-webkit-font-smoothing:antialiased;color:rgb(255, 0, 0);}#i3wsy{font-family:var(--font-family);font-weight:600;-webkit-font-smoothing:antialiased;}#ijb9x{font-family:var(--font-family);font-weight:600;-webkit-font-smoothing:antialiased;}#iol71{font-family:var(--font-family);-webkit-font-smoothing:antialiased;}#ieq5r{font-family:Poppins, sans-serif;margin-right:0px;margin-left:0px;padding:0px;white-space:pre-line;-webkit-font-smoothing:antialiased;text-align:justify;}#it55i{font-family:Poppins, sans-serif;margin-right:0px;margin-left:0px;padding:0px;white-space:pre-line;-webkit-font-smoothing:antialiased;text-align:justify;}#ico2d{font-family:var(--font-family);font-weight:600;-webkit-font-smoothing:antialiased;}#i3lle{font-family:var(--font-family);-webkit-font-smoothing:antialiased;}#i2lfz{font-family:Poppins, sans-serif;margin-right:0px;margin-left:0px;padding:0px;white-space:pre-line;-webkit-font-smoothing:antialiased;text-align:justify;}</style>', '2022-12-01 17:36:33', 0, 50, 22, 11, 'gam', 'Unit', 0, 1, 18, 3, 1227000),
(36000718, '[FMGT] Kem Nền THE FACE SHOP Gold Collagen Ampoule Cover Cake Spf50 Pa+++ V201', 5, '<div id=\"ifiw\"><p dir=\"ltr\" id=\"i6vx\"><span id=\"istr\"><span id=\"iami\"><img src=\"https://lh4.googleusercontent.com/rKN_TfpLIybtokoJK-Yd5PlLE5g_1jRSq3CImePhLOQTUszeFsqstz6aFlNnNMDC-aDMVldjDPKpYt3Y6WlkoLlIbZ0waQ0H7jk4-t6zkad4zwbgeRauwYWOMuy_ZBzcHh-BIo1uEbRbV5UA7P5Cytk\" width=\"602\" height=\"291\" id=\"im34\"></span></span></p><p dir=\"ltr\" id=\"ipuj\"><span id=\"ixemc\"><span id=\"icoj\">Công dụng</span></span></p><p dir=\"ltr\" id=\"ilzfv\"><span id=\"i8t15\">Thiết kế sản phẩm độc đáo và sang trọng - Kem nền che khuyết điểm hỗ trợ ngăn ngừa lão hóa da ở dạng kem mang lại cho bạn lớp nền trang điểm hoàn hảo rất mỏng nhưng che phủ tuyệt vời, không bị xuống tông, đồng thời giúp làn da căng mướt, giảm nếp nhăn, chống lão hóa.</span></p><p dir=\"ltr\" id=\"iab2y\"><span id=\"i23bp\">Bổ sung 10% tinh chất collagen và vàng giúp làm sáng, cải thiện nếp nhăn và làm săn chắc da.&nbsp; Ngoài ra, phấn còn chống nắng vượt trội với SPF 50+/PA+++, mang lại lớp nền hoàn hảo, sáng khỏe và không nhờn rít.&nbsp;</span></p><p dir=\"ltr\" id=\"i8hyf\"><span id=\"ipsrg\">Đối với Gold Collagen Ampoule Cover thì chỉ cần tán một lớp trên da là đủ che các loại mụn, thâm, lỗ chân lông to. Mặc dù độ che phủ cao nhưng vẫn mang lại vẻ tự nhiên, không bị tạo hiệu ứng mặt nạ phấn khi trang điểm.</span></p><p dir=\"ltr\" id=\"ihn6f\"><span id=\"i7wyj\"><span id=\"ipsyk\">Thành Phần Chính:</span></span></p><p dir=\"ltr\" id=\"ivacb\"><span id=\"im5wd\">+ Tinh chất vàng nano: có nhiều chất miễn dịch loại bỏ độc tố cao và giúp se khít lỗ chân lông. Ngoài ra, tinh chất vàng nano còn giúp nuôi dưỡng và phục hồi da, làm đảo ngược quá trình lão hoá, đặc biệt là mang lại làn da trắng sáng, săn chắc tràn đầy sức sống.</span></p><p dir=\"ltr\" id=\"iparf\"><span id=\"i8ndf\">+ Tinh chất Collagen:&nbsp; phục hồi khả năng đàn hồi tự nhiên cho da thấy rõ, các vết nhăn dần biến mất. Đặc biệt Collagen có tác động tích cực để sản sinh ra các tế bào da mới, giúp làn da hồi sinh một cách nhanh chóng.</span></p><p dir=\"ltr\" id=\"ifky1\"><span id=\"itjpr\"><span id=\"ix2ll\">Hướng dẫn sử dụng</span></span></p><p dir=\"ltr\" id=\"iov2d\"><span id=\"imzc1\">Dùng bông mút dặm nhẹ phấn khắp bề mặt da.</span></p></div><style>* { box-sizing: border-box; } body {margin: 0;}#ifiw{padding:10px;text-align:justify;}#i6vx{font-family:Poppins, sans-serif;margin:0pt 0px;padding:0pt 0pt 11pt;white-space:pre-line;-webkit-font-smoothing:antialiased;line-height:1.656;}#istr{font-family:Arial;-webkit-font-smoothing:antialiased;font-size:11pt;color:rgb(0, 0, 0);background-color:transparent;font-variant-numeric:normal;font-variant-east-asian:normal;vertical-align:baseline;white-space:pre-wrap;}#iami{font-family:var(--font-family);-webkit-font-smoothing:antialiased;border:none;display:inline-block;overflow:hidden;width:602px;height:291px;}#im34{font-family:var(--font-family);margin:0px;padding:0px;display:block;max-width:100%;-webkit-font-smoothing:antialiased;}#ipuj{font-family:Poppins, sans-serif;margin:0pt 0px;padding:0pt 0pt 11pt;white-space:pre-line;-webkit-font-smoothing:antialiased;line-height:1.656;}#ixemc{font-family:Arial;-webkit-font-smoothing:antialiased;font-size:10.5pt;color:rgb(0, 0, 0);background-color:transparent;font-variant-numeric:normal;font-variant-east-asian:normal;vertical-align:baseline;white-space:pre-wrap;}#icoj{font-family:var(--font-family);font-weight:600;-webkit-font-smoothing:antialiased;}#ilzfv{font-family:Poppins, sans-serif;margin:0pt 0px;padding:0pt 0pt 11pt;white-space:pre-line;-webkit-font-smoothing:antialiased;line-height:1.656;}#i8t15{font-family:Arial;-webkit-font-smoothing:antialiased;font-size:10.5pt;color:rgb(0, 0, 0);background-color:transparent;font-variant-numeric:normal;font-variant-east-asian:normal;vertical-align:baseline;white-space:pre-wrap;}#iab2y{font-family:Poppins, sans-serif;margin:0pt 0px;padding:0pt 0pt 11pt;white-space:pre-line;-webkit-font-smoothing:antialiased;line-height:1.656;}#i23bp{font-family:Arial;-webkit-font-smoothing:antialiased;font-size:10.5pt;color:rgb(0, 0, 0);background-color:transparent;font-variant-numeric:normal;font-variant-east-asian:normal;vertical-align:baseline;white-space:pre-wrap;}#i8hyf{font-family:Poppins, sans-serif;margin:0pt 0px;padding:0pt 0pt 11pt;white-space:pre-line;-webkit-font-smoothing:antialiased;line-height:1.656;}#ipsrg{font-family:Arial;-webkit-font-smoothing:antialiased;font-size:10.5pt;color:rgb(0, 0, 0);background-color:transparent;font-variant-numeric:normal;font-variant-east-asian:normal;vertical-align:baseline;white-space:pre-wrap;}#ihn6f{font-family:Poppins, sans-serif;margin:0pt 0px;padding:0pt 0pt 11pt;white-space:pre-line;-webkit-font-smoothing:antialiased;line-height:1.656;text-align:justify;}#i7wyj{font-family:Arial;-webkit-font-smoothing:antialiased;font-size:10.5pt;color:rgb(0, 0, 0);background-color:transparent;font-variant-numeric:normal;font-variant-east-asian:normal;vertical-align:baseline;white-space:pre-wrap;}#ipsyk{font-family:var(--font-family);font-weight:600;-webkit-font-smoothing:antialiased;}#ivacb{font-family:Poppins, sans-serif;margin:0pt 0px;padding:0pt 0pt 11pt;white-space:pre-line;-webkit-font-smoothing:antialiased;line-height:1.656;text-align:justify;}#im5wd{font-family:Arial;-webkit-font-smoothing:antialiased;font-size:10.5pt;color:rgb(0, 0, 0);background-color:transparent;font-variant-numeric:normal;font-variant-east-asian:normal;vertical-align:baseline;white-space:pre-wrap;}#iparf{font-family:Poppins, sans-serif;margin:0pt 0px;padding:0pt 0pt 11pt;white-space:pre-line;-webkit-font-smoothing:antialiased;line-height:1.656;text-align:justify;}#i8ndf{font-family:Arial;-webkit-font-smoothing:antialiased;font-size:10.5pt;color:rgb(0, 0, 0);background-color:transparent;font-variant-numeric:normal;font-variant-east-asian:normal;vertical-align:baseline;white-space:pre-wrap;}#ifky1{font-family:Poppins, sans-serif;margin:0pt 0px;padding:0pt 0pt 11pt;white-space:pre-line;-webkit-font-smoothing:antialiased;line-height:1.656;text-align:justify;}#itjpr{font-family:Arial;-webkit-font-smoothing:antialiased;font-size:10.5pt;color:rgb(0, 0, 0);background-color:transparent;font-variant-numeric:normal;font-variant-east-asian:normal;vertical-align:baseline;white-space:pre-wrap;}#ix2ll{font-family:var(--font-family);font-weight:600;-webkit-font-smoothing:antialiased;}#iov2d{font-family:Poppins, sans-serif;margin:0pt 0px;padding:0pt 0pt 11pt;white-space:pre-line;-webkit-font-smoothing:antialiased;line-height:1.656;text-align:justify;}#imzc1{font-family:Arial;-webkit-font-smoothing:antialiased;font-size:10.5pt;color:rgb(0, 0, 0);background-color:transparent;font-variant-numeric:normal;font-variant-east-asian:normal;vertical-align:baseline;white-space:pre-wrap;}</style>', '2022-12-01 17:33:15', 0, 76, 34, 50, 'gam', 'Unit', 0, 1, 8, 3, 979000),
(36000724, '[FMGT] Lõi Kem Nền Trang Điểm Dạng Nén THE FACE SHOP Gold Collagen Ampoule Glow Foundation 10g (REFILL)', 4, '<div id=\"icgo\"><p dir=\"ltr\" id=\"ire5\"><span id=\"ibkh\"><span id=\"ipef\"><img src=\"https://lh6.googleusercontent.com/Qwu9BCXSNQvBZ49VbYXi8vfxoZ-sCvoXvt8aYRqNROBebqbYu_qWwlgyTyEvMrpL19sCxdtgJay6uYKjnmhbdUcHCFmX6qhGAQb_sndP-5F01eZFD1YH0T3xzMuKWzfHItHHAScL6o0F1KWU_KM\" width=\"602\" height=\"404\" id=\"i3ej\"></span></span></p><br id=\"ivp1\"><p dir=\"ltr\" id=\"iyt2\"><span id=\"iflvo\"><span id=\"i2vrx\">Công dụng</span></span></p><p dir=\"ltr\" id=\"iuu2v\"><span id=\"i148p\">Kem nền trang điểm thiết kế dạng nén độc đáo, dễ dàng sử dụng giúp lớp trang điểm mềm mại và rạng rỡ. Thành phần chứa tinh chất vàng &amp; collagen giúp làn da tươi sáng, che phủ các nếp nhăn tối ưu và bổ sung độ ẩm cho da.</span></p><p dir=\"ltr\" id=\"iwedv\"><span id=\"iwycf\">Chỉ số chống nắng 50+PA+++ bảo vệ da tránh tác hại của tia UVA, UVB suốt cả ngày.</span></p><p dir=\"ltr\" id=\"ijsew\"><span id=\"iir43\"><span id=\"ib6b3\"><img src=\"https://lh3.googleusercontent.com/dJOJ6SR9sZqY-r85_hl3eY_N5T10T76JlzXyYYZleWvoAIDa5qY2ggSUerRfnU7cCjcC9jNYyd6XDgH02ngAnzj9TpKRt2Kae7yIkDPE9Zk0KXadn1Rnt7zs2W5IhD4vt6B-GCvH5siGwGAYrxMk-fg\" width=\"602\" height=\"228\" id=\"iun1t\"></span></span></p><p dir=\"ltr\" id=\"i5b0t\"><span id=\"ioypb\"><span id=\"ird03\">Thành phần</span></span></p><p dir=\"ltr\" id=\"igpg9\"><span id=\"i0166\">Chiết xuất tinh chất vàng &amp; collagen giúp làn da tươi sáng, che phủ nếp nhăn và bổ sung độ ẩm cho da.</span></p><p dir=\"ltr\" id=\"i2uol\"><span id=\"i3jhc\"><span id=\"ipkte\"><img src=\"https://lh6.googleusercontent.com/Kzd6jTbEYhqi54mmv-yuduqnyQptAPAaCksHWuY4IwMX-x14L_Xx0g7YBIIo12l-F_7C6hRsbmvmTSlcaKO8ba2VvoDlLTFJKIICMFUXOTLwMPRqdVA139kN0lzLPYidKUwBI62vHzZrP5qrhWQ\" width=\"602\" height=\"600\" id=\"i67ql\"></span></span></p><p dir=\"ltr\" id=\"i0vxl\"><span id=\"ixpjo\"><span id=\"ih3zb\">Hướng dẫn sử dụng</span></span></p><p dir=\"ltr\" id=\"izebz\"><span id=\"i12ni\">Lấy một lượng vừa đủ dàn đều trên bề mặt da với những chuyển động lăn vỗ nhẹ nhàng, có thể dặm thêm tập trung vào các vùng da cần che phủ khuyết điểm hoặc nếp nhăn.</span></p></div><style>* { box-sizing: border-box; } body {margin: 0;}#icgo{padding:10px;text-align:justify;}#ire5{font-family:Poppins, sans-serif;margin:0pt 0px;padding:0pt 0pt 11pt;white-space:pre-line;-webkit-font-smoothing:antialiased;line-height:1.656;}#ibkh{font-family:Arial;-webkit-font-smoothing:antialiased;font-size:10.5pt;color:rgb(0, 0, 0);background-color:transparent;font-variant-numeric:normal;font-variant-east-asian:normal;vertical-align:baseline;white-space:pre-wrap;}#ipef{font-family:var(--font-family);-webkit-font-smoothing:antialiased;border:none;display:inline-block;overflow:hidden;width:602px;height:404px;}#i3ej{font-family:var(--font-family);margin:0px;padding:0px;display:block;max-width:100%;-webkit-font-smoothing:antialiased;}#ivp1{font-family:Poppins, sans-serif;-webkit-font-smoothing:antialiased;}#iyt2{font-family:Poppins, sans-serif;margin:0pt 0px;padding:0pt 0pt 11pt;white-space:pre-line;-webkit-font-smoothing:antialiased;line-height:1.656;}#iflvo{font-family:Arial;-webkit-font-smoothing:antialiased;font-size:10.5pt;color:rgb(0, 0, 0);background-color:transparent;font-variant-numeric:normal;font-variant-east-asian:normal;vertical-align:baseline;white-space:pre-wrap;}#i2vrx{font-family:var(--font-family);font-weight:600;-webkit-font-smoothing:antialiased;}#iuu2v{font-family:Poppins, sans-serif;margin:0pt 0px;padding:0pt 0pt 11pt;white-space:pre-line;-webkit-font-smoothing:antialiased;line-height:1.656;}#i148p{font-family:Arial;-webkit-font-smoothing:antialiased;font-size:10.5pt;color:rgb(0, 0, 0);background-color:transparent;font-variant-numeric:normal;font-variant-east-asian:normal;vertical-align:baseline;white-space:pre-wrap;}#iwedv{font-family:Poppins, sans-serif;margin:0pt 0px;padding:0pt 0pt 11pt;white-space:pre-line;-webkit-font-smoothing:antialiased;line-height:1.656;}#iwycf{font-family:Arial;-webkit-font-smoothing:antialiased;font-size:10.5pt;color:rgb(0, 0, 0);background-color:transparent;font-variant-numeric:normal;font-variant-east-asian:normal;vertical-align:baseline;white-space:pre-wrap;}#ijsew{font-family:Poppins, sans-serif;margin:0pt 0px;padding:0pt 0pt 11pt;white-space:pre-line;-webkit-font-smoothing:antialiased;line-height:1.656;}#iir43{font-family:Arial;-webkit-font-smoothing:antialiased;font-size:10.5pt;color:rgb(0, 0, 0);background-color:transparent;font-variant-numeric:normal;font-variant-east-asian:normal;vertical-align:baseline;white-space:pre-wrap;}#ib6b3{font-family:var(--font-family);-webkit-font-smoothing:antialiased;border:none;display:inline-block;overflow:hidden;width:602px;height:228px;}#iun1t{font-family:var(--font-family);margin:0px;padding:0px;display:block;max-width:100%;-webkit-font-smoothing:antialiased;}#i5b0t{font-family:Poppins, sans-serif;margin:0pt 0px;padding:0pt 0pt 11pt;white-space:pre-line;-webkit-font-smoothing:antialiased;line-height:1.656;}#ioypb{font-family:Arial;-webkit-font-smoothing:antialiased;font-size:10.5pt;color:rgb(0, 0, 0);background-color:transparent;font-variant-numeric:normal;font-variant-east-asian:normal;vertical-align:baseline;white-space:pre-wrap;}#ird03{font-family:var(--font-family);font-weight:600;-webkit-font-smoothing:antialiased;}#igpg9{font-family:Poppins, sans-serif;margin:0pt 0px;padding:0pt 0pt 11pt;white-space:pre-line;-webkit-font-smoothing:antialiased;line-height:1.656;}#i0166{font-family:Arial;-webkit-font-smoothing:antialiased;font-size:10.5pt;color:rgb(0, 0, 0);background-color:transparent;font-variant-numeric:normal;font-variant-east-asian:normal;vertical-align:baseline;white-space:pre-wrap;}#i2uol{font-family:Poppins, sans-serif;margin:0pt 0px;padding:0pt 0pt 11pt;white-space:pre-line;-webkit-font-smoothing:antialiased;line-height:1.656;}#i3jhc{font-family:Arial;-webkit-font-smoothing:antialiased;font-size:10.5pt;color:rgb(0, 0, 0);background-color:transparent;font-variant-numeric:normal;font-variant-east-asian:normal;vertical-align:baseline;white-space:pre-wrap;}#ipkte{font-family:var(--font-family);-webkit-font-smoothing:antialiased;border:none;display:inline-block;overflow:hidden;width:602px;height:600px;}#i67ql{font-family:var(--font-family);margin:0px;padding:0px;display:block;max-width:100%;-webkit-font-smoothing:antialiased;}#i0vxl{font-family:Poppins, sans-serif;margin:0pt 0px;padding:0pt 0pt 11pt;white-space:pre-line;-webkit-font-smoothing:antialiased;line-height:1.656;}#ixpjo{font-family:Arial;-webkit-font-smoothing:antialiased;font-size:10.5pt;color:rgb(0, 0, 0);background-color:transparent;font-variant-numeric:normal;font-variant-east-asian:normal;vertical-align:baseline;white-space:pre-wrap;}#ih3zb{font-family:var(--font-family);font-weight:600;-webkit-font-smoothing:antialiased;}#izebz{font-family:Poppins, sans-serif;margin:0pt 0px;padding:0pt 0pt 11pt;white-space:pre-line;-webkit-font-smoothing:antialiased;line-height:1.656;}#i12ni{font-family:Arial;-webkit-font-smoothing:antialiased;font-size:10.5pt;color:rgb(0, 0, 0);background-color:transparent;font-variant-numeric:normal;font-variant-east-asian:normal;vertical-align:baseline;white-space:pre-wrap;}</style>', '2022-12-01 17:36:31', 0, 76, 51, 50, 'gam', 'Unit', 0, 1, 8, 3, 599000),
(52100001, 'Nước Cân Bằng Ngăn Ngừa Mụn Cho Da Dầu Belif Eucalyptus Herbal Extract Toner 200ml', 1, '<div id=\"ialb\"><span id=\"docs-internal-guid-aadfc4de-7fff-59cb-a7e1-e90ce4c1e795\"><p dir=\"ltr\" id=\"iy3l\"><span id=\"ik46\">Công dụng chính: Làm sạch bụi bẩn, cặn trang điểm sâu trong lỗ chân lông và xóa bóng nhờn mang lại làn da khô thoáng.</span></p><p dir=\"ltr\" id=\"ibey\"><span id=\"ii8o\">Loại da phù hợp: Mọi loại da, đặc biệt là da dầu nhờn.</span></p><p dir=\"ltr\" id=\"i0vup\"><span id=\"ibtrm\">Thành phần chính: Chiết xuất cây khuynh diệp, bạc hà táo và hợp chất thảo mộc.&nbsp;</span></p><p dir=\"ltr\" id=\"iwrhq\"><span id=\"i03zh\">Nước cân bằng khuynh diệp ngăn ngừa mụn cho da dầu BELIF Eucalyptus Herbal Extract Toner được chiết xuất từ thành phần thiên nhiên, chủ yếu là cây khuynh diệp và bạc hà tạo nên phức hợp độc quyền của BELIF. Có tác dụng làm sạch sâu bụi bẩn còn đọng lại sâu bên trong lỗ chân lông, cải thiện vùng da tổn thương và hỗ trợ se khít lỗ chân lông hiệu quả.&nbsp;</span></p><p dir=\"ltr\" id=\"iofzx\">&nbsp;</p><p dir=\"ltr\" id=\"ikcmz\"><span id=\"ihuw6\">Thành phần chính</span></p><ul id=\"imrg4\"><li dir=\"ltr\" aria-level=\"1\" id=\"i1jrg\"><p dir=\"ltr\" role=\"presentation\" id=\"i5977\"><span id=\"iqklb\">Cây khuynh diệp: Có tác dụng giữ ẩm, cân bằng pH, giảm thiểu tình trạng khô sần, mất nước trên da. Đặc biệt hỗ trợ điều trị các vấn đề về viêm da.</span></p></li><li dir=\"ltr\" aria-level=\"1\" id=\"iwjti\"><p dir=\"ltr\" role=\"presentation\" id=\"i7fnj\"><span id=\"iiyto\">Lá bạc hà táo: Loại bỏ mụn đầu đen, loại bỏ nếp nhăn và cải thiện vùng da không đều màu.&nbsp;</span></p></li><li dir=\"ltr\" aria-level=\"1\" id=\"iwkaz\"><p dir=\"ltr\" role=\"presentation\" id=\"i3m9e\"><span id=\"iwiq3\">Hợp chất thảo mộc: Kháng viêm, kháng khuẩn, tăng cường sức đề kháng giúp da khỏe mạnh từ sâu bên trong.&nbsp;</span></p></li></ul><p dir=\"ltr\" id=\"i354j\"><span id=\"i8kpd\">Công dụng chính</span></p><ul id=\"i5gsd\"><li dir=\"ltr\" aria-level=\"1\" id=\"it94x\"><p dir=\"ltr\" role=\"presentation\" id=\"ixe43\"><span id=\"io41g\">Làm sạch dịu nhẹ lớp bụi bẩn, trang điểm còn sót lại trên da.</span></p></li><li dir=\"ltr\" aria-level=\"1\" id=\"i6mca\"><p dir=\"ltr\" role=\"presentation\" id=\"icklw\"><span id=\"i0o9a\">Cấp ẩm chuyên sâu, hạn chế tình trạng khô da.</span></p></li><li dir=\"ltr\" aria-level=\"1\" id=\"ivdvu\"><p dir=\"ltr\" role=\"presentation\" id=\"iiqyf\"><span id=\"im6pz\">Điều chỉnh bã nhờn, cân bằng lượng dầu và nước trên da hợp lý.</span></p></li><li dir=\"ltr\" aria-level=\"1\" id=\"iwzy7\"><p dir=\"ltr\" role=\"presentation\" id=\"i9io3\"><span id=\"iuhsy\">Loại bỏ lớp bóng nhờn giúp gương mặt tươi tắn, tràn đầy sức sống.</span></p></li><li dir=\"ltr\" aria-level=\"1\" id=\"il4qd\"><p dir=\"ltr\" role=\"presentation\" id=\"iaptg\"><span id=\"ic3pt\">Tạo hàng rào ẩm tự nhiên bảo vệ da khỏi các tác nhân gây hại.</span></p></li><li dir=\"ltr\" aria-level=\"1\" id=\"ivsr8\"><p dir=\"ltr\" role=\"presentation\" id=\"inq8b\"><span id=\"ivfph\">Giảm thiểu tình trạng viêm da, kích ứng, kể cả da nhạy cảm.</span></p></li><li dir=\"ltr\" aria-level=\"1\" id=\"ick95\"><p dir=\"ltr\" role=\"presentation\" id=\"ivwjs\"><span id=\"is5h8\">Phục hồi sinh khí giúp da khỏe mạnh, tái tạo cấu trúc làn da mới.</span></p></li><li dir=\"ltr\" aria-level=\"1\" id=\"iicni\"><p dir=\"ltr\" role=\"presentation\" id=\"ib1uh\"><span id=\"i326q\">Không có cảm giác khô căng sau khi sử dụng.</span></p></li></ul><p dir=\"ltr\" id=\"ijr5j\"><span id=\"ikkxk\">Hướng dẫn sử dụng</span></p><p dir=\"ltr\" id=\"idjql\"><span id=\"i5r1o\">Sau khi làm sạch da mặt, thấm một lượng toner vừa đủ ra bông tẩy trang lau nhẹ nhàng lên toàn bộ gương mặt.&nbsp;</span></p><br><br></span></div><style>* { box-sizing: border-box; } body {margin: 0;}#ialb{padding:10px;text-align:justify;}#iy3l{line-height:1.656;margin-top:0pt;margin-bottom:0pt;}#ik46{font-size:11pt;font-family:Arial;color:rgb(0, 0, 0);background-color:transparent;font-variant-numeric:normal;font-variant-east-asian:normal;vertical-align:baseline;white-space:pre-wrap;}#ibey{line-height:1.656;margin-top:0pt;margin-bottom:0pt;}#ii8o{font-size:11pt;font-family:Arial;color:rgb(0, 0, 0);background-color:transparent;font-variant-numeric:normal;font-variant-east-asian:normal;vertical-align:baseline;white-space:pre-wrap;}#i0vup{line-height:1.656;margin-top:0pt;margin-bottom:0pt;}#ibtrm{font-size:11pt;font-family:Arial;color:rgb(0, 0, 0);background-color:transparent;font-variant-numeric:normal;font-variant-east-asian:normal;vertical-align:baseline;white-space:pre-wrap;}#iwrhq{line-height:1.38;margin-top:0pt;margin-bottom:0pt;}#i03zh{font-size:11pt;font-family:Arial;color:rgb(0, 0, 0);background-color:transparent;font-variant-numeric:normal;font-variant-east-asian:normal;vertical-align:baseline;white-space:pre-wrap;}#iofzx{line-height:1.656;margin-top:0pt;margin-bottom:0pt;}#ikcmz{line-height:1.656;margin-top:0pt;margin-bottom:0pt;}#ihuw6{font-size:11pt;font-family:Arial;color:rgb(0, 0, 0);background-color:transparent;font-variant-numeric:normal;font-variant-east-asian:normal;vertical-align:baseline;white-space:pre-wrap;}#imrg4{margin-bottom:0px;padding-inline-start:48px;}#i1jrg{list-style-type:circle;font-size:10.5pt;font-family:Arial;color:rgb(0, 0, 0);background-color:transparent;font-variant-numeric:normal;font-variant-east-asian:normal;vertical-align:baseline;white-space:pre;margin-left:15pt;}#i5977{line-height:1.38;margin-top:0pt;margin-bottom:0pt;}#iqklb{font-size:11pt;background-color:transparent;font-variant-numeric:normal;font-variant-east-asian:normal;vertical-align:baseline;white-space:pre-wrap;}#iwjti{list-style-type:circle;font-size:10.5pt;font-family:Arial;color:rgb(0, 0, 0);background-color:transparent;font-variant-numeric:normal;font-variant-east-asian:normal;vertical-align:baseline;white-space:pre;margin-left:15pt;}#i7fnj{line-height:1.38;margin-top:0pt;margin-bottom:0pt;}#iiyto{font-size:11pt;background-color:transparent;font-variant-numeric:normal;font-variant-east-asian:normal;vertical-align:baseline;white-space:pre-wrap;}#iwkaz{list-style-type:circle;font-size:10.5pt;font-family:Arial;color:rgb(0, 0, 0);background-color:transparent;font-variant-numeric:normal;font-variant-east-asian:normal;vertical-align:baseline;white-space:pre;margin-left:15pt;}#i3m9e{line-height:1.38;margin-top:0pt;margin-bottom:0pt;}#iwiq3{font-size:11pt;background-color:transparent;font-variant-numeric:normal;font-variant-east-asian:normal;vertical-align:baseline;white-space:pre-wrap;}#i354j{line-height:1.656;margin-top:0pt;margin-bottom:0pt;}#i8kpd{font-size:11pt;font-family:Arial;color:rgb(0, 0, 0);background-color:transparent;font-variant-numeric:normal;font-variant-east-asian:normal;vertical-align:baseline;white-space:pre-wrap;}#i5gsd{margin-bottom:0px;padding-inline-start:48px;}#it94x{list-style-type:circle;font-size:10.5pt;font-family:Arial;color:rgb(0, 0, 0);background-color:transparent;font-variant-numeric:normal;font-variant-east-asian:normal;vertical-align:baseline;white-space:pre;margin-left:15pt;}#ixe43{line-height:1.38;margin-top:0pt;margin-bottom:0pt;}#io41g{font-size:11pt;background-color:transparent;font-variant-numeric:normal;font-variant-east-asian:normal;vertical-align:baseline;white-space:pre-wrap;}#i6mca{list-style-type:circle;font-size:10.5pt;font-family:Arial;color:rgb(0, 0, 0);background-color:transparent;font-variant-numeric:normal;font-variant-east-asian:normal;vertical-align:baseline;white-space:pre;margin-left:15pt;}#icklw{line-height:1.38;margin-top:0pt;margin-bottom:0pt;}#i0o9a{font-size:11pt;background-color:transparent;font-variant-numeric:normal;font-variant-east-asian:normal;vertical-align:baseline;white-space:pre-wrap;}#ivdvu{list-style-type:circle;font-size:10.5pt;font-family:Arial;color:rgb(0, 0, 0);background-color:transparent;font-variant-numeric:normal;font-variant-east-asian:normal;vertical-align:baseline;white-space:pre;margin-left:15pt;}#iiqyf{line-height:1.38;margin-top:0pt;margin-bottom:0pt;}#im6pz{font-size:11pt;background-color:transparent;font-variant-numeric:normal;font-variant-east-asian:normal;vertical-align:baseline;white-space:pre-wrap;}#iwzy7{list-style-type:circle;font-size:10.5pt;font-family:Arial;color:rgb(0, 0, 0);background-color:transparent;font-variant-numeric:normal;font-variant-east-asian:normal;vertical-align:baseline;white-space:pre;margin-left:15pt;}#i9io3{line-height:1.38;margin-top:0pt;margin-bottom:0pt;}#iuhsy{font-size:11pt;background-color:transparent;font-variant-numeric:normal;font-variant-east-asian:normal;vertical-align:baseline;white-space:pre-wrap;}#il4qd{list-style-type:circle;font-size:10.5pt;font-family:Arial;color:rgb(0, 0, 0);background-color:transparent;font-variant-numeric:normal;font-variant-east-asian:normal;vertical-align:baseline;white-space:pre;margin-left:15pt;}#iaptg{line-height:1.38;margin-top:0pt;margin-bottom:0pt;}#ic3pt{font-size:11pt;background-color:transparent;font-variant-numeric:normal;font-variant-east-asian:normal;vertical-align:baseline;white-space:pre-wrap;}#ivsr8{list-style-type:circle;font-size:10.5pt;font-family:Arial;color:rgb(0, 0, 0);background-color:transparent;font-variant-numeric:normal;font-variant-east-asian:normal;vertical-align:baseline;white-space:pre;margin-left:15pt;}#inq8b{line-height:1.38;margin-top:0pt;margin-bottom:0pt;}#ivfph{font-size:11pt;background-color:transparent;font-variant-numeric:normal;font-variant-east-asian:normal;vertical-align:baseline;white-space:pre-wrap;}#ick95{list-style-type:circle;font-size:10.5pt;font-family:Arial;color:rgb(0, 0, 0);background-color:transparent;font-variant-numeric:normal;font-variant-east-asian:normal;vertical-align:baseline;white-space:pre;margin-left:15pt;}#ivwjs{line-height:1.38;margin-top:0pt;margin-bottom:0pt;}#is5h8{font-size:11pt;background-color:transparent;font-variant-numeric:normal;font-variant-east-asian:normal;vertical-align:baseline;white-space:pre-wrap;}#iicni{list-style-type:circle;font-size:10.5pt;font-family:Arial;color:rgb(0, 0, 0);background-color:transparent;font-variant-numeric:normal;font-variant-east-asian:normal;vertical-align:baseline;white-space:pre;margin-left:15pt;}#ib1uh{line-height:1.38;margin-top:0pt;margin-bottom:0pt;}#i326q{font-size:11pt;background-color:transparent;font-variant-numeric:normal;font-variant-east-asian:normal;vertical-align:baseline;white-space:pre-wrap;}#ijr5j{line-height:1.656;margin-top:0pt;margin-bottom:0pt;}#ikkxk{font-size:11pt;font-family:Arial;color:rgb(0, 0, 0);background-color:transparent;font-variant-numeric:normal;font-variant-east-asian:normal;vertical-align:baseline;white-space:pre-wrap;}#idjql{line-height:1.656;margin-top:0pt;margin-bottom:0pt;}#i5r1o{font-size:11pt;font-family:Arial;color:rgb(0, 0, 0);background-color:transparent;font-variant-numeric:normal;font-variant-east-asian:normal;vertical-align:baseline;white-space:pre-wrap;}</style>', '2022-12-01 17:29:07', 0, 65, 42, 200, 'ml', 'Unit', 0, 1, 22, 3, 800000),
(52100443, 'Kem Cấp Ẩm Tức Thì Dạng Gel Belif The True Cream Aqua Bomb 50ml', 1, '<div id=\"icxg\"><span id=\"docs-internal-guid-73152e9a-7fff-b0e5-d673-ca955d985cc1\"><p dir=\"ltr\" id=\"il4k\"><span id=\"i70r\">Công dụng chính: </span><span id=\"icpn\">Cung cấp nước liên tục và phục hồi làn da tràn đầy sức sống.</span></p><p dir=\"ltr\" id=\"i4it\"><span id=\"im66c\">Loại da phù hợp: </span><span id=\"i07h9\">Thích hợp cho da dầu, hỗn hợp thiên dầu, thiếu nước, đang gặp vấn đề về mụn.&nbsp;</span></p><p dir=\"ltr\" id=\"i139k\"><span id=\"i6qdv\">Thành phần chính:</span><span id=\"ivc3f\"> Chiết xuất hoa hồng và bạc hà.</span></p><p dir=\"ltr\" id=\"ibyfp\"><span id=\"imnei\">Kem cấp ẩm tức thì dạng gel BELIF The True Cream Aqua Bomb được ví như quả bom nước cung cấp nước liên tục, giúp da không bị thoát nước, khô sần. Thương hiệu cam kết tăng lượng nước lên gấp 70% và được kiểm chứng da liễu an toàn cho da, kể cả làn da nhạy cảm, thường xuyên kích ứng với mỹ phẩm, hóa chất.</span></p><div id=\"inff2\"><div id=\"iwmf8\"><img src=\"https://file.hstatic.net/1000036599/file/11_9c8bd59acf414acdac2e4428dcc7ff6c.png\" id=\"ilm4w\"></div></div><h2 id=\"i5bfi\">Thành phần nổi bật</h2><p dir=\"ltr\" id=\"ivyvt\"><span id=\"ip3c7\">- Hoa hồng Lady\'s Mantle: Đây được xem là \"thần dược\" bổ sung ẩm mang lại làn da ẩm mượt, căng mọng như ngậm nước suốt nhiều giờ liền.&nbsp;</span></p><p dir=\"ltr\" id=\"i03v7\"><span id=\"irauo\">- Bạc hà: Hỗ trợ điều trị mụn đầu đen, trứng cá, làm chậm quá trình lão hóa và bảo vệ da khỏi các tác nhân gây hại.</span></p><p dir=\"ltr\" id=\"ifqti\"><span id=\"iz5a3\">- Salicylic acid: Có tác dụng chống viêm, kháng khuẩn, loại bỏ bã nhờn, vi khuẩn gây hại trú ngụ sâu trong lỗ chân lông.&nbsp;</span></p><h2 id=\"iuwhh\">Công dụng chính</h2><p dir=\"ltr\" id=\"if4eq\"><span id=\"ibdwb\">- Bổ sung nước tức thì lên đến 70% giúp da căng mịn, ẩm mượt.</span></p><p dir=\"ltr\" id=\"i2smi\"><span id=\"ierc1\">- Làm dịu, giảm thiểu sự xuất hiện của lỗ chân lông to.</span></p><p dir=\"ltr\" id=\"iykks\"><span id=\"if8t6\">- Làm chậm quá trình lão hóa, làm đầy nếp nhăn.</span></p><p dir=\"ltr\" id=\"i1dzg\"><span id=\"ivyjb\">- Giảm kích ứng, mẩn đỏ và nốt mụn sưng viêm.</span></p><h2 id=\"i3lri\">Cảm giác khi sử dụng</h2><p dir=\"ltr\" id=\"iyqg5\"><span id=\"it7jp\">- Chất gel mát lạnh, tan nhanh trên da, không gây bết dính.</span></p><p dir=\"ltr\" id=\"izo3j\"><span id=\"in3jg\">- Không có cảm giác khô căng sau khi sử dụng.</span></p><p dir=\"ltr\" id=\"i0ib7\"><span id=\"i96i4\">- Da khỏe, tươi tắn chỉ sau thời gian ngắn.</span></p><h2 id=\"i1eet\">Hướng dẫn sử dụng</h2><p dir=\"ltr\" id=\"icncf\"><span id=\"i4dbg\">- Sau khi làm sạch da mặt, lau nhẹ với một lớp toner.</span></p><p dir=\"ltr\" id=\"ioxzl\"><span id=\"ii88p\">- Cho lượng kem dưỡng thoa đều lên gương mặt, dùng tay vỗ nhẹ để dưỡng chất thấm sâu vào bên trong da.</span></p><div><span id=\"ixhp8\"><br></span></div></span></div><style>* { box-sizing: border-box; } body {margin: 0;}*{box-sizing:border-box;}body{margin-top:0px;margin-right:0px;margin-bottom:0px;margin-left:0px;}#icxg{padding-top:10px;padding-right:10px;padding-bottom:10px;padding-left:10px;text-align:justify;}#il4k{line-height:1.38;text-align:justify;margin-top:12pt;margin-bottom:0pt;padding-top:0pt;padding-right:0pt;padding-bottom:12pt;padding-left:0pt;}#i70r{font-size:11.5pt;font-family:Arial;color:rgb(0, 0, 0);font-weight:700;font-variant-numeric:normal;font-variant-east-asian:normal;vertical-align:baseline;white-space:pre-wrap;}#icpn{font-size:11.5pt;font-family:Arial;color:rgb(0, 0, 0);font-variant-numeric:normal;font-variant-east-asian:normal;vertical-align:baseline;white-space:pre-wrap;}#i4it{line-height:1.38;text-align:justify;margin-top:0pt;margin-bottom:0pt;padding-top:0pt;padding-right:0pt;padding-bottom:12pt;padding-left:0pt;}#im66c{font-size:11.5pt;font-family:Arial;color:rgb(0, 0, 0);font-weight:700;font-variant-numeric:normal;font-variant-east-asian:normal;vertical-align:baseline;white-space:pre-wrap;}#i07h9{font-size:11.5pt;font-family:Arial;color:rgb(0, 0, 0);font-variant-numeric:normal;font-variant-east-asian:normal;vertical-align:baseline;white-space:pre-wrap;}#i139k{line-height:1.38;text-align:justify;margin-top:0pt;margin-bottom:0pt;padding-top:0pt;padding-right:0pt;padding-bottom:12pt;padding-left:0pt;}#i6qdv{font-size:11.5pt;font-family:Arial;color:rgb(0, 0, 0);font-weight:700;font-variant-numeric:normal;font-variant-east-asian:normal;vertical-align:baseline;white-space:pre-wrap;}#ivc3f{font-size:11.5pt;font-family:Arial;color:rgb(0, 0, 0);font-variant-numeric:normal;font-variant-east-asian:normal;vertical-align:baseline;white-space:pre-wrap;}#ibyfp{line-height:1.38;text-align:justify;margin-top:0pt;margin-bottom:0pt;padding-top:0pt;padding-right:0pt;padding-bottom:12pt;padding-left:0pt;}#imnei{font-size:11.5pt;font-family:Arial;color:rgb(0, 0, 0);font-variant-numeric:normal;font-variant-east-asian:normal;vertical-align:baseline;white-space:pre-wrap;}#ivyvt{line-height:1.38;text-align:justify;margin-top:0pt;margin-bottom:0pt;padding-top:0pt;padding-right:0pt;padding-bottom:12pt;padding-left:0pt;}#ip3c7{font-size:11.5pt;font-family:Arial;color:rgb(0, 0, 0);font-variant-numeric:normal;font-variant-east-asian:normal;vertical-align:baseline;white-space:pre-wrap;}#i03v7{line-height:1.38;text-align:justify;margin-top:0pt;margin-bottom:0pt;padding-top:0pt;padding-right:0pt;padding-bottom:12pt;padding-left:0pt;}#irauo{font-size:11.5pt;font-family:Arial;color:rgb(0, 0, 0);font-variant-numeric:normal;font-variant-east-asian:normal;vertical-align:baseline;white-space:pre-wrap;}#ifqti{line-height:1.38;text-align:justify;margin-top:0pt;margin-bottom:0pt;padding-top:0pt;padding-right:0pt;padding-bottom:12pt;padding-left:0pt;}#iz5a3{font-size:11.5pt;font-family:Arial;color:rgb(0, 0, 0);font-variant-numeric:normal;font-variant-east-asian:normal;vertical-align:baseline;white-space:pre-wrap;}#if4eq{line-height:1.38;text-align:justify;margin-top:0pt;margin-bottom:0pt;padding-top:0pt;padding-right:0pt;padding-bottom:12pt;padding-left:0pt;}#ibdwb{font-size:11.5pt;font-family:Arial;color:rgb(0, 0, 0);font-variant-numeric:normal;font-variant-east-asian:normal;vertical-align:baseline;white-space:pre-wrap;}#i2smi{line-height:1.38;text-align:justify;margin-top:0pt;margin-bottom:0pt;padding-top:0pt;padding-right:0pt;padding-bottom:12pt;padding-left:0pt;}#ierc1{font-size:11.5pt;font-family:Arial;color:rgb(0, 0, 0);font-variant-numeric:normal;font-variant-east-asian:normal;vertical-align:baseline;white-space:pre-wrap;}#iykks{line-height:1.38;text-align:justify;margin-top:0pt;margin-bottom:0pt;padding-top:0pt;padding-right:0pt;padding-bottom:12pt;padding-left:0pt;}#if8t6{font-size:11.5pt;font-family:Arial;color:rgb(0, 0, 0);font-variant-numeric:normal;font-variant-east-asian:normal;vertical-align:baseline;white-space:pre-wrap;}#i1dzg{line-height:1.38;text-align:justify;margin-top:0pt;margin-bottom:0pt;padding-top:0pt;padding-right:0pt;padding-bottom:12pt;padding-left:0pt;}#ivyjb{font-size:11.5pt;font-family:Arial;color:rgb(0, 0, 0);font-variant-numeric:normal;font-variant-east-asian:normal;vertical-align:baseline;white-space:pre-wrap;}#iyqg5{line-height:1.38;text-align:justify;margin-top:0pt;margin-bottom:0pt;padding-top:0pt;padding-right:0pt;padding-bottom:12pt;padding-left:0pt;}#it7jp{font-size:11.5pt;font-family:Arial;color:rgb(0, 0, 0);font-variant-numeric:normal;font-variant-east-asian:normal;vertical-align:baseline;white-space:pre-wrap;}#izo3j{line-height:1.38;text-align:justify;margin-top:0pt;margin-bottom:0pt;padding-top:0pt;padding-right:0pt;padding-bottom:12pt;padding-left:0pt;}#in3jg{font-size:11.5pt;font-family:Arial;color:rgb(0, 0, 0);font-variant-numeric:normal;font-variant-east-asian:normal;vertical-align:baseline;white-space:pre-wrap;}#i0ib7{line-height:1.38;text-align:justify;margin-top:0pt;margin-bottom:0pt;padding-top:0pt;padding-right:0pt;padding-bottom:12pt;padding-left:0pt;}#i96i4{font-size:11.5pt;font-family:Arial;color:rgb(0, 0, 0);font-variant-numeric:normal;font-variant-east-asian:normal;vertical-align:baseline;white-space:pre-wrap;}#icncf{line-height:1.38;text-align:justify;margin-top:0pt;margin-bottom:0pt;padding-top:0pt;padding-right:0pt;padding-bottom:12pt;padding-left:0pt;}#i4dbg{font-size:11.5pt;font-family:Arial;color:rgb(0, 0, 0);font-variant-numeric:normal;font-variant-east-asian:normal;vertical-align:baseline;white-space:pre-wrap;}#ioxzl{line-height:1.38;text-align:justify;margin-top:0pt;margin-bottom:12pt;}#ii88p{font-size:11.5pt;font-family:Arial;color:rgb(0, 0, 0);font-variant-numeric:normal;font-variant-east-asian:normal;vertical-align:baseline;white-space:pre-wrap;}#ixhp8{font-size:11.5pt;font-family:Arial;color:rgb(0, 0, 0);font-variant-numeric:normal;font-variant-east-asian:normal;vertical-align:baseline;white-space:pre-wrap;}#inff2{padding:10px;}#iwmf8{font-family:Poppins, sans-serif;-webkit-font-smoothing:antialiased;text-align:left;}#ilm4w{font-family:var(--font-family);font-size:16px;white-space:pre-line;margin:0px;padding:0px;display:block;max-width:100%;-webkit-font-smoothing:antialiased;}</style>', '2022-12-01 17:33:53', 0, 54, 15, 50, 'ml', 'Unit', 0, 1, 26, 3, 1100000),
(52101327, 'Nước Dưỡng Chống Lão Hóa Belif Age Knockdown Water Essence 120ml', 1, '<p style=\"text-align: justify;\"><em><span style=\"font-size:16px\">Công dụng chính: Củng cố nền tảng sức khỏe da, bổ sung ẩm và bảo vệ làn da khỏi tác nhân gây hại mang lại làn da khỏe mạnh, rạng ngời.</span></em></p><p style=\"text-align: justify;\"><em><span style=\"font-size:16px\">Loại da phù hợp: Mọi loại da,&nbsp;</span></em></p><div style=\"text-align: justify;\"><em><span style=\"font-size:16px\">Thành phần chính: Cây ngón biển.</span></em></div><div style=\"text-align: justify;\"><p style=\"text-align: center\"><img src=\"//file.hstatic.net/1000036599/file/dewafe_6fc0ed229e40431aa8e63967e71b2906.png\"></p></div><div><p style=\"text-align: justify;\"><span style=\"font-size:16px\">Nước dưỡng chống lão hóa Belif Age Knockdown Water Essence ra đời với sứ&nbsp;mệnh là sức mạnh cơ bản cho làn da. Sản phẩm là tiền serum, tạo bước nền giúp da hấp thụ dưỡng chất tốt nhất. Bên cạnh đó còn củng cố màng ẩm tự nhiên, giảm thiểu tình trạng bong tróc, khô sần và thoát nước trên da hiệu quả.&nbsp;</span></p><h2 style=\"text-align: justify;\"><strong><span style=\"font-size:28px\">Thành phần nổi bật</span></strong></h2><p style=\"text-align: justify;\"><strong><span style=\"font-size:16px\">Yếu tố cơ bản 1 - Độ ẩm</span></strong></p><ul><li style=\"text-align: justify;\"><span style=\"font-size:16px\"><strong>L - Serine:</strong> Chăm sóc bề mặt da, giúp da hấp thụ dưỡng chất dễ dàng và củng cố màng bảo vệ làn da khỏi tác nhân gây hại.</span></li><li style=\"text-align: justify;\"><span style=\"font-size:16px\"><strong>Ceramide: </strong>Duy trì độ ẩm, ngăn ngừa tình trạng thoát nước giúp da căng mịn và ẩm mượt.</span></li><li style=\"text-align: justify;\"><span style=\"font-size:16px\"><strong>Cây ngón biển:</strong> Tăng cường hyaluronic acid đóng vai trò dưỡng ẩm chính trong sản phẩm và củng cố màng bảo vệ ẩm trên da, ngăn ngừa tình trạng thoát nước.</span></li></ul><p style=\"text-align: justify;\"><span style=\"font-size:16px\">Công thức Napier nguyên bản gồm các thành phần như hoa cúc, yến mạch, cỏ bạc hà, lá mâm xôi, chàm bụi và cỏ tinh thảo có công dụng như sau:</span></p><ul><li><span style=\"font-size:16px\">Yếu tố duy trì 1 - Hoạt hóa tế bào, nuôi dưỡng da, bảo vệ da khỏi các tác nhân gây hại.&nbsp;</span></li><li><span style=\"font-size:16px\">Yếu tố duy trì 2 - Chống oxy hóa, loại bỏ các oxy hoạt tính. hỗ trợ làm dịu da và chống lão hóa hiệu quả.</span></li></ul><p style=\"text-align: justify;\"><span style=\"font-size:16px\">Đặc biệt, tinh chất&nbsp;được sản xuất với công thức không bết dính. Sản phẩm chứa nhiều dưỡng chất với màng polymer chiết xuất từ tảo biển. Khi thoa lên da nhanh chóng tan ra, không để lại cảm giác nhờn rít hay bết dính.&nbsp;</span></p><h2 style=\"text-align: justify;\"><strong><span style=\"font-size:28px\">Công dụng chính</span></strong></h2><ul><li style=\"text-align: justify;\"><span style=\"font-size:16px\">Cấp ẩm, là bước đệm giúp da hấp thụ dưỡng chất tốt nhất.</span></li><li style=\"text-align: justify;\"><span style=\"font-size:16px\">Bảo vệ da khỏi các tác nhân gây hại.</span></li><li style=\"text-align: justify;\"><span style=\"font-size:16px\">Tăng cường độ đàn hồi, chống chảy xệ, lão hóa da.</span></li><li style=\"text-align: justify;\"><span style=\"font-size:16px\">Cải thiện kết cấu da.</span></li><li style=\"text-align: justify;\"><span style=\"font-size:16px\">Chống oxy hóa, nuôi dưỡng da từ sâu bên trong.</span></li></ul><p style=\"text-align: justify;\"><strong><span style=\"font-size:16px\">Hướng dẫn sử dụng</span></strong></p><ul><li style=\"text-align: justify;\"><span style=\"font-size:16px\">Làm sạch da mặt, cho toner ra bông tẩy trang lau nhẹ toàn bộ gương mặt.</span></li><li style=\"text-align: justify;\"><span style=\"font-size:16px\">Lấy một lượng serum cần thiết thoa đều và vỗ nhẹ lên mặt.</span></li></ul><p style=\"text-align: justify;\"><span style=\"font-size:16px\"><strong>Khuyên dùng:</strong> Toner-&gt;Tiền serum (Nước Dưỡng Chống Lão Hóa BELIF AGE KNOCKDOWN WATER ESSENCE)&nbsp;-&gt;Tinh Chất Ngăn Ngừa Lão Hóa Toàn Diện BELIF AGE KNOCKDOWN BOMB</span></p></div>', '2022-12-01 17:33:50', 0, 18, 10, 120, 'ml', 'Unit', 0, 1, 25, 3, 2000000);
INSERT INTO `product` (`IDProduct`, `NameProduct`, `IDBrand`, `Description`, `CreatedOn`, `IsDeleted`, `Stock`, `TotalPurchaseQuantity`, `Mass`, `UnitsOfMass`, `Units`, `ApplyTaxes`, `StatusSale`, `IDTag`, `IDType`, `ListPrice`) VALUES
(52101453, 'Tinh Chất Dưỡng Trắng Da Chống Oxy Hóa Belif Aqua Bomb Brightening Ampoule Serum 50ml', 1, '<p style=\"text-align: justify;\"><em><span style=\"font-size:16px\">Công dụng chính: Cấp ẩm, chống oxy hóa và làm sáng da mang lại làn da khỏe mạnh, tràn đầy sức sống.</span></em></p><p style=\"text-align: justify;\"><em><span style=\"font-size:16px\">Loại da phù hợp: Mọi loại da.</span></em></p><div style=\"text-align: justify;\"><em><span style=\"font-size:16px\">Thành phần chính: Chiết xuất hắc mai biển và 8 loại thảo mộc quý hiếm.</span></em></div><div style=\"text-align: justify;\"><p style=\"text-align: center\"><img src=\"//file.hstatic.net/1000036599/file/dw_98343d685995496e9798609fe1413466.png\"></p></div><div><p style=\"text-align: justify;\"><span style=\"font-size:16px\">Tinh chất dưỡng trắng da chống oxy hóa BELIF Aqua Bomb Brightening Ampoule Serum chứa công thức dưỡng ẩm với thảo mộc truyền thống 160 năm tuổi của Aqua Bomb giúp cấp ẩm chuyên sâu, mang lại làn da căng mịn tràn đầy sức sống.&nbsp;</span></p><p style=\"text-align: justify;\"><span style=\"font-size:16px\">Brightening Ampoule Serum được điều chế với khả năng chống oxy hóa mạnh mẽ của Tocopherol được tìm thấy trong Herb-Toco Formula™ và Vitamin E cho làn da trong suốt và khỏe mạnh. Sản phẩm không chứa dầu khoáng, thành phần nguồn gốc động vật mùi hương và màu tổng hợp.&nbsp;</span></p><h2 style=\"text-align: justify;\"><strong><span style=\"font-size:28px\">Thành phần nổi bật</span></strong></h2><p style=\"text-align: justify;\"><span style=\"font-size:16px\"><strong>Herb-Toco Formula™ và Vitamin E:</strong> Gồm hắc mai biển, cây rum, hạt bông, trà xanh, hạt hướng dương, quả mơ, hạt lanh và đậu đen giúp chống oxy hóa, bảo vệ da khỏi tác nhân gây hại, bổ sung độ ẩm và ngăn ngừa tình trạng thoát nước, mất nước trên da.&nbsp;</span></p><p style=\"text-align: justify;\"><span style=\"font-size:16px\"><strong>Niacinemide (2%):</strong> Ngăn chặn sự hình thành của các sắc tố đen, cải thiện vùng da không đều màu mang lại làn da trắng sáng, rạng rỡ.</span></p><p style=\"text-align: justify;\"><span style=\"font-size:16px\"><strong>Vitamin C: </strong>Từ hắc mai biển giúp ngăn ngừa suy giảm lượng collagen, làm dịu da và sáng da.</span></p><h2 style=\"text-align: justify;\"><strong><span style=\"font-size:28px\">Công thức nổi bật</span></strong></h2><p style=\"text-align: justify;\"><span style=\"font-size:16px\"><strong>Công thức Napier nguyên bản: </strong>Gồm các thành phần như hoa cúc, yến mạch, cỏ bạc hà, lá mâm xôi, chàm bụi và cỏ tinh thảo. Đây là công thức chính trong các sản phẩm của Belif giúp chống oxy hóa, làm chậm quá trình lão hóa và ngăn ngừa mụn hiệu quả.&nbsp;</span></p><p style=\"text-align: justify;\"><span style=\"font-size:16px\"><strong>Công thức Napiers dưỡng trắng:</strong> Gồm hạt yến mạch, cúc vạn diệp, hoa hồng, cúc la mã, oải hương hỗ trợ làm sáng và thải độc da mang lại làn da khỏe mạnh, tươi tắn.&nbsp;</span></p><p style=\"text-align: justify;\"><span style=\"font-size:16px\"><strong>Công thức Napiers cấp ẩm:</strong> Gồm cây tầm ma, cây áo choàng của quý bà (lady\'s mantle), cỏ đuôi ngựa, cây&nbsp;tinh thảo giúp cấp ẩm chuyên sâu, cải thiện độ đàn hồi cho làn da.</span></p><p style=\"text-align: justify;\"><span style=\"font-size:16px\"><strong>Công thức bong bóng dầu: </strong>Đây&nbsp;là sự kết hợp giữa nước thảo mộc và dầu Tocopherol. Khi thoa lên da, cái bong bóng sẽ tự vỡ ra và dài trải đều giúp da hấp thụ được dưỡng chất tốt nhất. Đặc biệt không gây bết dính, nhờn rít dù chứa rất nhiều dưỡng chất cấp ẩm.</span></p><h2 style=\"text-align: justify;\"><strong><span style=\"font-size:28px\">Công dụng chính</span></strong></h2><ul><li style=\"text-align: justify;\"><span style=\"font-size:16px\">Bổ sung độ ẩm mang lại làn da khỏe mạnh.</span></li><li style=\"text-align: justify;\"><span style=\"font-size:16px\">Làm trắng sáng, cải thiện xỉn màu da.</span></li><li style=\"text-align: justify;\"><span style=\"font-size:16px\">Chống oxy hóa, chống lão hóa.</span></li><li style=\"text-align: justify;\"><span style=\"font-size:16px\">Bảo vệ da khỏi tác nhân gây hại.</span></li></ul><p style=\"text-align: justify;\"><strong><span style=\"font-size:16px\">Hướng dẫn sử dụng</span></strong></p><p style=\"text-align: justify;\"><span style=\"font-size:16px\">Làm sạch da mặt, cho một lượng serum thoa đều lên mặt, massage để bong bóng dầu dàn trải đều và len lỏi vào sâu bên trong da.</span></p><p style=\"text-align: justify;\"><span style=\"font-size:16px\"><strong>Đối tượng KH</strong></span></p><ul><li style=\"text-align: justify;\"><span style=\"font-size:16px\">Làn&nbsp;da xỉn màu và nhợt nhạt</span></li><li style=\"text-align: justify;\"><span style=\"font-size:16px\">Làn da căng thẳng, mệt mỏi</span></li><li style=\"text-align: justify;\"><span style=\"font-size:16px\">Khách hàng muốn có quy trình&nbsp;chăm sóc da đơn giản</span></li></ul></div>', '2022-12-01 17:37:44', 0, 57, 23, 50, 'ml', 'Unit', 0, 1, 25, 3, 1550000),
(52101572, 'Tinh Chất Dưỡng Làm Mềm Da Và Tẩy Tế Bào Chết Nhẹ Nhàng Belif Super Drops - Pha 5% 30ml', 1, '<p style=\"text-align: justify;\"><em><strong>Công dụng chính: </strong>Có tác dụng làm mềm, tẩy da chết nhẹ nhàng, cân bằng độ ẩm mang lại làn da khỏe từ trong ra ngoài.</em></p><p style=\"text-align: justify;\"><em><strong>Loại da phù hợp:</strong> Mọi loại da.</em></p><div style=\"text-align: justify;\"><em><strong>Thành phần chính: </strong>Chiết xuất từ quả lựu, PHA.</em></div><div style=\"text-align: justify;\"><p style=\"text-align: center\"><img src=\"//file.hstatic.net/1000036599/file/xanh3_e8a7fef7110d46b48120d008435c0fae.png\"></p></div><div style=\"text-align: justify;\">Tinh chất BELIF SUPER DROPS chứa 5% PHA với công dụng tẩy da chết hóa học an toàn, giúp da hấp thụ dưỡng chất tốt nhất. PHA có kết cấu phân tử lớn,&nbsp;khác hẳn với AHA, BHA có khả năng hút ẩm tốt, hạn chế khô ráp và bong tróc trên làn da hiệu quả.</div><h2 style=\"text-align: justify;\">Thành phần nổi bật</h2><ul><li style=\"text-align: justify;\">Chiết xuất từ quả lựu: Hỗ trợ tẩy da chết tự nhiên, làm chậm quá trình lão hóa, cải thiện vùng da bị tối màu mang lại làn da mịn màng, sáng khỏe.&nbsp;</li><li style=\"text-align: justify;\">PHA: Tẩy tế bào chết gây hại đến làn da, giữ lại các tế bào khỏe mạnh, ức chế quá trình sản sinh của melanin và hồi phục da bị tổn thương.</li></ul><h2 style=\"text-align: justify;\">Công dụng chính</h2><ul><li style=\"text-align: justify;\">Làm mềm da, hỗ trợ tẩy da chết giúp lỗ chân lông thông thoáng, loại bỏ bụi bẩn còn sót lại trên da.</li><li style=\"text-align: justify;\">Cân bằng độ ẩm, giảm thiểu các tình trạng khô sần, bong tróc da.</li><li style=\"text-align: justify;\">Kháng viêm, kháng khuẩn bảo vệ da khỏi vi khuẩn gây mụn.</li><li style=\"text-align: justify;\">Làm sáng da một cách tự nhiên, an toàn.</li><li style=\"text-align: justify;\">Bảo vệ da khỏi các tác nhân gây hại.</li><li style=\"text-align: justify;\">Tái tạo tế bào mới, cải thiện cấu trúc làn da.</li><li style=\"text-align: justify;\">Hạn chế kích ứng, gây khô rát da.</li></ul><h3 style=\"text-align: justify;\">Hướng dẫn sử dụng</h3><div style=\"text-align: justify;\">Sau khi làm sạch da mặt, cho một lượng tinh chất ra lòng bàn tay thoa đều lên da và massage nhẹ nhàng để da được thư giãn.</div>', '2022-12-01 17:34:24', 0, 100, 14, 30, 'ml', 'Unit', 0, 1, 25, 3, 2000000),
(52101617, 'Tinh Chất Khoá Ẩm 10 Giây Belif Numero 10 Essence 75ml', 1, '<div id=\"ixlx\"><p id=\"ic5h\"><em id=\"ic1x\"><span id=\"ivm4\">Công dụng chính: Cấp ẩm cho da lên đến 40% trong 10 giây giúp da khỏe mạnh, tươi tắn.</span></em></p><p id=\"ixpj\"><em id=\"iqa4\"><span id=\"ica8\">Loại da phù hợp: Mọi loại da, kể cả da nhạy cảm.</span></em></p><div id=\"ie0nr\"><em id=\"i2cbb\"><span id=\"ikntk\">Thành phần chính: Chiết xuất cây thạch tùng đá.</span></em></div><div id=\"ipdyi\"><p id=\"ilddy\"><span id=\"i8dbq\">BELIF Numero 10 Essence là tinh chất khóa ẩm được lấy cảm hứng từ phòng tắm,&nbsp;khoảnh khắc vàng 10 giây sau khi rửa mặt. Không chỉ giúp da&nbsp;giữ được độ ẩm cần thiết mà còn làm đầy nếp nhăn, mang lại làn da trẻ trung, giữ mãi nét thanh xuân tươi đẹp. Sản phẩm&nbsp;được kiểm nghiệm da liễu và chiết xuất thành phần thiên nhiên lành tính, an toàn cho mọi làn da, kể cả da nhạy cảm. Đây là giải pháp tuyệt vời cho làn da thiếu ẩm, thiếu nước và thường xuyên bị khô sần, bong tróc.</span></p><h2 id=\"i5dqb\"><span id=\"i84wg\"><span id=\"is2xa\">Thành phần nổi bật</span></span></h2><p id=\"ijacr\"><span id=\"iqlkm\"><span id=\"iyla8\">Cây thạch tùng đá: </span>Cung cấp độ ẩm lên đến 57% mang đến làn da căng mịn, ẩm mượt. Đây là thành phần nổi bật của sản phẩm được các bác sĩ da liễu hàng đầu nghiên cứu và kiểm nghiệm lâm sàng.</span></p><h2 id=\"iy5u8\"><span id=\"idj7j\"><span id=\"igq1r\">Công dụng chính</span></span></h2><ul id=\"itxjq\"><li id=\"ij4cv\"><span id=\"i85ir\">Bổ sung độ ẩm cần thiết, giảm thiểu khô, bong tróc và ngứa rát.</span></li><li id=\"iqme3\"><span id=\"i1c9i\">Cân bằng độ pH, tăng cường độ đàn hồi.</span></li><li id=\"iq7ce\"><span id=\"iocmd\">Tăng cường sức đề kháng cho da.</span></li><li id=\"ijn2c\"><span id=\"i3qhi\">Làm chậm quá trình lão hóa, làm đầy nếp nhăn.</span></li><li id=\"ikpeg\"><span id=\"ilz5a\">Tạo hàng rào cấp ẩm và khóa ẩm giúp da luôn căng mịn.</span></li></ul><p id=\"iicuj\"><span id=\"ih4pw\"><span id=\"ifp6a\">Độ an toàn</span></span></p><p id=\"i0uxr\"><span id=\"i7j08\">Sản phẩm KHÔNG&nbsp;chứa 5 chất gây hại cho da, KHÔNG hương liệu, KHÔNG có nguồn gốc động vật.</span></p><p id=\"iflyh\"><span id=\"isa2l\"><span id=\"iwkzk\">Hướng dẫn sử dụng</span></span></p><p id=\"ic4a6\"><span id=\"ipx34\">Làm sạch da mặt, cho một lượng tinh chất vừa đủ thoa lên da, dùng tay vỗ nhẹ để dưỡng chất thấm sâu vào bên trong nuôi dưỡng da khỏe mạnh.&nbsp;</span></p></div></div><style>* { box-sizing: border-box; } body {margin: 0;}#ixlx{padding:10px;text-align:justify;}#ic5h{font-family:Poppins, sans-serif;margin-right:0px;margin-left:0px;padding:0px;white-space:pre-line;-webkit-font-smoothing:antialiased;text-align:justify;}#ic1x{font-family:var(--font-family);-webkit-font-smoothing:antialiased;}#ivm4{font-family:var(--font-family);-webkit-font-smoothing:antialiased;font-size:16px;}#ixpj{font-family:Poppins, sans-serif;margin-right:0px;margin-left:0px;padding:0px;white-space:pre-line;-webkit-font-smoothing:antialiased;text-align:justify;}#iqa4{font-family:var(--font-family);-webkit-font-smoothing:antialiased;}#ica8{font-family:var(--font-family);-webkit-font-smoothing:antialiased;font-size:16px;}#ie0nr{font-family:Poppins, sans-serif;-webkit-font-smoothing:antialiased;text-align:justify;}#i2cbb{font-family:var(--font-family);-webkit-font-smoothing:antialiased;}#ikntk{font-family:var(--font-family);-webkit-font-smoothing:antialiased;font-size:16px;}#ipdyi{font-family:Poppins, sans-serif;-webkit-font-smoothing:antialiased;}#ilddy{font-family:var(--font-family);margin-right:0px;margin-left:0px;padding:0px;white-space:pre-line;-webkit-font-smoothing:antialiased;text-align:justify;}#i8dbq{font-family:var(--font-family);-webkit-font-smoothing:antialiased;font-size:16px;}#i5dqb{font-family:var(--font-family);margin-top:1.2em;margin-right:0px;margin-left:0px;font-weight:600;padding:0px;-webkit-font-smoothing:antialiased;font-size:30px;line-height:1.35;text-align:justify;}#i84wg{font-family:var(--font-family);-webkit-font-smoothing:antialiased;}#is2xa{font-family:var(--font-family);-webkit-font-smoothing:antialiased;font-size:28px;}#ijacr{font-family:var(--font-family);margin-right:0px;margin-left:0px;padding:0px;white-space:pre-line;-webkit-font-smoothing:antialiased;text-align:justify;}#iqlkm{font-family:var(--font-family);-webkit-font-smoothing:antialiased;font-size:16px;}#iyla8{font-family:var(--font-family);font-weight:600;-webkit-font-smoothing:antialiased;}#iy5u8{font-family:var(--font-family);margin-top:1.2em;margin-right:0px;margin-left:0px;font-weight:600;padding:0px;-webkit-font-smoothing:antialiased;font-size:30px;line-height:1.35;text-align:justify;}#idj7j{font-family:var(--font-family);-webkit-font-smoothing:antialiased;}#igq1r{font-family:var(--font-family);-webkit-font-smoothing:antialiased;font-size:28px;}#itxjq{font-family:var(--font-family);margin-right:0px;margin-left:0px;-webkit-font-smoothing:antialiased;padding:0px;list-style-type:circle;}#ij4cv{font-family:var(--font-family);-webkit-font-smoothing:antialiased;margin:0px 0px 0px 20px;padding:0px 0px 0px 4px;text-align:justify;}#i85ir{font-family:var(--font-family);-webkit-font-smoothing:antialiased;font-size:16px;}#iqme3{font-family:var(--font-family);-webkit-font-smoothing:antialiased;margin:0px 0px 0px 20px;padding:0px 0px 0px 4px;text-align:justify;}#i1c9i{font-family:var(--font-family);-webkit-font-smoothing:antialiased;font-size:16px;}#iq7ce{font-family:var(--font-family);-webkit-font-smoothing:antialiased;margin:0px 0px 0px 20px;padding:0px 0px 0px 4px;text-align:justify;}#iocmd{font-family:var(--font-family);-webkit-font-smoothing:antialiased;font-size:16px;}#ijn2c{font-family:var(--font-family);-webkit-font-smoothing:antialiased;margin:0px 0px 0px 20px;padding:0px 0px 0px 4px;text-align:justify;}#i3qhi{font-family:var(--font-family);-webkit-font-smoothing:antialiased;font-size:16px;}#ikpeg{font-family:var(--font-family);-webkit-font-smoothing:antialiased;margin:0px 0px 0px 20px;padding:0px 0px 0px 4px;text-align:justify;}#ilz5a{font-family:var(--font-family);-webkit-font-smoothing:antialiased;font-size:16px;}#iicuj{font-family:var(--font-family);margin-right:0px;margin-left:0px;padding:0px;white-space:pre-line;-webkit-font-smoothing:antialiased;text-align:justify;}#ih4pw{font-family:var(--font-family);font-weight:600;-webkit-font-smoothing:antialiased;}#ifp6a{font-family:var(--font-family);-webkit-font-smoothing:antialiased;font-size:16px;}#i0uxr{font-family:var(--font-family);margin-right:0px;margin-left:0px;padding:0px;white-space:pre-line;-webkit-font-smoothing:antialiased;text-align:justify;}#i7j08{font-family:var(--font-family);-webkit-font-smoothing:antialiased;font-size:16px;}#iflyh{font-family:var(--font-family);margin-right:0px;margin-left:0px;padding:0px;white-space:pre-line;-webkit-font-smoothing:antialiased;text-align:justify;}#isa2l{font-family:var(--font-family);font-weight:600;-webkit-font-smoothing:antialiased;}#iwkzk{font-family:var(--font-family);-webkit-font-smoothing:antialiased;font-size:16px;}#ic4a6{font-family:var(--font-family);margin-right:0px;margin-left:0px;padding:0px;white-space:pre-line;-webkit-font-smoothing:antialiased;text-align:justify;}#ipx34{font-family:var(--font-family);-webkit-font-smoothing:antialiased;font-size:16px;}</style>', '2022-12-01 17:28:17', 0, 50, 18, 75, 'ml', 'Unit', 0, 1, 25, 3, 910000),
(52101802, 'Mặt Nạ Ngủ Dưỡng Sáng Da Belif Super Knight Multi Vitamin Mask 75ml', 1, '<div id=\"i4xl\"><p dir=\"ltr\" id=\"ia4l\"><span id=\"ic29\"><span id=\"iew5\"><span id=\"ii2c\"><i>Công dụng chính: </i><span id=\"iid8h\">Bổ sung độ ẩm, phục hồi da bị tổn thương chỉ sau một đêm mang lại làn da khỏe khoắn, tràn đầy sức sống.</span></span></span></span></p><p dir=\"ltr\" id=\"iv7t\"><span id=\"i0c3m\"><span id=\"iv9yg\"><span id=\"if01f\"><i>Thành phần chính: </i><span id=\"i7vmx\">Chứa 4 loại vitamin B3, C, E, B12<i>.</i></span></span></span></span></p><p dir=\"ltr\" id=\"io2iw\"><span id=\"idlal\"><span id=\"ifk7q\"><span id=\"i7vbi\"><i>Loại da phù hợp: </i><span id=\"i9lff\">Mọi loại da, đặc biệt là da xỉn màu, thiếu sức sống.</span></span></span></span></p><img id=\"ifi21\" src=\"https://image.hsv-tech.io/tfs/common/31e11535-31e1-47d8-95e7-2a472c6a0c0d.webp\"><h2 id=\"i7bjn\">Ưu điểm nổi bật</h2><p dir=\"ltr\" id=\"i1578\"><span id=\"i3sev\">- Sạc năng lượng cho làn da tươi tắn, rạng rỡ chỉ sau một đêm sử dụng.</span></p><p dir=\"ltr\" id=\"irxjo\"><span id=\"il6jx\">- Công thức Napiers Moisture Formula bổ sung độ ẩm, vitamin và làm mờ thâm nám, đốm nâu hiệu quả.</span></p><p dir=\"ltr\" id=\"izqpk\"><span id=\"iib19\">- Cân bằng lượng dầu-nước trên da, đảm bảo da căng mịn suốt nhiều giờ liền.</span></p><p dir=\"ltr\" id=\"i0oxc\"><span id=\"i1qxj\">- Công thức Napiers Original Formula giúp chống oxy hóa, giảm thâm, nám.</span></p><p dir=\"ltr\" id=\"isie8\"><span id=\"iknvl\">- Công thức Multi Vitamin Complex TM giúp tái sinh làn da mệt mỏi, thiếu sức sống.</span></p><p dir=\"ltr\" id=\"ijs3w\"><span id=\"ihamn\">- Bổ sung độ ẩm, vitamin và làm mờ thâm nám, đốm nâu hiệu quả.</span></p><p dir=\"ltr\" id=\"i1073\"><span id=\"i6nbz\">- Kiểm soát lượng bã nhờn, làm thông thoáng lỗ chân lông.</span></p><p dir=\"ltr\" id=\"ir9vj\"><span id=\"ibniz\">- Tiêu diệt vi khuẩn trú ngụ gây mụn trên da.</span></p><p dir=\"ltr\" id=\"ilvle\"><span id=\"i6oxt\">- Làm dịu vết cháy nắng, duy trì hàng rào bảo vệ da khỏi các tác nhân gây hại.</span></p><p dir=\"ltr\" id=\"ivitk\"><span id=\"inxyf\">- Hỗ trợ chống lão hóa, làm đầy rãnh nhăn và chân chim nơi khóe mắt.</span></p><p dir=\"ltr\" id=\"i06qi\"><span id=\"ij47h\">- Sản phẩm được kiểm nghiệm lâm sàng, đánh thức làn da tức thì.</span></p><p dir=\"ltr\" id=\"iovpf\"><span id=\"i30gf\">- Chứa công thức 5 Không: Dầu khoáng, mùi hương, màu, chất bảo quản tổng hợp và các thành phần chứa nguồn gốc động vật.</span></p><p dir=\"ltr\" id=\"ii8v2\"><span id=\"iapno\"><span id=\"iv2aj\">Hướng dẫn sử dụng</span></span></p><p dir=\"ltr\" id=\"ikuha\"><span id=\"io2ve\">Làm sạch da, thoa một lớp mặt nạ lên da và để qua đêm.</span></p><p dir=\"ltr\" id=\"idwmi\"><span id=\"i6yfk\">Lưu ý: Kết hợp sử dụng kem chống nắng để bảo vệ da hoàn hảo suốt một ngày dài.</span></p></div><style>* { box-sizing: border-box; } body {margin: 0;}*{box-sizing:border-box;}body{margin-top:0px;margin-right:0px;margin-bottom:0px;margin-left:0px;}#i4xl{padding-top:10px;padding-right:10px;padding-bottom:10px;padding-left:10px;text-align:justify;}#ia4l{font-family:Poppins, sans-serif;margin-top:12pt;margin-right:0px;margin-bottom:0pt;margin-left:0px;padding-top:0px;padding-right:0px;padding-bottom:0px;padding-left:0px;white-space:pre-line;-webkit-font-smoothing:antialiased;line-height:1.38;text-align:justify;}#ic29{font-family:Arial;-webkit-font-smoothing:antialiased;font-size:11pt;color:rgb(0, 0, 0);background-color:transparent;font-variant-numeric:normal;font-variant-east-asian:normal;vertical-align:baseline;white-space:pre-wrap;}#iew5{font-family:var(--font-family);font-weight:600;-webkit-font-smoothing:antialiased;}#ii2c{font-family:var(--font-family);-webkit-font-smoothing:antialiased;}#iid8h{font-family:var(--font-family);-webkit-font-smoothing:antialiased;font-weight:normal;}#iv7t{font-family:Poppins, sans-serif;margin-top:0pt;margin-right:0px;margin-bottom:0pt;margin-left:0px;padding-top:12pt;padding-right:0pt;padding-bottom:0pt;padding-left:0pt;white-space:pre-line;-webkit-font-smoothing:antialiased;line-height:1.38;text-align:justify;}#i0c3m{font-family:Arial;-webkit-font-smoothing:antialiased;font-size:11pt;color:rgb(0, 0, 0);background-color:transparent;font-variant-numeric:normal;font-variant-east-asian:normal;vertical-align:baseline;white-space:pre-wrap;}#iv9yg{font-family:var(--font-family);font-weight:600;-webkit-font-smoothing:antialiased;}#if01f{font-family:var(--font-family);-webkit-font-smoothing:antialiased;}#i7vmx{font-family:var(--font-family);-webkit-font-smoothing:antialiased;font-weight:normal;}#io2iw{font-family:Poppins, sans-serif;margin-top:0pt;margin-right:0px;margin-bottom:0pt;margin-left:0px;padding-top:12pt;padding-right:0pt;padding-bottom:0pt;padding-left:0pt;white-space:pre-line;-webkit-font-smoothing:antialiased;line-height:1.38;text-align:justify;}#idlal{font-family:Arial;-webkit-font-smoothing:antialiased;font-size:11pt;color:rgb(0, 0, 0);background-color:transparent;font-variant-numeric:normal;font-variant-east-asian:normal;vertical-align:baseline;white-space:pre-wrap;}#ifk7q{font-family:var(--font-family);font-weight:600;-webkit-font-smoothing:antialiased;}#i7vbi{font-family:var(--font-family);-webkit-font-smoothing:antialiased;}#i9lff{font-family:var(--font-family);-webkit-font-smoothing:antialiased;font-weight:normal;}#i7bjn{font-family:Poppins, sans-serif;margin-top:1.2em;margin-right:0px;margin-left:0px;font-weight:600;padding-top:0px;padding-right:0px;padding-bottom:0px;padding-left:0px;-webkit-font-smoothing:antialiased;font-size:30px;line-height:1.35;text-align:justify;}#i1578{font-family:Poppins, sans-serif;margin-top:0pt;margin-right:0px;margin-bottom:0pt;margin-left:0px;padding-top:0pt;padding-right:0pt;padding-bottom:12pt;padding-left:0pt;white-space:pre-line;-webkit-font-smoothing:antialiased;line-height:1.38;text-align:justify;}#i3sev{font-family:Arial;-webkit-font-smoothing:antialiased;font-size:11pt;color:rgb(0, 0, 0);background-color:transparent;font-variant-numeric:normal;font-variant-east-asian:normal;vertical-align:baseline;white-space:pre-wrap;}#irxjo{font-family:Poppins, sans-serif;margin-top:0pt;margin-right:0px;margin-bottom:0pt;margin-left:0px;padding-top:0pt;padding-right:0pt;padding-bottom:12pt;padding-left:0pt;white-space:pre-line;-webkit-font-smoothing:antialiased;line-height:1.38;text-align:justify;}#il6jx{font-family:Arial;-webkit-font-smoothing:antialiased;font-size:11pt;color:rgb(0, 0, 0);background-color:transparent;font-variant-numeric:normal;font-variant-east-asian:normal;vertical-align:baseline;white-space:pre-wrap;}#izqpk{font-family:Poppins, sans-serif;margin-top:0pt;margin-right:0px;margin-bottom:0pt;margin-left:0px;padding-top:0pt;padding-right:0pt;padding-bottom:12pt;padding-left:0pt;white-space:pre-line;-webkit-font-smoothing:antialiased;line-height:1.38;text-align:justify;}#iib19{font-family:Arial;-webkit-font-smoothing:antialiased;font-size:11pt;color:rgb(0, 0, 0);background-color:transparent;font-variant-numeric:normal;font-variant-east-asian:normal;vertical-align:baseline;white-space:pre-wrap;}#i0oxc{font-family:Poppins, sans-serif;margin-top:0pt;margin-right:0px;margin-bottom:0pt;margin-left:0px;padding-top:0pt;padding-right:0pt;padding-bottom:12pt;padding-left:0pt;white-space:pre-line;-webkit-font-smoothing:antialiased;line-height:1.38;text-align:justify;}#i1qxj{font-family:Arial;-webkit-font-smoothing:antialiased;font-size:11pt;color:rgb(0, 0, 0);background-color:transparent;font-variant-numeric:normal;font-variant-east-asian:normal;vertical-align:baseline;white-space:pre-wrap;}#isie8{font-family:Poppins, sans-serif;margin-top:0pt;margin-right:0px;margin-bottom:0pt;margin-left:0px;padding-top:0pt;padding-right:0pt;padding-bottom:12pt;padding-left:0pt;white-space:pre-line;-webkit-font-smoothing:antialiased;line-height:1.38;text-align:justify;}#iknvl{font-family:Arial;-webkit-font-smoothing:antialiased;font-size:11pt;color:rgb(0, 0, 0);background-color:transparent;font-variant-numeric:normal;font-variant-east-asian:normal;vertical-align:baseline;white-space:pre-wrap;}#ijs3w{font-family:Poppins, sans-serif;margin-top:0pt;margin-right:0px;margin-bottom:0pt;margin-left:0px;padding-top:0pt;padding-right:0pt;padding-bottom:12pt;padding-left:0pt;white-space:pre-line;-webkit-font-smoothing:antialiased;line-height:1.38;text-align:justify;}#ihamn{font-family:Arial;-webkit-font-smoothing:antialiased;font-size:11pt;color:rgb(0, 0, 0);background-color:transparent;font-variant-numeric:normal;font-variant-east-asian:normal;vertical-align:baseline;white-space:pre-wrap;}#i1073{font-family:Poppins, sans-serif;margin-top:0pt;margin-right:0px;margin-bottom:0pt;margin-left:0px;padding-top:0pt;padding-right:0pt;padding-bottom:12pt;padding-left:0pt;white-space:pre-line;-webkit-font-smoothing:antialiased;line-height:1.38;text-align:justify;}#i6nbz{font-family:Arial;-webkit-font-smoothing:antialiased;font-size:11pt;color:rgb(0, 0, 0);background-color:transparent;font-variant-numeric:normal;font-variant-east-asian:normal;vertical-align:baseline;white-space:pre-wrap;}#ir9vj{font-family:Poppins, sans-serif;margin-top:0pt;margin-right:0px;margin-bottom:0pt;margin-left:0px;padding-top:0pt;padding-right:0pt;padding-bottom:12pt;padding-left:0pt;white-space:pre-line;-webkit-font-smoothing:antialiased;line-height:1.38;text-align:justify;}#ibniz{font-family:Arial;-webkit-font-smoothing:antialiased;font-size:11pt;color:rgb(0, 0, 0);background-color:transparent;font-variant-numeric:normal;font-variant-east-asian:normal;vertical-align:baseline;white-space:pre-wrap;}#ilvle{font-family:Poppins, sans-serif;margin-top:0pt;margin-right:0px;margin-bottom:0pt;margin-left:0px;padding-top:0pt;padding-right:0pt;padding-bottom:12pt;padding-left:0pt;white-space:pre-line;-webkit-font-smoothing:antialiased;line-height:1.38;text-align:justify;}#i6oxt{font-family:Arial;-webkit-font-smoothing:antialiased;font-size:11pt;color:rgb(0, 0, 0);background-color:transparent;font-variant-numeric:normal;font-variant-east-asian:normal;vertical-align:baseline;white-space:pre-wrap;}#ivitk{font-family:Poppins, sans-serif;margin-top:0pt;margin-right:0px;margin-bottom:0pt;margin-left:0px;padding-top:0pt;padding-right:0pt;padding-bottom:12pt;padding-left:0pt;white-space:pre-line;-webkit-font-smoothing:antialiased;line-height:1.38;text-align:justify;}#inxyf{font-family:Arial;-webkit-font-smoothing:antialiased;font-size:11pt;color:rgb(0, 0, 0);background-color:transparent;font-variant-numeric:normal;font-variant-east-asian:normal;vertical-align:baseline;white-space:pre-wrap;}#i06qi{font-family:Poppins, sans-serif;margin-top:0pt;margin-right:0px;margin-bottom:0pt;margin-left:0px;padding-top:0pt;padding-right:0pt;padding-bottom:12pt;padding-left:0pt;white-space:pre-line;-webkit-font-smoothing:antialiased;line-height:1.38;text-align:justify;}#ij47h{font-family:Arial;-webkit-font-smoothing:antialiased;font-size:11pt;color:rgb(0, 0, 0);background-color:transparent;font-variant-numeric:normal;font-variant-east-asian:normal;vertical-align:baseline;white-space:pre-wrap;}#iovpf{font-family:Poppins, sans-serif;margin-top:0pt;margin-right:0px;margin-bottom:0pt;margin-left:0px;padding-top:0pt;padding-right:0pt;padding-bottom:12pt;padding-left:0pt;white-space:pre-line;-webkit-font-smoothing:antialiased;line-height:1.38;text-align:justify;}#i30gf{font-family:Arial;-webkit-font-smoothing:antialiased;font-size:11pt;color:rgb(0, 0, 0);background-color:transparent;font-variant-numeric:normal;font-variant-east-asian:normal;vertical-align:baseline;white-space:pre-wrap;}#ii8v2{font-family:Poppins, sans-serif;margin-top:0pt;margin-right:0px;margin-bottom:0pt;margin-left:0px;padding-top:0pt;padding-right:0pt;padding-bottom:12pt;padding-left:0pt;white-space:pre-line;-webkit-font-smoothing:antialiased;line-height:1.38;text-align:justify;}#iapno{font-family:Arial;-webkit-font-smoothing:antialiased;font-size:11pt;color:rgb(0, 0, 0);background-color:transparent;font-variant-numeric:normal;font-variant-east-asian:normal;vertical-align:baseline;white-space:pre-wrap;}#iv2aj{font-family:var(--font-family);font-weight:600;-webkit-font-smoothing:antialiased;}#ikuha{font-family:Poppins, sans-serif;margin-top:0pt;margin-right:0px;margin-bottom:0pt;margin-left:0px;padding-top:0pt;padding-right:0pt;padding-bottom:12pt;padding-left:0pt;white-space:pre-line;-webkit-font-smoothing:antialiased;line-height:1.38;text-align:justify;}#io2ve{font-family:Arial;-webkit-font-smoothing:antialiased;font-size:11pt;color:rgb(0, 0, 0);background-color:transparent;font-variant-numeric:normal;font-variant-east-asian:normal;vertical-align:baseline;white-space:pre-wrap;}#idwmi{font-family:Poppins, sans-serif;margin-top:0pt;margin-right:0px;margin-bottom:12pt;margin-left:0px;padding-top:0px;padding-right:0px;padding-bottom:0px;padding-left:0px;white-space:pre-line;-webkit-font-smoothing:antialiased;line-height:1.38;text-align:justify;}#i6yfk{font-family:Arial;-webkit-font-smoothing:antialiased;font-size:11pt;color:rgb(0, 0, 0);background-color:transparent;font-variant-numeric:normal;font-variant-east-asian:normal;vertical-align:baseline;white-space:pre-wrap;}#ifi21{color:black;width:800px;}</style>', '2022-12-01 17:38:26', 0, 74, 56, 75, 'ml', 'Unit', 0, 1, 32, 3, 830000),
(53000993, 'Kem Chống Nắng Chống Bụi Mịn Ánh Sáng Xanh THE FACE SHOP Natural Sun Eco Super Perfect Sun Cream Ex Spf50+ Pa++++', 5, '<div id=\"izks\"><p id=\"igqb\"><span id=\"igpq\">Công dụng chính:</span>&nbsp;Kem&nbsp;chống nắng hằng ngày cho cuộc sống ở thành thị, bảo vệ làn da của bạn khỏi bụi siêu mịn và ánh sáng xanh.\n</p><h2 id=\"ix3si\">Ưu điểm nổi bật</h2><div id=\"i5lf\"></div><p></p><ul id=\"ittnn\"><li id=\"i99cq\"><span id=\"iivk3\">Khả năng chống bụi siêu mịn mạnh mẽ hơn</span></li></ul><p id=\"i9hst\">Bảo vệ da ngay cả trong những ngày đầy “bụi” với chức năng ngăn chặn sự hấp thụ<br id=\"iqso3\">bụi siêu mịn (kích thước nhỏ hơn PM2.5).</p><ul id=\"i24ff\"><li id=\"izo07\"><span id=\"inclk\">Hiệu quả ngăn chặn ánh sáng xanh</span></li></ul><p id=\"ialke\">Chặn ánh sáng xanh từ tia UV, trong cuộc sống hàng ngày và các thiết bị điện tử</p><ul id=\"idkqq\"><li id=\"is8ff\"><span id=\"ip89o\">Nâng tông tự nhiên giúp da đầy sức sống</span></li></ul><p id=\"ik4qd\">Làm sáng làn da xỉn màu trở nên sáng tông tự nhiên</p><ul id=\"i6cu7\"><li id=\"io6zi\">Đã được thử nghiệm da liễu với tính năng phòng chống bụi mịn 2.5.[Global Medical Research Center]</li><li id=\"ihcwg\">Đã được thử nghiệm da liễu giúp phòng chống ánh sáng xanh [LG H&amp;H]</li></ul><h3 id=\"ik7kk\"><span id=\"i2adc\">Hướng dẫn sử dụng:&nbsp;</span></h3><p id=\"i2scd\">- Sử dụng ở bước cuối cùng của dưỡng da</p><p id=\"iaggg\">Sử dụng vào buổi sáng, trước khi ra ngoài nắng khoảng 15-30ph. Lấy một lượng kem vừa đủ (2-3 hạt đậu đen) ra mu bàn tay rồi thoa đều lên mặt.</p><p id=\"ijeqi\">++ Lặp lại kem chống nắng NATURAL SUN ECO khi bạn ở ngoài nắng quá lâu (khoảng 2-3 tiếng).</p></div><style>* { box-sizing: border-box; } body {margin: 0;}*{box-sizing:border-box;}body{margin-top:0px;margin-right:0px;margin-bottom:0px;margin-left:0px;}#izks{padding-top:10px;padding-right:10px;padding-bottom:10px;padding-left:10px;text-align:justify;}#igqb{font-family:Poppins, sans-serif;margin-right:0px;margin-left:0px;padding-top:0px;padding-right:0px;padding-bottom:0px;padding-left:0px;white-space:pre-line;-webkit-font-smoothing:antialiased;}#igpq{font-family:var(--font-family);font-weight:600;-webkit-font-smoothing:antialiased;}#i5lf{text-align:start;}#ittnn{font-family:Poppins, sans-serif;margin-right:0px;margin-left:0px;-webkit-font-smoothing:antialiased;padding-top:0px;padding-right:0px;padding-bottom:0px;padding-left:0px;list-style-type:circle;}#i99cq{font-family:var(--font-family);-webkit-font-smoothing:antialiased;margin-top:0px;margin-right:0px;margin-bottom:0px;margin-left:20px;padding-top:0px;padding-right:0px;padding-bottom:0px;padding-left:4px;text-align:justify;}#iivk3{font-family:var(--font-family);font-weight:600;-webkit-font-smoothing:antialiased;}#i9hst{font-family:Poppins, sans-serif;margin-right:0px;margin-left:0px;padding-top:0px;padding-right:0px;padding-bottom:0px;padding-left:0px;white-space:pre-line;-webkit-font-smoothing:antialiased;}#iqso3{font-family:var(--font-family);-webkit-font-smoothing:antialiased;}#i24ff{font-family:Poppins, sans-serif;margin-right:0px;margin-left:0px;-webkit-font-smoothing:antialiased;padding-top:0px;padding-right:0px;padding-bottom:0px;padding-left:0px;list-style-type:circle;}#izo07{font-family:var(--font-family);-webkit-font-smoothing:antialiased;margin-top:0px;margin-right:0px;margin-bottom:0px;margin-left:20px;padding-top:0px;padding-right:0px;padding-bottom:0px;padding-left:4px;}#inclk{font-family:var(--font-family);font-weight:600;-webkit-font-smoothing:antialiased;}#ialke{font-family:Poppins, sans-serif;margin-right:0px;margin-left:0px;padding-top:0px;padding-right:0px;padding-bottom:0px;padding-left:0px;white-space:pre-line;-webkit-font-smoothing:antialiased;}#idkqq{font-family:Poppins, sans-serif;margin-right:0px;margin-left:0px;-webkit-font-smoothing:antialiased;padding-top:0px;padding-right:0px;padding-bottom:0px;padding-left:0px;list-style-type:circle;}#is8ff{font-family:var(--font-family);-webkit-font-smoothing:antialiased;margin-top:0px;margin-right:0px;margin-bottom:0px;margin-left:20px;padding-top:0px;padding-right:0px;padding-bottom:0px;padding-left:4px;}#ip89o{font-family:var(--font-family);font-weight:600;-webkit-font-smoothing:antialiased;}#ik4qd{font-family:Poppins, sans-serif;margin-right:0px;margin-left:0px;padding-top:0px;padding-right:0px;padding-bottom:0px;padding-left:0px;white-space:pre-line;-webkit-font-smoothing:antialiased;}#i6cu7{font-family:Poppins, sans-serif;margin-right:0px;margin-left:0px;-webkit-font-smoothing:antialiased;padding-top:0px;padding-right:0px;padding-bottom:0px;padding-left:0px;list-style-type:circle;}#io6zi{font-family:var(--font-family);-webkit-font-smoothing:antialiased;margin-top:0px;margin-right:0px;margin-bottom:0px;margin-left:20px;padding-top:0px;padding-right:0px;padding-bottom:0px;padding-left:4px;}#ihcwg{font-family:var(--font-family);-webkit-font-smoothing:antialiased;margin-top:0px;margin-right:0px;margin-bottom:0px;margin-left:20px;padding-top:0px;padding-right:0px;padding-bottom:0px;padding-left:4px;}#ik7kk{font-family:Poppins, sans-serif;margin-top:1.2em;margin-right:0px;margin-left:0px;font-weight:600;padding-top:0px;padding-right:0px;padding-bottom:0px;padding-left:0px;-webkit-font-smoothing:antialiased;font-size:24px;line-height:1.35;text-align:justify;}#i2adc{font-family:var(--font-family);-webkit-font-smoothing:antialiased;font-size:18px;}#i2scd{font-family:Poppins, sans-serif;margin-right:0px;margin-left:0px;padding-top:0px;padding-right:0px;padding-bottom:0px;padding-left:0px;white-space:pre-line;-webkit-font-smoothing:antialiased;}#iaggg{font-family:Poppins, sans-serif;margin-right:0px;margin-left:0px;padding-top:0px;padding-right:0px;padding-bottom:0px;padding-left:0px;white-space:pre-line;-webkit-font-smoothing:antialiased;}#ijeqi{font-family:Poppins, sans-serif;margin-right:0px;margin-left:0px;padding-top:0px;padding-right:0px;padding-bottom:0px;padding-left:0px;white-space:pre-line;-webkit-font-smoothing:antialiased;}</style>', '2022-12-01 17:33:02', 0, 84, 12, 50, 'gam', 'Unit', 0, 1, 45, 3, 599000),
(53010267, '[FMGT] Màu Mắt Hiệu Ứng Tự Nhiên Mono Cube Eyeshadow (Matte)', 4, '<p><img alt=\"[FMGT] Màu Mắt Hiệu Ứng Tự Nhiên MONO CUBE EYESHADOW (MATTE) 2.1g\" src=\"https://file.hstatic.net/1000036599/file/mono_cube_eyeshadow__matte__1_c6ffd8ff2d6147eab42012548b8aa599.jpg\"></p><h2 style=\"text-align: justify;\"><span style=\"font-size:20pt\">Công dụng của màu mắt dạng lì Mono Cube Eyeshadow</span></h2><p style=\"text-align: justify;\"><span style=\"font-size:12pt\">Với ánh nhủ lấp lánh, <strong>Màu Mắt Dạng Lì Mono Cube Eyeshadow (Matte)</strong> của <a target=\"_blank\" rel=\"noopener noreferrer\" title=\"Website Mua Sắm THEFACESHOP Chính Hãng Độc Quyền Tại Việt Nam\" href=\"https://thefaceshop.com.vn/\">THEFACESHOP</a> góp phần tô điểm cho đôi mắt bạn. Bột phấn mịn thoáng, bám bền vào da, dễ dàng tán phấn. Ngay cả khi bạn pha trộn nhiều màu đôi mắt cũng không có cảm giác nặng nề. nhờ kết cấu phấn siêu mịn.</span></p><p style=\"text-align: justify;\"><span style=\"font-size:12pt\">Thiết kế dạng hộp nhỏ tiện dụng bạn có thể mang theo bên mình mọi lúc mọi nơi. Và dặm lạ bất cứ khi nào bạn cần. Bộ sưu tập màu mắt đơn dạng lì đa dạng và nhiều màu sắc, dễ dàng phối hợp với nhiều phong cách khác nhau.</span></p><p><img alt=\"[FMGT] Màu Mắt Hiệu Ứng Tự Nhiên MONO CUBE EYESHADOW (MATTE) \" src=\"https://file.hstatic.net/1000036599/file/mono_cube_eyeshadow__matte__2_8aa8d5d078d344f49ef875446e606c3f.jpg\"></p><p style=\"text-align: justify;\">&nbsp;</p><h2 style=\"text-align: justify;\"><span style=\"font-size:20pt\">Thành phần chinh của màu mắt dạng lì </span></h2><p style=\"text-align: justify;\"><span style=\"font-size:12pt\">Chứa thành phần bột ngọc trai thiên nhiên giúp màu mắt rạng rỡ, nổi bật và tăng độ bắt sáng cho đôi mắt.</span></p><p style=\"text-align: justify;\">&nbsp;</p><h3 style=\"text-align: justify;\"><span style=\"font-size:15pt\"><strong>Bảng màu mắt FMGT MONO CUBE EYESHADOW (MATTE)&nbsp;</strong></span></h3><p><img alt=\"MONO CUBE EYESHADOW (MATTE) \" src=\"https://file.hstatic.net/1000036599/file/mono_cube_eyeshadow__matte__3_0ce7b3eb23664346a568fc1724580a40.jpg\"></p><p><img alt=\"MONO CUBE EYESHADOW (MATTE) 1\" src=\"https://file.hstatic.net/1000036599/file/mono_cube_eyeshadow__matte__4_40b0435c3c884c56aba8eac9a2eb6d38.jpg\"></p><h2 style=\"text-align: justify;\"><span style=\"font-size:20pt\">Hướng dẫn sử dụng màu mắt </span></h2><p style=\"text-align: justify;\"><span style=\"font-size:12pt\">Dùng cọ tán màu mắt.</span></p>', '2022-12-01 17:28:37', 0, 67, 34, 50, 'gam', 'Unit', 0, 1, 20, 3, 219000),
(53010297, '[FMGT] Màu Mắt Nhũ THE FACE SHOP Mono Cube Eyeshadow (Shimmer) 2g', 4, '<div id=\"ilk2\"><p id=\"i0wh\"><img src=\"https://file.hstatic.net/1000036599/file/mono_cube_shimmer_1_7f8fff0897f1492db6dccbea06839b50.jpg\" id=\"iot6\"></p><p id=\"id9g\">Với ánh nhủ lấp lánh,&nbsp;<span id=\"it2d\">Màu Mắt Mono Cube Eyeshadow (Shimmer)</span>&nbsp;góp phần tô điểm cho đôi mắt bạn. Bột phấn mịn thoáng, bám bền vào da, dễ dàng tán phấn. Ngay cả khi bạn pha trộn nhiều màu đôi mắt cũng không có cảm giác nặng nề. nhờ kết cấu phấn siêu mịn.</p><p id=\"is1w3\">Thiết kế dạng hộp nhỏ tiện dụng bạn có thể mang theo bên mình mọi lúc mọi nơi. Và dặm lạ bất cứ khi nào bạn cần. Màu mắt đơn dạng ánh nhũ đa dạng và nhiều màu sắc, dễ dàng phối hợp với nhiều phong cách khác nhau. Đôi mắt óng ánh tạo sự rạng rỡ nổi bật cho đôi mắt, giúp lớp trang điểm trông tự nhiên nhưng không kém phần hiện đại.</p><p id=\"i3nzk\"><img src=\"https://file.hstatic.net/1000036599/file/mono-cube-shimmer-2_7e565b55441449408b3ad9ea4a28ec93.jpg\" id=\"ipwtk\"></p><p id=\"iuo5z\"><img src=\"https://file.hstatic.net/1000036599/file/mono-cube-shimmer-4_4e6d3ac840774a13b6474ea921fe11a8.jpg\" id=\"ijnr7\"></p><p id=\"it1lg\"><img src=\"https://file.hstatic.net/1000036599/file/mono-cube-shimmer-5_d3f2bffe0a8f4a58a11974b6961e4908.jpg\" id=\"ipyha\"></p><div id=\"ixykx\"><b>Thành phần</b><br>Chứa thành phần bột ngọc trai thiên nhiên giúp màu mắt rạng rỡ, nổi bật và tăng độ bắt sáng cho đôi mắt.<br><b>Hướng dẫn sử dụng</b><br>Dùng cọ tán đều trên mi mắt.</div><p id=\"imwvd\">&nbsp;</p></div><style>* { box-sizing: border-box; } body {margin: 0;}*{box-sizing:border-box;}body{margin-top:0px;margin-right:0px;margin-bottom:0px;margin-left:0px;}#ilk2{padding-top:10px;padding-right:10px;padding-bottom:10px;padding-left:10px;text-align:justify;}#i0wh{font-family:Poppins, sans-serif;margin-right:0px;margin-left:0px;padding-top:0px;padding-right:0px;padding-bottom:0px;padding-left:0px;white-space:pre-line;-webkit-font-smoothing:antialiased;text-align:center;}#iot6{font-family:var(--font-family);margin-top:0px;margin-right:0px;margin-bottom:0px;margin-left:0px;padding-top:0px;padding-right:0px;padding-bottom:0px;padding-left:0px;display:block;max-width:100%;-webkit-font-smoothing:antialiased;}#id9g{font-family:Verdana, Arial, Helvetica, sans-serif;margin-right:0px;margin-left:0px;padding-top:0px;padding-right:0px;padding-bottom:0px;padding-left:0px;white-space:pre-line;-webkit-font-smoothing:antialiased;font-variant-numeric:normal;font-variant-east-asian:normal;color:rgb(0, 0, 0);line-height:16.8px;text-align:justify;}#it2d{font-family:var(--font-family);-webkit-font-smoothing:antialiased;font-weight:600;line-height:16.8px;}#is1w3{font-family:Verdana, Arial, Helvetica, sans-serif;margin-right:0px;margin-left:0px;padding-top:0px;padding-right:0px;padding-bottom:0px;padding-left:0px;white-space:pre-line;-webkit-font-smoothing:antialiased;font-variant-numeric:normal;font-variant-east-asian:normal;color:rgb(0, 0, 0);line-height:16.8px;text-align:justify;}#i3nzk{font-family:Poppins, sans-serif;margin-right:0px;margin-left:0px;padding-top:0px;padding-right:0px;padding-bottom:0px;padding-left:0px;white-space:pre-line;-webkit-font-smoothing:antialiased;text-align:center;}#ipwtk{font-family:var(--font-family);margin-top:0px;margin-right:0px;margin-bottom:0px;margin-left:0px;padding-top:0px;padding-right:0px;padding-bottom:0px;padding-left:0px;display:block;max-width:100%;-webkit-font-smoothing:antialiased;}#iuo5z{font-family:Poppins, sans-serif;margin-right:0px;margin-left:0px;padding-top:0px;padding-right:0px;padding-bottom:0px;padding-left:0px;white-space:pre-line;-webkit-font-smoothing:antialiased;text-align:center;}#ijnr7{font-family:var(--font-family);margin-top:0px;margin-right:0px;margin-bottom:0px;margin-left:0px;padding-top:0px;padding-right:0px;padding-bottom:0px;padding-left:0px;display:block;max-width:100%;-webkit-font-smoothing:antialiased;}#it1lg{font-family:Poppins, sans-serif;margin-right:0px;margin-left:0px;padding-top:0px;padding-right:0px;padding-bottom:0px;padding-left:0px;white-space:pre-line;-webkit-font-smoothing:antialiased;text-align:center;}#ipyha{font-family:var(--font-family);margin-top:0px;margin-right:0px;margin-bottom:0px;margin-left:0px;padding-top:0px;padding-right:0px;padding-bottom:0px;padding-left:0px;display:block;max-width:100%;-webkit-font-smoothing:antialiased;}#imwvd{font-family:Poppins, sans-serif;margin-right:0px;margin-left:0px;padding-top:0px;padding-right:0px;padding-bottom:0px;padding-left:0px;white-space:pre-line;-webkit-font-smoothing:antialiased;text-align:justify;}#ixykx{padding:10px;}</style>', '2022-12-01 17:37:33', 0, 102, 65, 2, 'gam', 'Unit', 0, 1, 20, 3, 219000),
(53011156, '[FMGT] Son Thỏi Lì Mịn THE FACE SHOP Rosy Nude Ink Sheer Matte Lipstick 4.8G', 5, '<div id=\"i2av\"><ul id=\"i3mm\"><li id=\"i2d6\">Công dụng chính: Son môi có kết cấu mỏng nhẹ với tông màu của hoa hồng khô và cánh hồng cháy, cho sắc màu rạng rỡ chuẩn trend</li><li id=\"iedh\">Hiệu ứng: Mịn, lì</li></ul><h2 id=\"i8by\">Điểm nổi bật của son thỏi Rosy Nude Ink Sheer Matte Lipstick</h2><div id=\"i3e4j\"><ul id=\"is21z\"><li id=\"if1ol\">Son thỏi có kết cấu son lì mỏng nhẹ tựa không khí</li><li id=\"ijzzh\">Tông màu sáng, nhẹ nhàng với hiệu ứng lì, mịn giúp hiệu chỉnh sắc diện môi hồng hào</li><li id=\"isir8\">Khả năng giữ màu nhẹ bền trên môi, hạn chế tối đa lem màu</li><li id=\"il81n\">Rosy Nude sở hữu những thỏi son có tông màu base hồng nhẹ nhàng, bắt trend thu đông cực thích</li></ul></div><div id=\"i557h\">&nbsp;</div><div id=\"icn9d\"><span id=\"i2pp5\">Bảng màu son</span></div><div id=\"i7moh\"><p id=\"ivdby\"><img alt=\"bảng màu Son Thỏi Lì Mịn FMGT THEFACESHOP ROSY NUDE INK SHEER MATTE LIPSTICK\" src=\"https://file.hstatic.net/1000036599/file/rosy_nude_ink_sheer_matte_lipstick_3_6bf730a5cf7240b0a36129dba720e124.jpg\" id=\"idgfl\"></p><p id=\"iwekk\"><span id=\"ihb9l\">Hướng dẫn sử dụng</span></p><p id=\"izi2c\">Thoa trực tiếp lên môi.</p></div></div><style>* { box-sizing: border-box; } body {margin: 0;}#i2av{padding:10px;text-align:justify;}#i3mm{font-family:Poppins, sans-serif;margin-right:0px;margin-left:0px;-webkit-font-smoothing:antialiased;padding:0px;list-style-type:circle;}#i2d6{font-family:var(--font-family);-webkit-font-smoothing:antialiased;margin:0px 0px 11px 20px;padding:0px 0px 0px 4px;text-align:justify;}#iedh{font-family:var(--font-family);-webkit-font-smoothing:antialiased;margin:0px 0px 0px 20px;padding:0px 0px 0px 4px;}#i8by{font-family:Poppins, sans-serif;margin-top:1.2em;margin-right:0px;margin-left:0px;font-weight:600;padding:0px;-webkit-font-smoothing:antialiased;font-size:30px;line-height:1.35;}#i3e4j{font-family:Poppins, sans-serif;-webkit-font-smoothing:antialiased;}#is21z{font-family:var(--font-family);margin-right:0px;margin-left:0px;-webkit-font-smoothing:antialiased;padding:0px;list-style-type:circle;}#if1ol{font-family:var(--font-family);-webkit-font-smoothing:antialiased;margin:0px 0px 0px 20px;padding:0px 0px 0px 4px;}#ijzzh{font-family:var(--font-family);-webkit-font-smoothing:antialiased;margin:0px 0px 0px 20px;padding:0px 0px 0px 4px;}#isir8{font-family:var(--font-family);-webkit-font-smoothing:antialiased;margin:0px 0px 0px 20px;padding:0px 0px 0px 4px;}#il81n{font-family:var(--font-family);-webkit-font-smoothing:antialiased;margin:0px 0px 0px 20px;padding:0px 0px 0px 4px;}#i557h{font-family:Poppins, sans-serif;-webkit-font-smoothing:antialiased;text-align:justify;}#icn9d{font-family:Poppins, sans-serif;-webkit-font-smoothing:antialiased;text-align:justify;}#i2pp5{font-family:var(--font-family);font-weight:600;-webkit-font-smoothing:antialiased;}#i7moh{font-family:Poppins, sans-serif;-webkit-font-smoothing:antialiased;}#ivdby{font-family:var(--font-family);margin-right:0px;margin-left:0px;padding:0px;white-space:pre-line;-webkit-font-smoothing:antialiased;text-align:center;}#idgfl{font-family:var(--font-family);margin:0px;padding:0px;display:block;max-width:100%;-webkit-font-smoothing:antialiased;}#iwekk{font-family:var(--font-family);margin-right:0px;margin-left:0px;padding:0px;white-space:pre-line;-webkit-font-smoothing:antialiased;text-align:justify;}#ihb9l{font-family:var(--font-family);font-weight:600;-webkit-font-smoothing:antialiased;}#izi2c{font-family:var(--font-family);margin-right:0px;margin-left:0px;padding:0px;white-space:pre-line;-webkit-font-smoothing:antialiased;text-align:justify;}</style>', '2022-12-01 17:26:43', 0, 92, 43, 48, 'gam', 'Unit', 0, 1, 17, 3, 1077000);
INSERT INTO `product` (`IDProduct`, `NameProduct`, `IDBrand`, `Description`, `CreatedOn`, `IsDeleted`, `Stock`, `TotalPurchaseQuantity`, `Mass`, `UnitsOfMass`, `Units`, `ApplyTaxes`, `StatusSale`, `IDTag`, `IDType`, `ListPrice`) VALUES
(53011169, '[Fmgt] Phấn Nước Lì Mịn THE FACE SHOP Rosy Nude Ink Lasting Cushion Free Spf50+ Pa+++ 15g', 5, '<div id=\"i1my\"><p dir=\"ltr\" id=\"i1ji\"><span id=\"ipiw\"><b>Công dụng chính:</b> Phấn nước hiệu ứng lì mịn, có khả năng chống lem dính, kết cấu mỏng nhẹ nhưng che phủ hiệu quả, đồng thời thân thiện với làn da nhạy cảm nhờ thành phần rau má.\n</span><span id=\"ii3o\"><b>Hiệu ứng:</b> Lâu trôi</span></p><p dir=\"ltr\" id=\"i2ke6\"><span id=\"ii7jy\">Điểm nổi bật của phấn nước Rosy Nude Ink Lasting Cushion Free</span></p><ul id=\"is0m5\"><li dir=\"ltr\" aria-level=\"1\" id=\"iehsj\"><p dir=\"ltr\" role=\"presentation\" id=\"ikf7u\"><span id=\"ibogw\">Hiệu ứng chống trôi, ráo mịn, là lá chắn giúp bảo vệ lớp trang điểm khỏi lem trôi đến 24h sử dụng khi đeo khẩu trang. Đặc biệt dành cho da dầu, xỉn màu</span></p></li><li dir=\"ltr\" aria-level=\"1\" id=\"icmeg\"><p dir=\"ltr\" role=\"presentation\" id=\"i5l41\"><span id=\"inoiz\">Kết cấu hạt phấn nhẹ tựa không khí, cho độ che phủ hoàn hảo và lớp nền mỏng mịn. Điều đó nhờ vào hạt phấn lì, nhẹ và khả năng bám chặt trên bề mặt da với độ che phủ không tì vết đến 24h.</span></p></li><li dir=\"ltr\" aria-level=\"1\" id=\"i2pwg\"><p dir=\"ltr\" role=\"presentation\" id=\"if4em\"><span id=\"iwik7\">Sản phẩm không gây kích ứng cho cả làn da nhạy cảm, chứa thành phần chiết xuất từ rau má giúp cấp ẩm và làm dịu những ảnh hưởng từ tác nhân bên ngoài môi trường lên da.</span></p></li><li dir=\"ltr\" aria-level=\"1\" id=\"ifo6j\"><p dir=\"ltr\" role=\"presentation\" id=\"ivite\"><span id=\"i7mej\">Hiệu quả chống lem dính, phấn bám chặt tức thì vào làn da nhờ kết cấu phấn mịn, lì và độ bám tốt</span></p></li><li dir=\"ltr\" aria-level=\"1\" id=\"iyz0j\"><p dir=\"ltr\" role=\"presentation\" id=\"izjbh\"><span id=\"ic7ol\">Cushion sở hữu chỉ số SPF50+ PA+++ giúp bảo vệ da an toàn hơn trước tác động của ánh nắng, ngăn ngừa sự xuất hiện của đốm nâu</span></p></li></ul><h3 dir=\"ltr\" id=\"iqf1o\"><span id=\"ihly1\">Bảng màu</span></h3><p dir=\"ltr\" id=\"isyq5\"><span id=\"i4q9g\">V201 Apricot Beige</span></p><p dir=\"ltr\" id=\"i46dp\"><span id=\"i0qui\">V203 Natural Beige</span></p><p dir=\"ltr\" id=\"i5lfb\"><span id=\"iuud9\"><span id=\"imnbi\"><img alt=\"bảng màu phấn Nước Lì Mịn ROSY NUDE INK LASTING CUSHION FREE SPF50+ PA+++\" src=\"https://lh5.googleusercontent.com/j8rAF39BHZQe-A5RyyQE0JdfZRykhkhjYKcGyZB09ntVqq1BJX1bjd4hmhNfoIvdC5JICQxT6XxBvvrHbj9kLkfMWOKVUcjSX5n-ByTAk13P2A_iClEggOVI0QO4vZgYJYafG4qu4nMkqu9wLPA\" width=\"602\" height=\"419\" id=\"ioqqo\"></span></span></p><p dir=\"ltr\" id=\"ieb8x\"><span id=\"i3ttg\">&nbsp;</span></p><h3 dir=\"ltr\" id=\"ik255\"><span id=\"iz65k\">Hướng dẫn sử dụng</span></h3><p dir=\"ltr\" id=\"iyzqk\"><span id=\"idrbr\">Dùng bông mút ấn vào miếng đệm cushion để lấy sản phẩm, sau đó dặm đều trên da từ phần trung tâm ra ngoài.</span></p><p dir=\"ltr\" id=\"inyoi\"><span id=\"ihz52\">Có thể lặp lại nhiều lớp ở các vùng da cần thiết để tăng độ che phủ</span></p></div><style>* { box-sizing: border-box; } body {margin: 0;}*{box-sizing:border-box;}body{margin-top:0px;margin-right:0px;margin-bottom:0px;margin-left:0px;}#i1my{padding-top:10px;padding-right:10px;padding-bottom:10px;padding-left:10px;text-align:justify;}#i1ji{font-family:Poppins, sans-serif;margin-top:0pt;margin-right:0px;margin-bottom:30pt;margin-left:0px;padding-top:0px;padding-right:0px;padding-bottom:0px;padding-left:0px;white-space:pre-line;-webkit-font-smoothing:antialiased;line-height:1.38;text-align:justify;}#ipiw{font-family:Arial;-webkit-font-smoothing:antialiased;font-size:10.5pt;color:rgb(0, 0, 0);background-color:transparent;font-variant-numeric:normal;font-variant-east-asian:normal;vertical-align:baseline;white-space:pre-wrap;}#ii3o{background-color:transparent;color:rgb(0, 0, 0);font-family:Arial;font-size:10.5pt;white-space:pre-wrap;}#i2ke6{font-family:Poppins, sans-serif;margin-top:0pt;margin-right:0px;margin-bottom:30pt;margin-left:0px;padding-top:0px;padding-right:0px;padding-bottom:0px;padding-left:0px;white-space:pre-line;-webkit-font-smoothing:antialiased;line-height:1.38;text-align:justify;}#ii7jy{font-family:Arial;-webkit-font-smoothing:antialiased;font-size:13.5pt;color:rgb(0, 0, 0);background-color:transparent;font-weight:700;font-variant-numeric:normal;font-variant-east-asian:normal;vertical-align:baseline;white-space:pre-wrap;}#is0m5{font-family:Poppins, sans-serif;margin-right:0px;margin-bottom:0px;margin-left:0px;-webkit-font-smoothing:antialiased;padding-top:0px;padding-right:0px;padding-bottom:0px;padding-left:0px;list-style-type:circle;padding-inline-start:48px;}#iehsj{font-family:Arial;-webkit-font-smoothing:antialiased;margin-top:0px;margin-right:0px;margin-bottom:0px;margin-left:15pt;padding-top:0px;padding-right:0px;padding-bottom:0px;padding-left:4px;list-style-type:circle;font-size:10.5pt;color:rgb(0, 0, 0);background-color:transparent;font-variant-numeric:normal;font-variant-east-asian:normal;vertical-align:baseline;white-space:pre;}#ikf7u{font-family:var(--font-family);margin-top:0pt;margin-right:0px;margin-bottom:0pt;margin-left:0px;padding-top:0px;padding-right:0px;padding-bottom:0px;padding-left:0px;white-space:pre-line;-webkit-font-smoothing:antialiased;line-height:1.38;}#ibogw{font-family:var(--font-family);-webkit-font-smoothing:antialiased;font-size:10.5pt;background-color:transparent;font-variant-numeric:normal;font-variant-east-asian:normal;vertical-align:baseline;white-space:pre-wrap;}#icmeg{font-family:Arial;-webkit-font-smoothing:antialiased;margin-top:0px;margin-right:0px;margin-bottom:0px;margin-left:15pt;padding-top:0px;padding-right:0px;padding-bottom:0px;padding-left:4px;list-style-type:circle;font-size:10.5pt;color:rgb(0, 0, 0);background-color:transparent;font-variant-numeric:normal;font-variant-east-asian:normal;vertical-align:baseline;white-space:pre;}#i5l41{font-family:var(--font-family);margin-top:0pt;margin-right:0px;margin-bottom:0pt;margin-left:0px;padding-top:0px;padding-right:0px;padding-bottom:0px;padding-left:0px;white-space:pre-line;-webkit-font-smoothing:antialiased;line-height:1.38;}#inoiz{font-family:var(--font-family);-webkit-font-smoothing:antialiased;font-size:10.5pt;background-color:transparent;font-variant-numeric:normal;font-variant-east-asian:normal;vertical-align:baseline;white-space:pre-wrap;}#i2pwg{font-family:Arial;-webkit-font-smoothing:antialiased;margin-top:0px;margin-right:0px;margin-bottom:0px;margin-left:15pt;padding-top:0px;padding-right:0px;padding-bottom:0px;padding-left:4px;list-style-type:circle;font-size:10.5pt;color:rgb(0, 0, 0);background-color:transparent;font-variant-numeric:normal;font-variant-east-asian:normal;vertical-align:baseline;white-space:pre;}#if4em{font-family:var(--font-family);margin-top:0pt;margin-right:0px;margin-bottom:0pt;margin-left:0px;padding-top:0px;padding-right:0px;padding-bottom:0px;padding-left:0px;white-space:pre-line;-webkit-font-smoothing:antialiased;line-height:1.38;}#iwik7{font-family:var(--font-family);-webkit-font-smoothing:antialiased;font-size:10.5pt;background-color:transparent;font-variant-numeric:normal;font-variant-east-asian:normal;vertical-align:baseline;white-space:pre-wrap;}#ifo6j{font-family:Arial;-webkit-font-smoothing:antialiased;margin-top:0px;margin-right:0px;margin-bottom:0px;margin-left:15pt;padding-top:0px;padding-right:0px;padding-bottom:0px;padding-left:4px;list-style-type:circle;font-size:10.5pt;color:rgb(0, 0, 0);background-color:transparent;font-variant-numeric:normal;font-variant-east-asian:normal;vertical-align:baseline;white-space:pre;}#ivite{font-family:var(--font-family);margin-top:0pt;margin-right:0px;margin-bottom:0pt;margin-left:0px;padding-top:0px;padding-right:0px;padding-bottom:0px;padding-left:0px;white-space:pre-line;-webkit-font-smoothing:antialiased;line-height:1.38;}#i7mej{font-family:var(--font-family);-webkit-font-smoothing:antialiased;font-size:10.5pt;background-color:transparent;font-variant-numeric:normal;font-variant-east-asian:normal;vertical-align:baseline;white-space:pre-wrap;}#iyz0j{font-family:Arial;-webkit-font-smoothing:antialiased;margin-top:0px;margin-right:0px;margin-bottom:0px;margin-left:15pt;padding-top:0px;padding-right:0px;padding-bottom:0px;padding-left:4px;list-style-type:circle;font-size:10.5pt;color:rgb(0, 0, 0);background-color:transparent;font-variant-numeric:normal;font-variant-east-asian:normal;vertical-align:baseline;white-space:pre;}#izjbh{font-family:var(--font-family);margin-top:0pt;margin-right:0px;margin-bottom:22pt;margin-left:0px;padding-top:0px;padding-right:0px;padding-bottom:0px;padding-left:0px;white-space:pre-line;-webkit-font-smoothing:antialiased;line-height:1.38;}#ic7ol{font-family:var(--font-family);-webkit-font-smoothing:antialiased;font-size:10.5pt;background-color:transparent;font-variant-numeric:normal;font-variant-east-asian:normal;vertical-align:baseline;white-space:pre-wrap;}#iqf1o{font-family:Poppins, sans-serif;margin-top:16pt;margin-right:0px;margin-bottom:7pt;margin-left:0px;font-weight:600;padding-top:0px;padding-right:0px;padding-bottom:0px;padding-left:0px;-webkit-font-smoothing:antialiased;font-size:24px;line-height:1.62;}#ihly1{font-family:Arial;-webkit-font-smoothing:antialiased;font-size:12pt;color:rgb(0, 0, 0);background-color:transparent;font-variant-numeric:normal;font-variant-east-asian:normal;vertical-align:baseline;white-space:pre-wrap;}#isyq5{font-family:Poppins, sans-serif;margin-top:0pt;margin-right:0px;margin-bottom:11pt;margin-left:0px;padding-top:0px;padding-right:0px;padding-bottom:0px;padding-left:0px;white-space:pre-line;-webkit-font-smoothing:antialiased;line-height:1.38;}#i4q9g{font-family:Arial;-webkit-font-smoothing:antialiased;font-size:10.5pt;color:rgb(0, 0, 0);background-color:transparent;font-variant-numeric:normal;font-variant-east-asian:normal;vertical-align:baseline;white-space:pre-wrap;}#i46dp{font-family:Poppins, sans-serif;margin-top:0pt;margin-right:0px;margin-bottom:11pt;margin-left:0px;padding-top:0px;padding-right:0px;padding-bottom:0px;padding-left:0px;white-space:pre-line;-webkit-font-smoothing:antialiased;line-height:1.38;}#i0qui{font-family:Arial;-webkit-font-smoothing:antialiased;font-size:10.5pt;color:rgb(0, 0, 0);background-color:transparent;font-variant-numeric:normal;font-variant-east-asian:normal;vertical-align:baseline;white-space:pre-wrap;}#i5lfb{font-family:Poppins, sans-serif;margin-top:0pt;margin-right:0px;margin-bottom:11pt;margin-left:0px;padding-top:0px;padding-right:0px;padding-bottom:0px;padding-left:0px;white-space:pre-line;-webkit-font-smoothing:antialiased;line-height:1.38;}#iuud9{font-family:Arial;-webkit-font-smoothing:antialiased;font-size:10.5pt;color:rgb(0, 0, 0);background-color:transparent;font-variant-numeric:normal;font-variant-east-asian:normal;vertical-align:baseline;white-space:pre-wrap;}#imnbi{font-family:var(--font-family);-webkit-font-smoothing:antialiased;border-top-width:initial;border-right-width:initial;border-bottom-width:initial;border-left-width:initial;border-top-style:none;border-right-style:none;border-bottom-style:none;border-left-style:none;border-top-color:initial;border-right-color:initial;border-bottom-color:initial;border-left-color:initial;border-image-source:initial;border-image-slice:initial;border-image-width:initial;border-image-outset:initial;border-image-repeat:initial;display:inline-block;overflow-x:hidden;overflow-y:hidden;width:602px;height:419px;}#ioqqo{font-family:var(--font-family);margin-top:0px;margin-right:0px;margin-bottom:0px;margin-left:0px;padding-top:0px;padding-right:0px;padding-bottom:0px;padding-left:0px;display:block;max-width:100%;-webkit-font-smoothing:antialiased;}#ieb8x{font-family:Poppins, sans-serif;margin-top:0pt;margin-right:0px;margin-bottom:11pt;margin-left:0px;padding-top:0px;padding-right:0px;padding-bottom:0px;padding-left:0px;white-space:pre-line;-webkit-font-smoothing:antialiased;line-height:1.38;}#i3ttg{font-family:Arial;-webkit-font-smoothing:antialiased;font-size:10.5pt;color:rgb(0, 0, 0);background-color:transparent;font-variant-numeric:normal;font-variant-east-asian:normal;vertical-align:baseline;white-space:pre-wrap;}#ik255{font-family:Poppins, sans-serif;margin-top:16pt;margin-right:0px;margin-bottom:7pt;margin-left:0px;font-weight:600;padding-top:0px;padding-right:0px;padding-bottom:0px;padding-left:0px;-webkit-font-smoothing:antialiased;font-size:24px;line-height:1.62;}#iz65k{font-family:Arial;-webkit-font-smoothing:antialiased;font-size:12pt;color:rgb(0, 0, 0);background-color:transparent;font-variant-numeric:normal;font-variant-east-asian:normal;vertical-align:baseline;white-space:pre-wrap;}#iyzqk{font-family:Poppins, sans-serif;margin-top:0pt;margin-right:0px;margin-bottom:11pt;margin-left:0px;padding-top:0px;padding-right:0px;padding-bottom:0px;padding-left:0px;white-space:pre-line;-webkit-font-smoothing:antialiased;line-height:1.38;}#idrbr{font-family:Arial;-webkit-font-smoothing:antialiased;font-size:10.5pt;color:rgb(0, 0, 0);background-color:transparent;font-variant-numeric:normal;font-variant-east-asian:normal;vertical-align:baseline;white-space:pre-wrap;}#inyoi{font-family:Poppins, sans-serif;margin-top:0pt;margin-right:0px;margin-bottom:11pt;margin-left:0px;padding-top:0px;padding-right:0px;padding-bottom:0px;padding-left:0px;white-space:pre-line;-webkit-font-smoothing:antialiased;line-height:1.38;}#ihz52{font-family:Arial;-webkit-font-smoothing:antialiased;font-size:10.5pt;color:rgb(0, 0, 0);background-color:transparent;font-variant-numeric:normal;font-variant-east-asian:normal;vertical-align:baseline;white-space:pre-wrap;}</style>', '2022-12-01 17:33:40', 0, 72, 32, 15, 'gam', 'Unit', 0, 1, 11, 3, 1227000),
(53014806, 'Phấn Nước Trang Điểm Fmgt Ink Lasting Cushion Free Spf 50+ Pa +++', 5, '<div id=\"i77vn\"><p dir=\"ltr\" id=\"ilex-2\"><span id=\"imy4-2\">Công dụng chính: Trang điểm lớp nền mềm mịn, che khuyết điểm hoàn hảo lên đến 24 giờ.</span></p><p dir=\"ltr\" id=\"iv0k-2\"><span id=\"ider-2\">Loại da phù hợp: Mọi loại da.</span></p><h2 dir=\"ltr\" id=\"iwcoc-2\"><span id=\"i9nky-2\">Ưu điểm nổi bật</span></h2><ul id=\"ii5q8-2\"><li dir=\"ltr\" aria-level=\"1\" id=\"i9tti-2\"><p dir=\"ltr\" role=\"presentation\" id=\"ikwqd-2\"><span id=\"i0eai-2\">Tạo lớp trang điểm hoàn hảo, căng bóng như diễn viên Hàn Quốc.</span></p></li><li dir=\"ltr\" aria-level=\"1\" id=\"idhyb-2\"><p dir=\"ltr\" role=\"presentation\" id=\"i3te8-2\"><span id=\"ipomg-2\">Độ che phủ cao, lấp đầy các khuyết điểm trên da.</span></p></li><li dir=\"ltr\" aria-level=\"1\" id=\"ipiz3-2\"><p dir=\"ltr\" role=\"presentation\" id=\"ip7h3-2\"><span id=\"i2xcd-2\">Tạo độ ẩm giúp da mềm mại, giảm khô sần, bong tróc.</span></p></li><li dir=\"ltr\" aria-level=\"1\" id=\"iueq3-2\"><p dir=\"ltr\" role=\"presentation\" id=\"iww7g-2\"><span id=\"is4qf-2\">Hỗ trợ chống nắng, bảo vệ da khỏi các tác nhân gây hại.</span></p></li><li dir=\"ltr\" aria-level=\"1\" id=\"iv5vy-2\"><p dir=\"ltr\" role=\"presentation\" id=\"i6aft-2\"><span id=\"i5waf-2\">Kiềm dầu, kiểm soát lượng dầu nhờn, giảm thiểu sự căng bóng kém sức sống.</span></p></li><li dir=\"ltr\" aria-level=\"1\" id=\"i3no9-2\"><p dir=\"ltr\" role=\"presentation\" id=\"i53r3-2\"><span id=\"ixswg-2\">Đã được kiểm nghiệm về hiệu quả tạo lớp nền trang điểm căng mịn.</span></p></li><li dir=\"ltr\" aria-level=\"1\" id=\"izn0l-2\"><p dir=\"ltr\" role=\"presentation\" id=\"is2ch-2\"><span id=\"i64ht-2\">Kết cấu kem mỏng nhẹ, lâu trôi lên đến 24 giờ.</span></p></li></ul><h2 dir=\"ltr\" id=\"inm8h-2\"><span id=\"i1chj-2\">Thành phần chính&nbsp;</span></h2><p dir=\"ltr\" id=\"iqh07-2\"><span id=\"i0wyh-2\">Công thức với Madecassoside phù hợp cho cả làn da nhạy cảm, giảm thiểu kích ứng.</span></p><h3 dir=\"ltr\" id=\"it2hc-2\"><span id=\"ic30g-2\">Bảng màu</span></h3><p dir=\"ltr\" id=\"iijl5-2\"><span id=\"izb4q-2\">201 apricot beige: Dành cho da sáng hồng, da trung bình.</span></p><p dir=\"ltr\" id=\"iozfr-2\"><span id=\"i7lg7-2\">203 natural beige: Dành cho da thường</span></p><h3 dir=\"ltr\" id=\"ibu4w-2\"><span id=\"icbjj-2\">Hướng dẫn sử dụng</span></h3><p dir=\"ltr\" id=\"i8bco-2\"><span id=\"ii2tj-2\">Thoa một lớp kem dưỡng và kem chống nắng, dùng bông mút có đi kèm với phấn nước lấy một lượng kem vừa đủ dặm nhẹ lên da, tán đều tạo lớp nền hoàn hảo cho da.</span></p></div><style>* { box-sizing: border-box; } body {margin: 0;}#i77vn{padding:10px;text-align:justify;}#ilex-2{font-family:Poppins, sans-serif;margin:0pt 0px 11pt;padding:0px;white-space:pre-line;-webkit-font-smoothing:antialiased;line-height:1.38;text-align:justify;}#imy4-2{font-family:Arial;-webkit-font-smoothing:antialiased;font-size:10.5pt;color:rgb(0, 0, 0);background-color:transparent;font-variant-numeric:normal;font-variant-east-asian:normal;vertical-align:baseline;white-space:pre-wrap;}#iv0k-2{font-family:Poppins, sans-serif;margin:0pt 0px 11pt;padding:0px;white-space:pre-line;-webkit-font-smoothing:antialiased;line-height:1.38;text-align:justify;}#ider-2{font-family:Arial;-webkit-font-smoothing:antialiased;font-size:10.5pt;color:rgb(0, 0, 0);background-color:transparent;font-variant-numeric:normal;font-variant-east-asian:normal;vertical-align:baseline;white-space:pre-wrap;}#iwcoc-2{font-family:Poppins, sans-serif;margin:0pt 0px 8pt;font-weight:600;padding:0px;-webkit-font-smoothing:antialiased;font-size:30px;line-height:1.62;text-align:justify;}#i9nky-2{font-family:Arial;-webkit-font-smoothing:antialiased;font-size:22.5pt;color:rgb(0, 0, 0);background-color:transparent;font-variant-numeric:normal;font-variant-east-asian:normal;vertical-align:baseline;white-space:pre-wrap;}#ii5q8-2{font-family:Poppins, sans-serif;margin-right:0px;margin-bottom:0px;margin-left:0px;-webkit-font-smoothing:antialiased;padding:0px;list-style-type:circle;padding-inline-start:48px;text-align:justify;}#i9tti-2{font-family:Arial;-webkit-font-smoothing:antialiased;margin:0px 0px 0px 15pt;padding:0px 0px 0px 4px;list-style-type:circle;font-size:10.5pt;color:rgb(0, 0, 0);background-color:transparent;font-variant-numeric:normal;font-variant-east-asian:normal;vertical-align:baseline;white-space:pre;}#ikwqd-2{font-family:var(--font-family);margin:0pt 0px;padding:0px;white-space:pre-line;-webkit-font-smoothing:antialiased;line-height:1.38;}#i0eai-2{font-family:var(--font-family);-webkit-font-smoothing:antialiased;font-size:10.5pt;background-color:transparent;font-variant-numeric:normal;font-variant-east-asian:normal;vertical-align:baseline;white-space:pre-wrap;}#idhyb-2{font-family:Arial;-webkit-font-smoothing:antialiased;margin:0px 0px 0px 15pt;padding:0px 0px 0px 4px;list-style-type:circle;font-size:10.5pt;color:rgb(0, 0, 0);background-color:transparent;font-variant-numeric:normal;font-variant-east-asian:normal;vertical-align:baseline;white-space:pre;}#i3te8-2{font-family:var(--font-family);margin:0pt 0px;padding:0px;white-space:pre-line;-webkit-font-smoothing:antialiased;line-height:1.38;}#ipomg-2{font-family:var(--font-family);-webkit-font-smoothing:antialiased;font-size:10.5pt;background-color:transparent;font-variant-numeric:normal;font-variant-east-asian:normal;vertical-align:baseline;white-space:pre-wrap;}#ipiz3-2{font-family:Arial;-webkit-font-smoothing:antialiased;margin:0px 0px 0px 15pt;padding:0px 0px 0px 4px;list-style-type:circle;font-size:10.5pt;color:rgb(0, 0, 0);background-color:transparent;font-variant-numeric:normal;font-variant-east-asian:normal;vertical-align:baseline;white-space:pre;}#ip7h3-2{font-family:var(--font-family);margin:0pt 0px;padding:0px;white-space:pre-line;-webkit-font-smoothing:antialiased;line-height:1.38;}#i2xcd-2{font-family:var(--font-family);-webkit-font-smoothing:antialiased;font-size:10.5pt;background-color:transparent;font-variant-numeric:normal;font-variant-east-asian:normal;vertical-align:baseline;white-space:pre-wrap;}#iueq3-2{font-family:Arial;-webkit-font-smoothing:antialiased;margin:0px 0px 0px 15pt;padding:0px 0px 0px 4px;list-style-type:circle;font-size:10.5pt;color:rgb(0, 0, 0);background-color:transparent;font-variant-numeric:normal;font-variant-east-asian:normal;vertical-align:baseline;white-space:pre;}#iww7g-2{font-family:var(--font-family);margin:0pt 0px;padding:0px;white-space:pre-line;-webkit-font-smoothing:antialiased;line-height:1.38;}#is4qf-2{font-family:var(--font-family);-webkit-font-smoothing:antialiased;font-size:10.5pt;background-color:transparent;font-variant-numeric:normal;font-variant-east-asian:normal;vertical-align:baseline;white-space:pre-wrap;}#iv5vy-2{font-family:Arial;-webkit-font-smoothing:antialiased;margin:0px 0px 0px 15pt;padding:0px 0px 0px 4px;list-style-type:circle;font-size:10.5pt;color:rgb(0, 0, 0);background-color:transparent;font-variant-numeric:normal;font-variant-east-asian:normal;vertical-align:baseline;white-space:pre;}#i6aft-2{font-family:var(--font-family);margin:0pt 0px;padding:0px;white-space:pre-line;-webkit-font-smoothing:antialiased;line-height:1.38;}#i5waf-2{font-family:var(--font-family);-webkit-font-smoothing:antialiased;font-size:10.5pt;background-color:transparent;font-variant-numeric:normal;font-variant-east-asian:normal;vertical-align:baseline;white-space:pre-wrap;}#i3no9-2{font-family:Arial;-webkit-font-smoothing:antialiased;margin:0px 0px 0px 15pt;padding:0px 0px 0px 4px;list-style-type:circle;font-size:10.5pt;color:rgb(0, 0, 0);background-color:transparent;font-variant-numeric:normal;font-variant-east-asian:normal;vertical-align:baseline;white-space:pre;}#i53r3-2{font-family:var(--font-family);margin:0pt 0px;padding:0px;white-space:pre-line;-webkit-font-smoothing:antialiased;line-height:1.38;}#ixswg-2{font-family:var(--font-family);-webkit-font-smoothing:antialiased;font-size:10.5pt;background-color:transparent;font-variant-numeric:normal;font-variant-east-asian:normal;vertical-align:baseline;white-space:pre-wrap;}#izn0l-2{font-family:Arial;-webkit-font-smoothing:antialiased;margin:0px 0px 0px 15pt;padding:0px 0px 0px 4px;list-style-type:circle;font-size:10.5pt;color:rgb(0, 0, 0);background-color:transparent;font-variant-numeric:normal;font-variant-east-asian:normal;vertical-align:baseline;white-space:pre;}#is2ch-2{font-family:var(--font-family);margin:0pt 0px 22pt;padding:0px;white-space:pre-line;-webkit-font-smoothing:antialiased;line-height:1.38;}#i64ht-2{font-family:var(--font-family);-webkit-font-smoothing:antialiased;font-size:10.5pt;background-color:transparent;font-variant-numeric:normal;font-variant-east-asian:normal;vertical-align:baseline;white-space:pre-wrap;}#inm8h-2{font-family:Poppins, sans-serif;margin:20pt 0px 8pt;font-weight:600;padding:0px;-webkit-font-smoothing:antialiased;font-size:30px;line-height:1.62;text-align:justify;}#i1chj-2{font-family:Arial;-webkit-font-smoothing:antialiased;font-size:22.5pt;color:rgb(0, 0, 0);background-color:transparent;font-variant-numeric:normal;font-variant-east-asian:normal;vertical-align:baseline;white-space:pre-wrap;}#iqh07-2{font-family:Poppins, sans-serif;margin:0pt 0px 11pt;padding:0px;white-space:pre-line;-webkit-font-smoothing:antialiased;line-height:1.38;text-align:justify;}#i0wyh-2{font-family:Arial;-webkit-font-smoothing:antialiased;font-size:10.5pt;color:rgb(0, 0, 0);background-color:transparent;font-variant-numeric:normal;font-variant-east-asian:normal;vertical-align:baseline;white-space:pre-wrap;}#it2hc-2{font-family:Poppins, sans-serif;margin:15pt 0px 6pt;font-weight:600;padding:0px;-webkit-font-smoothing:antialiased;font-size:24px;line-height:1.62;text-align:justify;}#ic30g-2{font-family:Arial;-webkit-font-smoothing:antialiased;font-size:18pt;color:rgb(0, 0, 0);background-color:transparent;font-variant-numeric:normal;font-variant-east-asian:normal;vertical-align:baseline;white-space:pre-wrap;}#iijl5-2{font-family:Poppins, sans-serif;margin:0pt 0px 11pt;padding:0px;white-space:pre-line;-webkit-font-smoothing:antialiased;line-height:1.38;text-align:justify;}#izb4q-2{font-family:Arial;-webkit-font-smoothing:antialiased;font-size:10.5pt;color:rgb(0, 0, 0);background-color:transparent;font-variant-numeric:normal;font-variant-east-asian:normal;vertical-align:baseline;white-space:pre-wrap;}#iozfr-2{font-family:Poppins, sans-serif;margin:0pt 0px 11pt;padding:0px;white-space:pre-line;-webkit-font-smoothing:antialiased;line-height:1.38;text-align:justify;}#i7lg7-2{font-family:Arial;-webkit-font-smoothing:antialiased;font-size:10.5pt;color:rgb(0, 0, 0);background-color:transparent;font-variant-numeric:normal;font-variant-east-asian:normal;vertical-align:baseline;white-space:pre-wrap;}#ibu4w-2{font-family:Poppins, sans-serif;margin:15pt 0px 6pt;font-weight:600;padding:0px;-webkit-font-smoothing:antialiased;font-size:24px;line-height:1.62;text-align:justify;}#icbjj-2{font-family:Arial;-webkit-font-smoothing:antialiased;font-size:18pt;color:rgb(0, 0, 0);background-color:transparent;font-variant-numeric:normal;font-variant-east-asian:normal;vertical-align:baseline;white-space:pre-wrap;}#i8bco-2{font-family:Poppins, sans-serif;margin:0pt 0px 11pt;padding:0px;white-space:pre-line;-webkit-font-smoothing:antialiased;line-height:1.38;text-align:justify;}#ii2tj-2{font-family:Arial;-webkit-font-smoothing:antialiased;font-size:10.5pt;color:rgb(0, 0, 0);background-color:transparent;font-variant-numeric:normal;font-variant-east-asian:normal;vertical-align:baseline;white-space:pre-wrap;}</style>', '2022-12-01 17:38:12', 0, 45, 26, 50, 'gam', 'Unit', 0, 1, 11, 3, 1397000),
(53014809, '[FMGT] Lõi Phấn Nước Trang Điểm THE FACE SHOP Ink Lasting Cushion Free Spf 50+ Pa +++ (Refill) 12g', 5, '<div id=\"ik5c\"><p dir=\"ltr\" id=\"iu7h\"><span id=\"ij7z\">Công dụng chính: Trang điểm lớp nền mềm mịn, che khuyết điểm hoàn hảo lên đến 24 giờ.</span></p><p dir=\"ltr\" id=\"is7k\"><span id=\"ijmd\">Loại da phù hợp: Mọi loại da.</span></p><h2 dir=\"ltr\" id=\"iydis\"><span id=\"ilu56\">Ưu điểm nổi bật</span></h2><ul id=\"i8t0p\"><li dir=\"ltr\" aria-level=\"1\" id=\"i9877\"><p dir=\"ltr\" role=\"presentation\" id=\"iwnxu\"><span id=\"ihf2b\">Tạo lớp trang điểm hoàn hảo, căng bóng như diễn viên Hàn Quốc.</span></p></li><li dir=\"ltr\" aria-level=\"1\" id=\"itmkj\"><p dir=\"ltr\" role=\"presentation\" id=\"imm8w\"><span id=\"iluzl\">Độ che phủ cao, lấp đầy các khuyết điểm trên da.</span></p></li><li dir=\"ltr\" aria-level=\"1\" id=\"i3pbi\"><p dir=\"ltr\" role=\"presentation\" id=\"in9kp\"><span id=\"igmdr\">Tạo độ ẩm giúp da mềm mại, giảm khô sần, bong tróc.</span></p></li><li dir=\"ltr\" aria-level=\"1\" id=\"iayfq\"><p dir=\"ltr\" role=\"presentation\" id=\"is6ie\"><span id=\"iyp2k\">Hỗ trợ chống nắng, bảo vệ da khỏi các tác nhân gây hại.</span></p></li><li dir=\"ltr\" aria-level=\"1\" id=\"ijq0g\"><p dir=\"ltr\" role=\"presentation\" id=\"i6eph\"><span id=\"iww5s\">Kiềm dầu, kiểm soát lượng dầu nhờn, giảm thiểu sự căng bóng kém sức sống.</span></p></li><li dir=\"ltr\" aria-level=\"1\" id=\"itaum\"><p dir=\"ltr\" role=\"presentation\" id=\"itg6c\"><span id=\"i36xc\">Đã được kiểm nghiệm về hiệu quả tạo lớp nền trang điểm căng mịn.</span></p></li><li dir=\"ltr\" aria-level=\"1\" id=\"it6tp\"><p dir=\"ltr\" role=\"presentation\" id=\"i1o6g\"><span id=\"irnes\">Kết cấu kem mỏng nhẹ, lâu trôi lên đến 24 giờ.</span></p></li></ul><h2 dir=\"ltr\" id=\"ib8av\"><span id=\"io25y\">Thành phần chính&nbsp;</span></h2><p dir=\"ltr\" id=\"ijyw4\"><span id=\"ivb84\">Công thức với Madecassoside phù hợp cho cả làn da nhạy cảm, giảm thiểu kích ứng.</span></p><h3 dir=\"ltr\" id=\"iu98q\"><span id=\"iaqdc\">Bảng màu</span></h3><p dir=\"ltr\" id=\"iro3e\"><span id=\"iuiba\">201 apricot beige: Dành cho da sáng hồng, da trung bình.</span></p><p dir=\"ltr\" id=\"irzbs\"><span id=\"icpzi\">203 natural beige: Dành cho da thường</span></p><h3 dir=\"ltr\" id=\"i5wza\"><span id=\"i0ckk\">Hướng dẫn sử dụng</span></h3><p dir=\"ltr\" id=\"izwtt\"><span id=\"iahlt\">Thoa một lớp kem dưỡng và kem chống nắng, dùng bông mút có đi kèm với phấn nước lấy một lượng kem vừa đủ dặm nhẹ lên da, tán đều tạo lớp nền hoàn hảo cho da.</span></p></div><style>* { box-sizing: border-box; } body {margin: 0;}#ik5c{padding:10px;text-align:justify;}#iu7h{font-family:Poppins, sans-serif;margin:0pt 0px 11pt;padding:0px;white-space:pre-line;-webkit-font-smoothing:antialiased;line-height:1.38;}#ij7z{font-family:Arial;-webkit-font-smoothing:antialiased;font-size:10.5pt;color:rgb(0, 0, 0);background-color:transparent;font-style:italic;font-variant-numeric:normal;font-variant-east-asian:normal;vertical-align:baseline;white-space:pre-wrap;}#is7k{font-family:Poppins, sans-serif;margin:0pt 0px 11pt;padding:0px;white-space:pre-line;-webkit-font-smoothing:antialiased;line-height:1.38;}#ijmd{font-family:Arial;-webkit-font-smoothing:antialiased;font-size:10.5pt;color:rgb(0, 0, 0);background-color:transparent;font-style:italic;font-variant-numeric:normal;font-variant-east-asian:normal;vertical-align:baseline;white-space:pre-wrap;}#iydis{font-family:Poppins, sans-serif;margin:20pt 0px 9pt;font-weight:600;padding:0px;-webkit-font-smoothing:antialiased;font-size:30px;line-height:1.62;}#ilu56{font-family:Arial;-webkit-font-smoothing:antialiased;font-size:22.5pt;color:rgb(0, 0, 0);background-color:transparent;font-variant-numeric:normal;font-variant-east-asian:normal;vertical-align:baseline;white-space:pre-wrap;}#i8t0p{font-family:Poppins, sans-serif;margin-right:0px;margin-bottom:0px;margin-left:0px;-webkit-font-smoothing:antialiased;padding:0px;list-style-type:circle;padding-inline-start:48px;}#i9877{font-family:Arial;-webkit-font-smoothing:antialiased;margin:0px 0px 0px 15pt;padding:0px 0px 0px 4px;list-style-type:circle;font-size:10.5pt;color:rgb(0, 0, 0);background-color:transparent;font-variant-numeric:normal;font-variant-east-asian:normal;vertical-align:baseline;white-space:pre;}#iwnxu{font-family:var(--font-family);margin:0pt 0px;padding:0px;white-space:pre-line;-webkit-font-smoothing:antialiased;line-height:1.38;}#ihf2b{font-family:var(--font-family);-webkit-font-smoothing:antialiased;font-size:10.5pt;background-color:transparent;font-variant-numeric:normal;font-variant-east-asian:normal;vertical-align:baseline;white-space:pre-wrap;}#itmkj{font-family:Arial;-webkit-font-smoothing:antialiased;margin:0px 0px 0px 15pt;padding:0px 0px 0px 4px;list-style-type:circle;font-size:10.5pt;color:rgb(0, 0, 0);background-color:transparent;font-variant-numeric:normal;font-variant-east-asian:normal;vertical-align:baseline;white-space:pre;}#imm8w{font-family:var(--font-family);margin:0pt 0px;padding:0px;white-space:pre-line;-webkit-font-smoothing:antialiased;line-height:1.38;}#iluzl{font-family:var(--font-family);-webkit-font-smoothing:antialiased;font-size:10.5pt;background-color:transparent;font-variant-numeric:normal;font-variant-east-asian:normal;vertical-align:baseline;white-space:pre-wrap;}#i3pbi{font-family:Arial;-webkit-font-smoothing:antialiased;margin:0px 0px 0px 15pt;padding:0px 0px 0px 4px;list-style-type:circle;font-size:10.5pt;color:rgb(0, 0, 0);background-color:transparent;font-variant-numeric:normal;font-variant-east-asian:normal;vertical-align:baseline;white-space:pre;}#in9kp{font-family:var(--font-family);margin:0pt 0px;padding:0px;white-space:pre-line;-webkit-font-smoothing:antialiased;line-height:1.38;}#igmdr{font-family:var(--font-family);-webkit-font-smoothing:antialiased;font-size:10.5pt;background-color:transparent;font-variant-numeric:normal;font-variant-east-asian:normal;vertical-align:baseline;white-space:pre-wrap;}#iayfq{font-family:Arial;-webkit-font-smoothing:antialiased;margin:0px 0px 0px 15pt;padding:0px 0px 0px 4px;list-style-type:circle;font-size:10.5pt;color:rgb(0, 0, 0);background-color:transparent;font-variant-numeric:normal;font-variant-east-asian:normal;vertical-align:baseline;white-space:pre;}#is6ie{font-family:var(--font-family);margin:0pt 0px;padding:0px;white-space:pre-line;-webkit-font-smoothing:antialiased;line-height:1.38;}#iyp2k{font-family:var(--font-family);-webkit-font-smoothing:antialiased;font-size:10.5pt;background-color:transparent;font-variant-numeric:normal;font-variant-east-asian:normal;vertical-align:baseline;white-space:pre-wrap;}#ijq0g{font-family:Arial;-webkit-font-smoothing:antialiased;margin:0px 0px 0px 15pt;padding:0px 0px 0px 4px;list-style-type:circle;font-size:10.5pt;color:rgb(0, 0, 0);background-color:transparent;font-variant-numeric:normal;font-variant-east-asian:normal;vertical-align:baseline;white-space:pre;}#i6eph{font-family:var(--font-family);margin:0pt 0px;padding:0px;white-space:pre-line;-webkit-font-smoothing:antialiased;line-height:1.38;}#iww5s{font-family:var(--font-family);-webkit-font-smoothing:antialiased;font-size:10.5pt;background-color:transparent;font-variant-numeric:normal;font-variant-east-asian:normal;vertical-align:baseline;white-space:pre-wrap;float:left;}#itaum{font-family:Arial;-webkit-font-smoothing:antialiased;margin:0px 0px 0px 15pt;padding:0px 0px 0px 4px;list-style-type:circle;font-size:10.5pt;color:rgb(0, 0, 0);background-color:transparent;font-variant-numeric:normal;font-variant-east-asian:normal;vertical-align:baseline;white-space:pre;}#itg6c{font-family:var(--font-family);margin:0pt 0px;padding:0px;white-space:pre-line;-webkit-font-smoothing:antialiased;line-height:1.38;}#i36xc{font-family:var(--font-family);-webkit-font-smoothing:antialiased;font-size:10.5pt;background-color:transparent;font-variant-numeric:normal;font-variant-east-asian:normal;vertical-align:baseline;white-space:pre-wrap;}#it6tp{font-family:Arial;-webkit-font-smoothing:antialiased;margin:0px 0px 0px 15pt;padding:0px 0px 0px 4px;list-style-type:circle;font-size:10.5pt;color:rgb(0, 0, 0);background-color:transparent;font-variant-numeric:normal;font-variant-east-asian:normal;vertical-align:baseline;white-space:pre;}#i1o6g{font-family:var(--font-family);margin:0pt 0px 22pt;padding:0px;white-space:pre-line;-webkit-font-smoothing:antialiased;line-height:1.38;}#irnes{font-family:var(--font-family);-webkit-font-smoothing:antialiased;font-size:10.5pt;background-color:transparent;font-variant-numeric:normal;font-variant-east-asian:normal;vertical-align:baseline;white-space:pre-wrap;}#ib8av{font-family:Poppins, sans-serif;margin:20pt 0px 9pt;font-weight:600;padding:0px;-webkit-font-smoothing:antialiased;font-size:30px;line-height:1.62;}#io25y{font-family:Arial;-webkit-font-smoothing:antialiased;font-size:22.5pt;color:rgb(0, 0, 0);background-color:transparent;font-variant-numeric:normal;font-variant-east-asian:normal;vertical-align:baseline;white-space:pre-wrap;}#ijyw4{font-family:Poppins, sans-serif;margin:0pt 0px 11pt;padding:0px;white-space:pre-line;-webkit-font-smoothing:antialiased;line-height:1.38;}#ivb84{font-family:Arial;-webkit-font-smoothing:antialiased;font-size:10.5pt;color:rgb(0, 0, 0);background-color:transparent;font-variant-numeric:normal;font-variant-east-asian:normal;vertical-align:baseline;white-space:pre-wrap;}#iu98q{font-family:Poppins, sans-serif;margin:16pt 0px 7pt;font-weight:600;padding:0px;-webkit-font-smoothing:antialiased;font-size:24px;line-height:1.62;}#iaqdc{font-family:Arial;-webkit-font-smoothing:antialiased;font-size:18pt;color:rgb(0, 0, 0);background-color:transparent;font-variant-numeric:normal;font-variant-east-asian:normal;vertical-align:baseline;white-space:pre-wrap;}#iro3e{font-family:Poppins, sans-serif;margin:0pt 0px 11pt;padding:0px;white-space:pre-line;-webkit-font-smoothing:antialiased;line-height:1.38;}#iuiba{font-family:Arial;-webkit-font-smoothing:antialiased;font-size:10.5pt;color:rgb(0, 0, 0);background-color:transparent;font-variant-numeric:normal;font-variant-east-asian:normal;vertical-align:baseline;white-space:pre-wrap;}#irzbs{font-family:Poppins, sans-serif;margin:0pt 0px 11pt;padding:0px;white-space:pre-line;-webkit-font-smoothing:antialiased;line-height:1.38;}#icpzi{font-family:Arial;-webkit-font-smoothing:antialiased;font-size:10.5pt;color:rgb(0, 0, 0);background-color:transparent;font-variant-numeric:normal;font-variant-east-asian:normal;vertical-align:baseline;white-space:pre-wrap;}#i5wza{font-family:Poppins, sans-serif;margin:16pt 0px 7pt;font-weight:600;padding:0px;-webkit-font-smoothing:antialiased;font-size:24px;line-height:1.62;}#i0ckk{font-family:Arial;-webkit-font-smoothing:antialiased;font-size:18pt;color:rgb(0, 0, 0);background-color:transparent;font-variant-numeric:normal;font-variant-east-asian:normal;vertical-align:baseline;white-space:pre-wrap;}#izwtt{font-family:Poppins, sans-serif;margin:0pt 0px 11pt;padding:0px;white-space:pre-line;-webkit-font-smoothing:antialiased;line-height:1.38;}#iahlt{font-family:Arial;-webkit-font-smoothing:antialiased;font-size:10.5pt;color:rgb(0, 0, 0);background-color:transparent;font-variant-numeric:normal;font-variant-east-asian:normal;vertical-align:baseline;white-space:pre-wrap;}</style>', '2022-12-01 17:37:53', 0, 61, 43, 12, 'gam', 'Unit', 0, 1, 11, 3, 762000),
(53050293, 'Dung Dịch Vệ Sinh Phụ Nữ Thảo Mộc Đông Y THE FACE SHOP Yehwadam Mild Vegan Intimate Wash 200ml', 6, '<p style=\"text-align: justify;\"><em><strong>Công dụng chính:&nbsp;Dung dịch vệ sinh phụ nữ Yehwadam</strong> được sử dụng nhằm chống viêm, dưỡng da, làm sạch nhẹ nhàng, bảo vệ vùng da nhạy cảm.</em></p><div style=\"text-align: justify;\"><em><strong>Thành phần:&nbsp;</strong>Thuần chay an toàn cho da nhạy cảm.</em></div><div style=\"text-align: justify;\">&nbsp;</div><div style=\"text-align: justify;\"><img style=\"width: 616px; height: 640px;\" src=\"https://product.hstatic.net/1000036599/product/yehwadam-mild-vegan-intimate-wash-_vegan-society-registered__83083973d21e4e5aa23ac2f3b6640968_large.png\"></div><div style=\"text-align: justify;\">&nbsp;</div><div style=\"text-align: justify;\">Dung dịch vệ sinh phụ nữ mang lại nhiều tác dụng trong việc chăm sóc và bảo vệ \"vùng kín\" hàng ngày.&nbsp;<strong>Dung Dịch Vệ Sinh Phụ Nữ Đông Y Thảo Mộc THEFACESHOP YEHWADAM MILD VEGAN INTIMATE WASH&nbsp;</strong>được chiết xuất hữu cơ, an toàn tuyệt đối với làn da của người sử dụng. Sản phẩm được sử dụng nhằm chống viêm, dưỡng da, làm sạch nhẹ nhàng, khử mùi hôi dành cho chị em phụ nữ. Sản phẩm được chiết xuất từ các thảo mộc đông y thuộc dòng Yehwadam giúp làm sạch nhẹ nhàng, không gây mất cân bằng pH, bảo vệ vùng da nhạy cảm.</div><div><ul><li style=\"text-align: justify;\"><strong>Dung dịch vệ sinh phụ nữ Yehwadam&nbsp;</strong>chiết xuất từ thảo dược đông y&nbsp;đã được chứng nhận an toàn nên thích hợp cho vệ sinh hàng ngày, an toàn đối với da nhạy cảm nhất, những người muốn tránh tiếp xúc với các vật liệu tổng hợp.</li><li style=\"text-align: justify;\">Sản phẩm được thử nghiệm da liễu trên da nhạy cảm, thuần chay</li><li style=\"text-align: justify;\">Sản phẩm không chứa SLES, SLS, không màu, không paraben (chất bảo quản hóa học), không nước hoa tổng hợp, phân hủy sinh học.</li></ul></div><p style=\"text-align: justify;\"><span style=\"font-size:16px\"><strong>ƯU ĐIỂM VƯỢT TRỘI:</strong></span><br><br>- KHÔNG chứa hương hiệu<br>- KHÔNG chứa xà phòng surfactant<br>- KHÔNG không chứa phụ chất có hại<br>&nbsp;</p><h3 style=\"text-align: justify;\"><span style=\"font-size:16px\"><strong>HƯỚNG DẪN SỬ DỤNG:</strong></span></h3><div><ul><li style=\"text-align: justify;\">Sản phẩm mỹ phẩm chỉ sử dụng ngoài da, rửa sạch sau khi sử dụng.</li></ul><ul><li style=\"text-align: justify;\">Làm ướt vùng kín, lấy 2-3 ml dung dịch vào lòng bàn tay, thoa rửa nhẹ vùng kín, sau đó rửa lại thật kỹ bằng nước sạch.</li></ul></div>', '2022-12-01 17:34:04', 0, 90, 24, 200, 'ml', 'Unit', 0, 1, 36, 3, 699000),
(53050323, 'Tinh Chất Sáng Trắng Da Yehwadam Jeju Magnolia Pure Brightening Serum 45ml', 6, '<p style=\"text-align: justify;\"><em><strong>Công dụng nổi bật</strong>: Serum giúp chăm sóc làn da xỉn màu, đốm đen để làm đều màu da. Công thức dưỡng ẩm nhanh nhưng hấp thụ tốt giúp mang lại vẻ sáng dịu nhẹ cho làn da. Đặc biệt là có tác dụng chăm sóc tế bào da chết cứng đầu bằng cách khôi phục lại tỷ lệ thay đổi/ tái tạo của nó.</em></p><p style=\"text-align: justify;\"><em><strong>Thành phần chính: </strong>Chiết xuất từ ngọc trai, nhân sâm, hoa mộc lan</em></p><p style=\"text-align: justify;\"><em><strong>Loại da phù hợp nhất: </strong>Da có đốm nâu, xỉn màu và thiếu sức sống</em></p><p style=\"text-align: justify;\"><em><strong>(*)Hiệu quả sau khi sử dụng: </strong>Da sạch, mịn và tươi sáng tràn đầy sức sống.&nbsp;</em></p><p style=\"text-align: justify;\"><img alt=\"YEHWADAM JEJU MAGNOLIA PURE BRIGHTENING SERUM 45ml\" src=\"//file.hstatic.net/1000036599/file/53050323-yehwadam-jeju-magnolia-pure-brightening-serum-1_39d07fd451e84a61aeb462961e54fc6f.jpg\"></p><div style=\"text-align: justify;\">Tế bào hắc tố sản sinh bên trong da, cũng như sự tích tụ của các tế bào da chết là hai&nbsp;nguyên nhân chính gây ra tình trạng da xỉn màu. Khi các tạp chất tích tụ trong da, các đốm đen&nbsp;&nbsp;và khuyết điểm được hình thành, làn da trông tối hơn và có vẻ ngoài lão hóa. Tốc độ của&nbsp;quá trình tái tạo tế bào da bị chậm lại. Điều này làm chậm chu kỳ thay da và cuối cùng trở thành lý do chính của kết cấu da thô ráp, bong tróc.</div><p style=\"text-align: justify;\"><a title=\"Website Mua Sắm THEFACESHOP Chính Hãng Độc Quyền Tại Việt Nam\" href=\"https://thefaceshop.com.vn/\">THEFACESHOP</a> hiểu được rằng một gương mặt trẻ trung với làn da trắng sáng, trong trẻo là điểm cốt lõi của nhan sắc. Và Tinh chất sáng trắng da YEHWADAM JEJU MAGNOLIA PURE BRIGHTENING SERUM sẽ là trợ thủ đắc lực giúp nàng đạt được điều đó.&nbsp;</p><h2 style=\"text-align: justify;\"><span style=\"font-size:18px\"><strong>Công dụng vượt trội của Yehwadam Pure Brightening Serum cho làn da trắng sáng</strong></span></h2><p style=\"text-align: justify;\">Yehwadam Pure Brightening Serum nằm trong dòng sản phẩm YEHWADAM JEJU MAGNOLIA PURE BRIGHTENING – dòng dưỡng trắng từ hoa mộc lan với khả năng làm sáng da tuyệt vời, kết hợp cùng 7 loại thảo dược quý,&nbsp;<a title=\"Sản phẩm tinh chất sáng trắng da\" href=\"https://thefaceshop.com.vn/collections/serum\">Tinh chất sáng trắng da</a> Yehwadam sẽ “thay áo mới” cho gương mặt, đánh bay các dấu hiệu già nua đồng thời trả lại xuân sắc cho làn da trắng bừng sức sống, tinh khôi.&nbsp;</p><p style=\"text-align: center\"><img alt=\"Tinh Chất Sáng Trắng Da YEHWADAM JEJU MAGNOLIA PURE BRIGHTENING SERUM 45ml\" src=\"//file.hstatic.net/1000036599/file/53050323-yehwadam-jeju-magnolia-pure-brightening_7e870454be14414eaec417f366c84a9e.jpg\"></p><p style=\"text-align: justify;\"><strong>Tác dụng chính của sản phẩm gồm:</strong></p><ul><li style=\"text-align: justify;\">Tinh chất là bước chăm sóc chuyên sâu giúp cải thiện và phục hồi hiệu quả các vấn đề của làn da.</li><li style=\"text-align: justify;\">Tạo ra làn da sáng trắng, khỏe mạnh nhờ vào hiệu quả dưỡng trắng tuyệt vời của hoa mộc lan, ngọc trai và&nbsp;7 loại thảo dược quý trong Đông y.&nbsp;</li><li style=\"text-align: justify;\">hờ vào hoạt chất Serine &amp; Allantoin giúp giảm thiểu sự tích tụ của các tế bào chết</li><li style=\"text-align: justify;\">Sản phẩm còn có khả năng phục hồi bề mặt da kém săn chắc, có nếp nhăn nông vì thiếu ẩm.</li><li style=\"text-align: justify;\">Đây thật sự là một sản phẩm không thể thiếu nếu bạn muốn cải thiện cấu trúc da và duy trì nét tươi trẻ, trắng sáng cho làn da của mình.</li></ul><h2 style=\"text-align: justify;\"><span style=\"font-size:18px\"><strong>Ưu điểm nổi bật dòng dưỡng sáng trắng da Yehwadam Jeju Magnolia Pure Brightening</strong></span></h2><ul><li><h3 style=\"text-align: justify;\"><span style=\"font-size:16px\"><strong>Công nghệ chiết xuất Ultrasonic (sóng siêu âm)</strong></span></h3><ul><li style=\"text-align: justify;\">Sóng siêu âm là âm thanh không nghe được khi có độ rung cao.</li><li style=\"text-align: justify;\">Phương pháp chiết xuất siêu âm là cách chiết xuất các hoạt chất từ ​​vật chất tự nhiên bằng cách cho sóng siêu âm xuyên sâu vào vật chất tự nhiên và đẩy hoạt chất ra ngoài.</li><li style=\"text-align: justify;\">Khi năng lượng sóng siêu âm tăng lên, nồng độ của dung môi của vật liệu chiết xuất ban đầu bị phá hủy, tạo nên sự xuất hiện của vài triệu vi mô. Sự bùng nổ này tạo điều kiện cho quá trình trương nở và hydrat hóa của chất chiết xuất.</li><li style=\"text-align: justify;\">Do hiện tượng khoang, sự xâm nhập của dung môi giữa các mô được cải thiện, và công nghệ này tối đa hóa hiệu quả của quá trình chiết xuất bằng cách thúc đẩy quá trình luân chuyển các chất hoạt tính.</li></ul></li></ul><p style=\"text-align: justify;\">Bằng cách sử dụng phương pháp chiết xuất siêu âm, Yehwadam cho phép tăng hiệu quả xử lý chiết xuất và giảm thiểu sự phá hủy các chất hoạt tính</p><ul><li><h3 style=\"text-align: justify;\"><span style=\"font-size:16px\"><strong>Thành phần dưỡng trắng vượt trội</strong></span></h3></li></ul><p style=\"text-align: justify;\"><img alt=\"YEHWADAM JEJU MAGNOLIA PURE BRIGHTENING CREAM\" src=\"//file.hstatic.net/1000036599/file/thanh-phan_eb75f6b10bce428ebbb90a03873ee6c9.jpg\"></p><p style=\"text-align: justify;\"><strong>Hoa Mộc Lan trắng từ đảo Jeju:&nbsp;</strong>hiệu quả làm sáng tự nhiên, giúp&nbsp;ức chế&nbsp;melanin,&nbsp;chống oxy hóa và chống viêm tuyệt vời. Cải thiện nhược điểm trên da.</p><p style=\"text-align: justify;\"><em>&nbsp;Dòng sản phẩm làm sáng Yehwadam sử dụng 20 ~ 30 bông hoa Mộc lan trắng được hái bằng tay trên mỗi 1kg thành phần phức hợp</em></p><p style=\"text-align: justify;\"><strong>Phức hợp ChilBaek SoYunDan™:</strong>&nbsp;với chức năng làm sáng nổi bật gồm 7 thành phần thảo dược truyền thống được biết đến với công dụng ức chế sắc tố sẫm màu và&nbsp;cải thiện lưu thông máu</p><ul><li style=\"text-align: justify;\">Ngọc trai: Tăng độ đàn hồi cho da, cải thiện nếp nhăn và vùng tối màu, cho làn da trắng sáng, mịn mượt, mang lại cảm giác tươi trẻ, đầy sức sống cho khuôn mặt và làm dịu da tay, da chân thô ráp</li><li style=\"text-align: justify;\">Nhân sâm trắng: Chiết xuất Nhân Sâm trong Kem dưỡng sáng trắng da Yehwadam là nhân tố nổi bật giúp làn da sở hữu vẻ trắng sáng tự nhiên. Hoạt chất saponin dày đặc trong Nhân sâm sẽ tăng cường quá trình tái tạo máu, làm mờ vết thâm sạm và đào thải độc tố trong máu. Điều này sẽ tạo ra làn da trắng sáng, hồng hào tự nhiên cho gương mặt.</li><li style=\"text-align: justify;\">Kim ngân hoa: Có tác dụng hạ nhiệt tích tụ bên trong cơ thể và loại bỏ độc tố.</li><li style=\"text-align: justify;\">Bạch chỉ: Có tác dụng loại bỏ năng lượng và máu bị tắc nghẽn.</li><li style=\"text-align: justify;\">Hoa mẫu đơn: Có tác dụng bổ sung năng lượng, bổ máu cho gan.</li></ul><p style=\"text-align: justify;\"><strong>Serine &amp; Allantoin:&nbsp;giúp giảm thiểu sự tích tụ của các tế bào chết</strong></p><ul><li style=\"text-align: justify;\">Thành phần được cấp bằng sáng chế thuộc sở hữu của LG H&amp;H - Serine and Allantoin (**), có khả năng tuyệt vời trong việc thúc đẩy chu kỳ thay đổi tế bào da</li><li style=\"text-align: justify;\">Sử dụng công thức chứa serin và allantoin, các hoạt chất có tác dụng loại bỏ tế bào chết cứng đầu mà không gây kích ứng với phương pháp loại bỏ ion canxi đóng vai trò kết dính tế bào da chết.</li><li style=\"text-align: justify;\">Làm cho màu da đều và rõ ràng hơn bằng cách thúc đẩy chu kỳ tái tạo da.</li></ul><p style=\"text-align: justify;\">&nbsp;</p><h3 style=\"text-align: justify;\">Hướng dẫn sử dụng tinh chất sáng da Yehwadam Jeju Magnolia Pure Brightening Serum</h3><p style=\"text-align: justify;\">Bạn sử dụng sau bước nước cân bằng Yehwadam.</p><p style=\"text-align: justify;\">Nhỏ 1-2 giọt Tinh chất sáng trắng da Yehwadam ra tay sạch và vỗ nhẹ lên khắp mặt. Sau đó massage nhẹ theo chuyển động tròn khoảng 30s để dưỡng chất thấm sâu vào da.</p><p style=\"text-align: justify;\"><img alt=\"YEHWADAM JEJU MAGNOLIA PURE BRIGHTENING CREAM\" src=\"//file.hstatic.net/1000036599/file/bo-yehwadam-jeju-magnolia-pure-brightening_033d4a4f419540a28ae1b057c8dbe45d.jpg\"></p><p style=\"text-align: justify;\">&nbsp;</p><p style=\"text-align: justify;\">(*)Hiệu quả sử dụng có thể khác nhau tùy vào cơ địa da mỗi người.</p><p style=\"text-align: justify;\">(**)LG H&amp;H achieved patent registration number (10-1934022) &amp; PCT (Patent Cooperation Treaty, which&nbsp;is an multi-national patent) application, Korean/PCT/Taiwanese patent application (10-2019-0063704)</p>', '2022-12-01 17:37:23', 0, 38, 5, 45, 'ml', 'Unit', 0, 1, 25, 3, 2689000);
INSERT INTO `product` (`IDProduct`, `NameProduct`, `IDBrand`, `Description`, `CreatedOn`, `IsDeleted`, `Stock`, `TotalPurchaseQuantity`, `Mass`, `UnitsOfMass`, `Units`, `ApplyTaxes`, `StatusSale`, `IDTag`, `IDType`, `ListPrice`) VALUES
(53060293, 'Miếng Dán Mụn Giảm Sưng Dịu Da Dr.Belmeur Clarifying Spot Soothing Patches (24pcs)', 3, '<p id=\"i4db\"><em><strong>Công dụng chính:</strong>&nbsp;Miếng dán giảm sưng mụn&nbsp;Dr. Belmeur Clarifying Spot Soothing Patches&nbsp;giúp kháng viêm, giảm sưng đỏ mụn. Giúp khô cồi mụn nhanh chóng và làm dịu vùng da bị mụn. Có thể sử dụng hàng ngày để che mụn trước khi trang điểm.</em></p><p id=\"i434\"><img src=\"//file.hstatic.net/1000036599/file/dr.belmeur_clarifying_spot_soothing_patches_3_9b2927c3a2614431a41d9d0fadaa2432.png\" id=\"iwmi\"></p><p id=\"ibra\">Một buổi sáng thức dậy bạn bỗng nhiên thấy mặt nổi mụn, loay hoay không biết làm sao để che đi trong khi sáng nay có cuộc gặp gỡ quan trọng. Nếu dùng phấn trang điểm lấp đi sẽ khiến cho mụn càng trầm trọng hơn. Lúc này, bạn hãy dùng ngay Miếng Dán Mụn Dr.Belmeur Clarifying Spot Plaster Band, hô biến nốt mụn biến mất chỉ sau 3s.</p><h2 id=\"i04iq\">Công dụng của Dr.Belmeur Clarifying Spot&nbsp;</h2><p id=\"i4ivg\"><img src=\"//file.hstatic.net/1000036599/file/mi_ng-d_n-m_n-dr-1.jpg\" id=\"iq09w\"></p><p id=\"i3nrt\">Được thiết kế nhầm giúp che đi nốt mụn cấp tốc, <a target=\"_blank\" rel=\"noopener noreferrer\" title=\"Các sản phẩm phụ kiện của THEFACESHOP\" href=\"https://thefaceshop.com.vn/collections/accessories\">miếng dán mụn</a> Dr.Belmeur được rất nhiều khách hàng tin dùng. Không chỉ mang lại hiệu quả che nốt mụn, giảm đỏ viêm, mà còn có tác động trị mụn hiệu quả.</p><p id=\"i1cwl\">Sản phẩm giúp xoa dịu vùng da bị mụn trên khuôn mặt. Giảm sưng tấy và nhanh chóng làm xẹp mụn. Miếng dán nhỏ màu trắng trong suốt vừa giúp che đi nốt mụn tự nhiên, vừa bảo vệ khỏi bị ô nhiễm và giúp tiêu mụn hiệu quả chỉ sau 8 tiếng.</p><h2 id=\"ib9ho\">Thành phần có trong miếng dán mụn</h2><p id=\"i4oxu\">Miếng dán giảm sưng mụn chiết xuất từ tinh dầu cây trà kết hợp cùng salicylic acid kháng khuẩn và kháng viêm trị mụn cực nhanh.</p><p id=\"idv9m\">Thành phần đầy đủ:</p><ul><li id=\"i3zws\">Acrylate Copolymer</li><li id=\"ia54e\">Vinylcaprolactam / Vipi / Dimethylaminoethyl methacrylate copolymer</li><li id=\"ivzd3\">Pink needle leaf / leaf / stem extract</li><li id=\"inaqg\">Sodium metabisulfite</li><li id=\"ime5k\">Tea tree leaf oil</li><li id=\"i608v\">Butylene glycol</li><li id=\"idu4o\">Grape seed extract P. vipi</li><li id=\"ic91j\">Salicylic acid</li><li id=\"iqftx\">Polysorbate 80</li><li id=\"in3vm\">Ash</li><li id=\"ibfa5\">Phytosphingosine</li><li id=\"i4wel\">Sodium hyaluronate</li><li id=\"i174q\">Phenoxyethanol<br></li></ul><h2 id=\"ihya5\">Hướng dẫn sử dụng miếng dán mụn Dr.Belmeur Clarifying Spot&nbsp;</h2><p id=\"iqrjx\">Sau khi làm sạch da và để da khô hoàn toàn, bạn đặt miếng dán lên đốm mụn (không sử dụng sản phẩm dưỡng da trước đó). Sau khoảng 8 ~ 12 giờ, tháo miếng dán ra.</p><style>* { box-sizing: border-box; } body {margin: 0;}*{box-sizing:border-box;}body{margin-top:0px;margin-right:0px;margin-bottom:0px;margin-left:0px;}#i4db{text-align:justify;}#i434{text-align:center;}#iwmi{width:594px;height:583px;margin:0 0 0 70px;}#ibra{text-align:justify;}#i04iq{text-align:justify;}#i4ivg{text-align:justify;}#i3nrt{text-align:justify;}#i1cwl{text-align:justify;}#ib9ho{text-align:justify;}#i4oxu{text-align:justify;}#idv9m{text-align:justify;}#i3zws{text-align:justify;}#ia54e{text-align:justify;}#ivzd3{text-align:justify;}#inaqg{text-align:justify;}#ime5k{text-align:justify;}#i608v{text-align:justify;}#idu4o{text-align:justify;}#ic91j{text-align:justify;}#iqftx{text-align:justify;}#in3vm{text-align:justify;}#ibfa5{text-align:justify;}#i4wel{text-align:justify;}#i174q{text-align:justify;}#ihya5{text-align:justify;}#iqrjx{text-align:justify;}#iq09w{margin-top:0px;margin-right:0px;margin-bottom:0px;margin-left:40px;}</style>', '2022-12-01 17:27:54', 0, 69, 34, 50, 'gam', 'Unit', 0, 1, 31, 3, 79000),
(53060311, '[Limited Edition] Bộ Son Dưỡng Mềm Môi Dr.Belmeur Lip Balm Duo Set (2pcs)', 5, '<div id=\"imne\"><h2 id=\"ihgk\"><span id=\"iyay\">Công dụng của son dưỡng Dr.Belmeur&nbsp; Lip Balm</span></h2><ul id=\"iwpf\"><li id=\"i1yw\">Giảm hẳn thâm và xỉn màu môi, tái tạo sắc hồng tự nhiên cho bờ môi</li><li id=\"ip8n\">Tăng sinh tế bào da, ngăn ngừa lão hóa môi hiệu quả</li><li id=\"iwchc\">Dưỡng ẩm cho môi chống khô môi nứt nẻ, giúp môi mềm mịn hơn</li></ul><h2 id=\"i9wcc\"><span id=\"ijycf\">Bộ Son Dưỡng&nbsp;Dr.Belmeur bao gồm 2 sản phẩm:</span></h2><p id=\"ih2og\"><span id=\"i5ok3\"><em id=\"iu328\"><a target=\"_blank\" href=\"http://xn--son%20dng%20mi%20c%20mu%20dr-gkc97cza321d8u5z.belmeur%20advanced%20cica%20touch%20lip%20balm%205.5g/\" id=\"i074a\">1&nbsp;Son Dưỡng Môi Có Màu DR.BELMEUR ADVANCED CICA TOUCH LIP BALM 5.5g #RED_</a>&nbsp;Màu đỏ&nbsp;</em></span></p><p id=\"i18p9\"><img alt=\"Son Dưỡng Môi Có Màu DR.BELMEUR ADVANCED CICA TOUCH LIP BALM\" src=\"https://file.hstatic.net/1000036599/file/dr.belmeur_advanced_cica_touch_lip_balm_2_b72bae417ba64174953141cbf5a3d0d8.jpg\" id=\"idipi\"></p><p id=\"ib8k4\">Dr.Belmeur Advanced Cica Touch Lip Balm là dòng son dưỡng có màu đa năng với thành phần thiên nhiên cực kì lành tính. Son dưỡng có khả năng dưỡng ẩm, phục hồi tổn thương và chống lão hoá cho bờ môi. Đồng thời giúp lấy lại độ mềm mượt, căng mướt cho những môi khô, bong tróc, nứt nẻ.</p><p id=\"id6t8\">Công thức Hypoallergenic giúp son dưỡng môi có màu Dr.Belmeur Advanced Cica Touch Lip Balm cấp ẩm tuyệt đối nhưng không gây cảm giác nặng môi. Mang lại sự thoải mái với màu sắc dưỡng nhẹ nhàng tự nhiên chỉ sau một lần chạm.</p><p id=\"i7kyf\"><a target=\"_blank\" href=\"https://thefaceshop.com.vn/products/son-duong-moi-dr-belmeur-daily-repair-moisturizing-lip-balm-4g\" id=\"icw6c\"><span id=\"ihwys\">1&nbsp;</span><span id=\"iopq2\">Son Dưỡng Môi Không Màu DR.BELMEUR DAILY REPAIR MOISTURIZING LIP BALM 4g</span></a></p><p id=\"icvm9\"><img src=\"https://file.hstatic.net/1000036599/file/son-duong-moi.jpg\" id=\"idqyk\"></p><p id=\"ijfyp\">&nbsp;</p><p id=\"i8hpy\"><span id=\"ioybb\">Son dưỡng môi tái tạo tế bào môi Dr.Belmeur Daily Repair Moisturizing Lip Balm</span> của THEFACESHOP giúp giảm thiểu khô nứt chảy máu do sự tác động của môi trường, đặc biệt vào mùa lạnh. Công thức sáp mềm, nhẹ nhàng, không mùi. Son dưỡng có kết cấu không quá mỏng, nhưng đủ che phủ tốt. Khi dùng lên môi bạn có cảm giác môi mềm và đủ ẩm. Với thiết kế nhỏ gọn rất tiện lợi và dễ dàng cho việc sử dụng bất cứ lúc nào.</p><h3 id=\"il3xl\"><span id=\"i71a2\">Hướng dẫn sử dụng</span></h3><p id=\"i1g2w\">Thoa đều khắp vùng môi. Có thể sử dụng thoa nhiều lần trong ngày.</p><p id=\"idl0r\">- Sau khi tẩy tế bào chết môi</p><p id=\"ipqiz\">- Trước lớp son màu</p><p id=\"iupij\">- Hoặc khi môi khô</p></div><style>* { box-sizing: border-box; } body {margin: 0;}#imne{padding:10px;text-align:justify;}#ihgk{font-family:Poppins, sans-serif;margin-right:0px;margin-left:0px;font-weight:600;padding:0px;-webkit-font-smoothing:antialiased;font-size:30px;line-height:1.35;}#iyay{font-family:var(--font-family);-webkit-font-smoothing:antialiased;font-size:18px;}#iwpf{font-family:Poppins, sans-serif;margin-right:0px;margin-left:0px;-webkit-font-smoothing:antialiased;padding:0px;list-style-type:circle;}#i1yw{font-family:var(--font-family);-webkit-font-smoothing:antialiased;margin:0px 0px 0px 20px;padding:0px 0px 0px 4px;}#ip8n{font-family:var(--font-family);-webkit-font-smoothing:antialiased;margin:0px 0px 0px 20px;padding:0px 0px 0px 4px;}#iwchc{font-family:var(--font-family);-webkit-font-smoothing:antialiased;margin:0px 0px 0px 20px;padding:0px 0px 0px 4px;}#i9wcc{font-family:Poppins, sans-serif;margin-top:1.2em;margin-right:0px;margin-left:0px;font-weight:600;padding:0px;-webkit-font-smoothing:antialiased;font-size:30px;line-height:1.35;text-align:justify;}#ijycf{font-family:var(--font-family);-webkit-font-smoothing:antialiased;font-size:18px;}#ih2og{font-family:Poppins, sans-serif;margin-right:0px;margin-left:0px;padding:0px;white-space:pre-line;-webkit-font-smoothing:antialiased;text-align:justify;}#i5ok3{font-family:var(--font-family);font-weight:600;-webkit-font-smoothing:antialiased;}#iu328{font-family:var(--font-family);-webkit-font-smoothing:antialiased;}#i074a{font-family:var(--font-family);color:rgb(44, 53, 70);-webkit-font-smoothing:antialiased;}#i18p9{font-family:Poppins, sans-serif;margin-right:0px;margin-left:0px;padding:0px;white-space:pre-line;-webkit-font-smoothing:antialiased;text-align:justify;}#idipi{font-family:var(--font-family);margin:0px;padding:0px;display:block;max-width:100%;-webkit-font-smoothing:antialiased;}#ib8k4{font-family:Poppins, sans-serif;margin-right:0px;margin-left:0px;padding:0px;white-space:pre-line;-webkit-font-smoothing:antialiased;text-align:justify;}#id6t8{font-family:Poppins, sans-serif;margin-right:0px;margin-left:0px;padding:0px;white-space:pre-line;-webkit-font-smoothing:antialiased;text-align:justify;}#i7kyf{font-family:Poppins, sans-serif;margin-right:0px;margin-left:0px;padding:0px;white-space:pre-line;-webkit-font-smoothing:antialiased;text-align:justify;}#icw6c{font-family:var(--font-family);color:rgb(44, 53, 70);-webkit-font-smoothing:antialiased;}#ihwys{font-family:var(--font-family);font-weight:600;-webkit-font-smoothing:antialiased;}#iopq2{font-family:var(--font-family);font-weight:600;-webkit-font-smoothing:antialiased;}#icvm9{font-family:Poppins, sans-serif;margin-right:0px;margin-left:0px;padding:0px;white-space:pre-line;-webkit-font-smoothing:antialiased;}#idqyk{font-family:var(--font-family);margin:0px;padding:0px;display:block;max-width:100%;-webkit-font-smoothing:antialiased;}#ijfyp{font-family:Poppins, sans-serif;margin-right:0px;margin-left:0px;padding:0px;white-space:pre-line;-webkit-font-smoothing:antialiased;}#i8hpy{font-family:Poppins, sans-serif;margin-right:0px;margin-left:0px;padding:0px;white-space:pre-line;-webkit-font-smoothing:antialiased;text-align:justify;}#ioybb{font-family:var(--font-family);font-weight:600;-webkit-font-smoothing:antialiased;}#il3xl{font-family:Poppins, sans-serif;margin-top:1.2em;margin-right:0px;margin-left:0px;font-weight:600;padding:0px;-webkit-font-smoothing:antialiased;font-size:24px;line-height:1.35;text-align:justify;}#i71a2{font-family:var(--font-family);-webkit-font-smoothing:antialiased;font-size:16px;}#i1g2w{font-family:Poppins, sans-serif;margin-right:0px;margin-left:0px;padding:0px;white-space:pre-line;-webkit-font-smoothing:antialiased;text-align:justify;}#idl0r{font-family:Poppins, sans-serif;margin-right:0px;margin-left:0px;padding:0px;white-space:pre-line;-webkit-font-smoothing:antialiased;text-align:justify;}#ipqiz{font-family:Poppins, sans-serif;margin-right:0px;margin-left:0px;padding:0px;white-space:pre-line;-webkit-font-smoothing:antialiased;text-align:justify;}#iupij{font-family:Poppins, sans-serif;margin-right:0px;margin-left:0px;padding:0px;white-space:pre-line;-webkit-font-smoothing:antialiased;text-align:justify;}</style>', '2022-12-01 17:27:27', 0, 70, 12, 50, 'gam', 'Unit', 0, 1, 16, 3, 669000),
(54800290, 'Nước Cân Bằng Dưỡng Ẩm Chuyên Sâu Dạng Xịt CNP Laboratory Hydro Cera Essential Toner 150Ml', 2, '<p style=\"text-align: justify;\"><em><span style=\"font-size:16px\">Công dụng chính: Cấp ẩm, tạo hàng rào ẩm tự nhiên giúp da căng mọng như ngậm nước, giảm thiểu khô sần, kích ứng.</span></em></p><p style=\"text-align: justify;\"><em><span style=\"font-size:16px\">Loại da phù hợp: Mọi loại da, đặc biệt là da khô.</span></em></p><div style=\"text-align: justify;\"><span style=\"font-size:16px\"><em>Thành phần chính:&nbsp;Công thức CNP Cera-mineral Complex.</em></span></div><div style=\"text-align: justify;\"><p style=\"text-align: center\"><img src=\"//file.hstatic.net/1000036599/file/dsc8671_2351e73d8f964f0e9001e79b1792933d.jpg\"></p></div><div><p style=\"text-align: justify;\"><span style=\"font-size:16px\">Nước cân bằng&nbsp;CNP Laboratory Hydro Cera Essential Toner là sản phẩm được yêu thích nhất của thương hiệu. Được sản xuất với công thức&nbsp;CNP Cera-mineral Complex củng cố hàng rào kép&nbsp;là màng chắn và liquid giúp da căng mịn, khỏe mạnh. Bên cạnh đó còn tạo ra hàng rào ẩm tự nhiên giúp bảo vệ da khỏi tác nhân gây hại. Nếu da đang gặp tình trạng khô sần, ngứa rát và thường xuyên bị kích ứng, đây sẽ là sản phẩm tuyệt vời cho làn da của bạn.&nbsp;</span></p><h2 style=\"text-align: justify;\"><strong><span style=\"font-size:28px\">Thành phần nổi bật</span></strong></h2><ul><li style=\"text-align: justify;\"><span style=\"font-size:16px\"><strong>Chứa 3 loại axit hyaluronic: </strong>Có tác dụng giữ nước, giữ ẩm, cân bằng độ ẩm cần thiết giúp da căng mọng suốt nhiều giờ liền.</span></li><li style=\"text-align: justify;\"><span style=\"font-size:16px\"><strong>Công thức CNP Cera-mineral Complex:</strong> Củng cố hàng rào độ ẩm trên da gấp 2 lần mang lại làn da ẩm mượt, khỏe mạnh từ sâu bên trong.</span></li></ul><h2 style=\"text-align: justify;\"><span style=\"font-size:28px\"><strong>Công dụng chính</strong></span></h2><ul><li style=\"text-align: justify;\"><span style=\"font-size:16px\">Dưỡng ẩm, làm dịu vùng da bị tổn thương</span></li><li style=\"text-align: justify;\"><span style=\"font-size:16px\">Làm chậm quá trình lão hóa, mờ nếp nhăn</span></li><li style=\"text-align: justify;\"><span style=\"font-size:16px\">Hỗ trợ làm sáng da, cải thiện vùng da không đều màu</span></li><li style=\"text-align: justify;\"><span style=\"font-size:16px\">Chống oxy hóa, bảo vệ da khỏi các gốc tự do, tác nhân gây hại</span></li><li style=\"text-align: justify;\"><span style=\"font-size:16px\">Điều trị mụn sưng viêm, trứng cá, đầu đen</span></li></ul><p style=\"text-align: justify;\"><strong><span style=\"font-size:16px\">Hướng dẫn sử dụng</span></strong></p><p style=\"text-align: justify;\"><span style=\"font-size:16px\">Làm sạch da mặt, cho một lượng toner ra bông tẩy trang lau nhẹ nhàng lên gương mặt. Dùng tay vỗ nhẹ để dưỡng chất thấm sâu vào bên trong.</span></p><p style=\"margin-bottom:11px\">&nbsp;</p></div>', '2022-12-01 17:27:33', 0, 80, 27, 150, 'ml', 'Unit', 0, 1, 22, 3, 770000),
(54800374, 'Tinh Chất Giảm Sưng Viêm Và Mẩn Đỏ CNP Laboratory Mugener Ampule 15ml', 2, '<p style=\"text-align: justify;\"><em><span style=\"font-size:16px\">Công dụng chính: Làm giảm mẩn đỏ, dịu vết mụn sưng viêm, chăm sóc da nhạy cảm hiệu quả.&nbsp;</span></em></p><p style=\"text-align: justify;\"><em><span style=\"font-size:16px\">Loại da phù hợp: Mọi loại da, đặc biệt là da nhạy cảm.</span></em></p><div style=\"text-align: justify;\"><em><span style=\"font-size:16px\">Thành phần chính: Chiết xuất chất nhầy của ốc sên.</span></em></div><div style=\"text-align: justify;\"><p style=\"text-align: center\"><img src=\"//file.hstatic.net/1000036599/file/untitled-2_a408a11e62f44c77a80968dd184d8865.png\"></p></div><div><p style=\"text-align: justify;\"><span style=\"font-size:16px\">Tinh chất giảm sưng viêm và mẩn đỏ CNP Laboratory Mugener Ampule được chiết xuất từ chất nhầy của ốc sên giúp làm giảm hiện tượng mẩn đỏ trên da. Đây là giải pháp dưỡng da an toàn, hiệu quả cho những làn da nhạy cảm, da dầu và da khô sần, thiếu nước.</span></p><h2 style=\"text-align: justify;\"><strong><span style=\"font-size:28px\">Thành phần nổi bật</span></strong></h2><p style=\"text-align: justify;\"><span style=\"font-size:16px\"><strong>Chất nhầy ốc sên:</strong> Có chứa nhiều nước giúp cân bằng độ ẩm, bảo vệ da khỏi khói bụi ô nhiễm. Đặc biệt thành phần này còn được mệnh danh là \"tiên dược\" trong việc chống lão hóa, thúc đẩy sản sinh collagen mang lại làn da đàn hồi, tràn đầy sức sống.&nbsp;</span></p><h2 style=\"text-align: justify;\"><strong><span style=\"font-size:28px\">Công dụng chính</span></strong></h2><ul><li style=\"text-align: justify;\"><span style=\"font-size:16px\">Làm giảm mẩn đỏ, mụn sưng viêm.</span></li><li style=\"text-align: justify;\"><span style=\"font-size:16px\">Thúc đẩy quá trình phục hồi, tái tạo cấu trúc da tổn thương.</span></li><li style=\"text-align: justify;\"><span style=\"font-size:16px\">Tăng cường độ ẩm giúp da căng mịn.</span></li><li style=\"text-align: justify;\"><span style=\"font-size:16px\">Làm chậm quá trình lão hóa, tăng cường độ đàn hồi giúp da săn chắc.</span></li><li style=\"text-align: justify;\"><span style=\"font-size:16px\">Tạo hàng rào bảo vệ da khỏi tác nhân bên ngoài như môi trường, khói bụi, hóa chất.</span></li></ul><p style=\"text-align: justify;\"><strong><span style=\"font-size:16px\">Hướng dẫn sử dụng</span></strong></p><ul><li style=\"text-align: justify;\"><span style=\"font-size:16px\">Sau khi làm sạch da mặt, sử dụng toner lau nhẹ nhàng trên da để loại bỏ bụi bẩn, bã nhờn còn sót lại.</span></li><li style=\"text-align: justify;\"><span style=\"font-size:16px\">Cho một lượng tinh chất thoa nhẹ và dùng tay vỗ đều giúp dưỡng chất thấm sâu vào bên trong.</span></li></ul><p style=\"margin-bottom:11px\">&nbsp;</p></div>', '2022-12-01 17:27:43', 0, 62, 37, 50, 'gam', 'Unit', 0, 1, 8, 3, 680000),
(54800375, 'Tinh Chất Hồng 7 Loại Vitamin B Phục Hồi Và Làm Sáng Da CNP Laboratory Vita-B Energy Ampule 15ml', 2, '<p style=\"text-align: justify;\"><span style=\"font-size:16px\"><em>Công dụng chính: Cấp ẩm, phục hồi và làm sáng mang lại làn da trắng hồng tự nhiên và khỏe mạnh.&nbsp;</em></span></p><p style=\"text-align: justify;\"><span style=\"font-size:16px\"><em>Loại da phù hợp: Mọi loại da, đặc biệt là da xỉn màu, khô.&nbsp;</em></span></p><p style=\"text-align: justify;\"><span style=\"font-size:16px\"><em>Thành phần chính: Chiết xuất hoa anh đào,&nbsp;7 loại Vitamin B...</em></span></p><p style=\"text-align: center\"><img src=\"//file.hstatic.net/1000036599/file/12_5db34bd533ba40f7b13553f31d6eed74.png\"></p><p style=\"text-align: justify;\"><span style=\"font-size:16px\">Ngay từ khi ra mắt vào năm 2019, tinh chất Vita-B Energy Ampule&nbsp;đã giành được giải thưởng danh giá Single Cosmetic Awards. Đặc biệt&nbsp;trở thành 1st Choice của Glow Pick. Sản phẩm được yêu thích bởi 3 công dụng chính là cấp ẩm ổn định, làm trắng và phục hồi da hư tổn. Bên cạnh đó khi xuất hiện lần đầu tiên trên thị trường, tinh chất hồng đã ghi dấu ấn với thiết kế dễ thương, chai thủy tinh có thể thấy được dung dịch màu hồng đẹp mắt bên trong.&nbsp;</span></p><h2 style=\"text-align: justify;\"><span style=\"font-size:28px\"><strong>Thành phần nổi bật</strong></span></h2><ul><li style=\"text-align: justify;\"><span style=\"font-size:16px\"><strong>100% nước hoa anh đào:</strong> Hỗ trợ cải thiện độ đàn hồi, giảm nám, mờ thâm, làm sáng da mang đến làn da trắng hồng không tì vết.</span></li><li style=\"text-align: justify;\"><span style=\"font-size:16px\"><strong>Glutathione:</strong> Bảo vệ da khỏi các gốc tự do, làm chậm quá trình lão hóa da.</span></li><li style=\"text-align: justify;\"><span style=\"font-size:16px\"><strong>7 loại Vitamin B:</strong> Tăng cường sản sinh collagen, ức chế sự hình thành của các đốm nâu.</span></li><li style=\"text-align: justify;\"><span style=\"font-size:16px\"><strong>Niacinamide: </strong>Điều tiết dầu thừa, cân bằng độ pH giúp da ẩm mượt, khỏe mạnh.&nbsp;</span></li></ul><h2 style=\"text-align: justify;\"><span style=\"font-size:28px\"><strong>Công dụng chính</strong></span></h2><ul><li style=\"text-align: justify;\"><span style=\"font-size:16px\">Cấp ẩm mang đến làn da căng mịn, khỏe mạnh.</span></li><li style=\"text-align: justify;\"><span style=\"font-size:16px\">Làm sáng, cải thiện vùng da không đều màu,</span></li><li style=\"text-align: justify;\"><span style=\"font-size:16px\">Phục hồi sinh khí cho làn da hư tổn.</span></li><li style=\"text-align: justify;\"><span style=\"font-size:16px\">Tăng cường độ đàn hồi, chống lão hóa.</span></li><li style=\"text-align: justify;\"><span style=\"font-size:16px\">Tạo hàng rào bảo vệ da khỏi các tác nhân gây hại, ánh nắng và môi trường.</span></li><li style=\"text-align: justify;\"><span style=\"font-size:16px\">Kết cấu tinh chất mỏng nhẹ, không nhờn rít, bết dính khi thoa lên da.</span></li><li style=\"text-align: justify;\"><span style=\"font-size:16px\">Không chứa 5 chất gây hại cho da như KHÔNG màu nhân tạo, KHÔNG&nbsp;hương liệu, KHÔNG&nbsp;paraben, KHÔNG&nbsp;dầu khoáng và KHÔNG&nbsp;benzophenone.&nbsp;</span></li></ul><p style=\"text-align: justify;\"><span style=\"font-size:16px\"><strong>Hướng dẫn sử dụng</strong></span></p><ul><li style=\"text-align: justify;\"><span style=\"font-size:16px\">Sau khi làm sạch da mặt, cho một 3-4 giọt tinh chất hồng thoa nhẹ lên toàn bộ gương mặt.</span></li><li style=\"text-align: justify;\"><span style=\"font-size:16px\">Sử dụng kem dưỡng ẩm và kem chống nắng để bảo vệ da tốt nhất.</span></li></ul>', '2022-12-01 17:29:02', 0, 46, 25, 15, 'ml', 'Unit', 0, 1, 25, 3, 680000),
(54800389, 'Kem Dưỡng Tái Tạo Phục Hồi Da CNP Laboratory Propolis Active Cream 50ml', 2, '<p style=\"text-align: justify;\"><em><span style=\"font-size:16px\">Công dụng chính: Cấp ẩm chuyên sâu, nuôi dưỡng làn da khỏe mạnh căng mịn từ sâu bên trong.&nbsp;</span></em></p><p style=\"text-align: justify;\"><em><span style=\"font-size:16px\">Loại da phù hợp: Mọi loại da, đặc biệt là da nhạy cảm, da khô.</span></em></p><div style=\"text-align: justify;\"><em><span style=\"font-size:16px\">Thành phần chính: Chiết xuất keo ong đậm đặc, 3 loại&nbsp;Ceramide.</span></em></div><div style=\"text-align: justify;\"><p style=\"text-align: center\"><img src=\"//file.hstatic.net/1000036599/file/666_6601d10086f24b1dbd89cf1cbdcf063b.png\"></p></div><div style=\"text-align: justify;\">&nbsp;</div><div style=\"text-align: justify;\"><span style=\"font-size:16px\">Kem dưỡng&nbsp;CNP Laboratory Propolis Active Cream chứa thành phần keo ong đậm đặc, kết hợp hoàn hảo cùng&nbsp;3 loại&nbsp;Ceramide (1,3 và 6) giúp cấp ẩm chuyên sâu, trẻ hóa da. Sản phẩm được nghiên cứu và sáng chế theo công thức an toàn, thân thiện giúp da mềm mại, đặc biệt là vị cứu tinh của những làn da khô sần, thường xuyên bong tróc.</span></div><h2 style=\"text-align: justify;\"><strong><span style=\"font-size:28px\">Thành phần nổi bật</span></strong></h2><ul><li style=\"text-align: justify;\"><span style=\"font-size:16px\"><strong>Chiết xuất keo ong đậm đặc: </strong>Chứa&nbsp;flavonoid, vitamin, khoáng chất và enzyme giúp kháng viêm và hỗ trợ điều trị các bệnh về da như viêm da, vảy nến... Bên cạnh đó còn chống lão hóa mang đến làn da trẻ trung, tươi tắn.&nbsp;</span></li><li style=\"text-align: justify;\"><span style=\"font-size:16px\"><strong>3 loại&nbsp;Ceramide (Ceramide 1,3 và 6): </strong>Chủ yếu hoạt động trên bề mặt, ngăn chặn tình trạng thoát nước, cung cấp độ ẩm giúp cân bằng lượng ẩm và nước hoàn hảo trên làn da.</span></li></ul><h2 style=\"text-align: justify;\"><span style=\"font-size:28px\"><strong>Công dụng chính</strong></span></h2><ul><li style=\"text-align: justify;\"><span style=\"font-size:16px\">Cấp ẩm chuyên sâu, giảm thiểu tình trạng khô sần, bong tróc da.</span></li><li style=\"text-align: justify;\"><span style=\"font-size:16px\">Ngăn ngừa vi khuẩn gây mụn hình thành.</span></li><li style=\"text-align: justify;\"><span style=\"font-size:16px\">Làm chậm quá trình lão hóa, làm đầy nếp nhăn.</span></li><li style=\"text-align: justify;\"><span style=\"font-size:16px\">Bảo vệ da khỏi tác nhân gây hại, gốc tự do...</span></li><li style=\"text-align: justify;\"><span style=\"font-size:16px\">Chừa lành da tổn thương, giảm thiểu kích ứng da hiệu quả.</span></li><li style=\"text-align: justify;\"><span style=\"font-size:16px\">Tăng cường hàng rào bảo vệ da khỏi các tác nhân gây hại.&nbsp;</span></li></ul><div style=\"text-align: justify;\"><strong><span style=\"font-size:16px\">Hướng dẫn sử dụng</span></strong></div><ul><li style=\"text-align: justify;\"><span style=\"font-size:16px\">Sau khi làm sạch da, cho một lượng toner lau nhẹ nhàng trên da giúp loại bỏ bụi bẩn, bã nhờn còn sót lại.</span></li><li style=\"text-align: justify;\"><span style=\"font-size:16px\">Thoa một lớp kem dưỡng vừa đủ lên toàn bộ gương mặt, vỗ nhẹ để dưỡng chất thấm sâu vào bên trong nuôi dưỡng da hoàn hảo nhất.</span></li></ul>', '2022-12-01 17:27:51', 0, 95, 36, 50, 'ml', 'Unit', 0, 1, 26, 3, 830000),
(54800424, 'Kem Chống Nắng Làm Dịu Và Giảm Mẩn Đỏ Cho Da Mụn CNP Laboratory Anti Blemish Correcting Sun Spf50+/Pa+++ 50ml', 2, '<p style=\"text-align: justify;\"><em><span style=\"font-size:16px\">Công dụng chính: Chống nắng, hiệu chỉnh sắc màu da và giảm mẩn đỏ da mụn hiệu quả.</span></em></p><p style=\"text-align: justify;\"><em><span style=\"font-size:16px\">Loại da phù hợp: Mọi loại da, kể cả da nhạy cảm.</span></em></p><div style=\"text-align: justify;\"><em><span style=\"font-size:16px\">Thành phần chính: Phức hợp tương tự \"thuốc mỡ\" gồm chiết xuất hành tây...</span></em></div><div style=\"text-align: justify;\"><p style=\"text-align: center\"><img src=\"//file.hstatic.net/1000036599/file/12b33d689ce75e1f14850bc1e2893e39_77cfd8c483d944629f6edf5c5d52ea2e.jpg\"></p></div><div style=\"text-align: justify;\"><span style=\"font-size:16px\">Kem chống nắng&nbsp;CNP Laboratory Anti Blemish Correcting Sun SPF50+/PA+++ được sản xuất từ phức hợp tương tự \"thuốc mỡ\" mang lại hiệu quả chống nắng, bảo vệ da khỏi tia UVA/UVB. Đồng thời sản phẩm còn giúp hiệu chỉnh màu da, giảm đỏ cho các nốt mụn sưng viêm. Đặc biệt có thể sử dụng làm lớp kem lót, che khuyết điểm nhẹ nhàng, giữ cho lớp nền trang điểm lâu trôi, không vón cục.&nbsp;</span></div><h2 style=\"text-align: justify;\"><strong><span style=\"font-size:28px\">Thành phần nổi bật&nbsp;</span></strong></h2><ul><li><h2 style=\"text-align: justify;\"><span style=\"font-size:16px\"><strong>Phức hợp tương tự \"thuốc mỡ\": </strong>Gồm chiết xuất hành tây, Panthenol và Allantoin hỗ trợ làm dịu nốt mụn sưng đỏ, ngăn ngừa mụn.</span></h2></li><li style=\"text-align: justify;\"><span style=\"font-size:16px\"><strong>Betaine Sallicylate:</strong> Ngăn ngừa tình trạng thoát nước, mất nước trên da. Cải thiện các vấn đề về da như mụn trứng cá, mụn đầu đen và làm giảm tình trạng tắc nghẽn lỗ chân lông.</span></li><li style=\"text-align: justify;\"><span style=\"font-size:16px\"><strong>Phytoserol: </strong>Tăng cường độ ẩm giúp giữ nước trên bền mặt da suốt nhiều giờ liền.</span></li><li style=\"text-align: justify;\"><span style=\"font-size:16px\"><strong>Calamine: </strong>Hỗ trợ điều trị tình trạng ngứa rát, kích ứng, cháy nắng và bảo vệ da hoàn hảo dưới tác nhân gây hại.&nbsp;</span></li><li style=\"text-align: justify;\"><span style=\"font-size:16px\"><strong>Squalane: </strong>Chống oxy hóa, làm mềm da, giữ da luôn ẩm mượt.&nbsp;</span></li><li style=\"text-align: justify;\"><span style=\"font-size:16px\"><strong>Niacinamide:</strong> Ức chế hình thành sắc tố đen, duy trì độ ẩm, điều tiết lượng dầu thừa giúp bề mặt da thông thoáng.</span></li></ul><h2 style=\"text-align: justify;\"><strong><span style=\"font-size:28px\">Công dụng chính</span></strong></h2><ul><li style=\"text-align: justify;\"><span style=\"font-size:16px\">Bảo vệ da dưới tác nhân gây hại như ánh nắng, khói bụi, môi trường...</span></li><li style=\"text-align: justify;\"><span style=\"font-size:16px\">Kiểm soát dầu nhờn giúp lỗ chân lông thông thoáng.</span></li><li style=\"text-align: justify;\"><span style=\"font-size:16px\">Hiệu chỉnh tông da, làm giảm nốt mụn sưng đỏ.</span></li><li style=\"text-align: justify;\"><span style=\"font-size:16px\">Làm đều màu da, cải thiện vùng da tối màu.</span></li><li style=\"text-align: justify;\"><span style=\"font-size:16px\">Ngăn ngừa vi khuẩn gây mụn tiềm ẩn trên da.</span></li><li style=\"text-align: justify;\"><span style=\"font-size:16px\">Có thể làm kem lót trang điểm, mỏng nhẹ không gây nặng da.</span></li></ul><div style=\"text-align: justify;\"><strong><span style=\"font-size:16px\">Hướng dẫn sử dụng</span></strong></div><ul><li style=\"text-align: justify;\"><span style=\"font-size:16px\">Thoa một lớp kem dưỡng ẩm để bảo vệ da.</span></li><li style=\"text-align: justify;\"><span style=\"font-size:16px\">Cho một lượng kem chống nắng vừa đủ ra mu bàn tay, chấm đều lên mặt và thoa đều.</span></li></ul><div style=\"text-align: justify;\"><strong><span style=\"font-size:16px\">Lưu ý</span></strong></div><ul><li style=\"text-align: justify;\"><span style=\"font-size:16px\">Thoa 20 phút trước khi ra đường.</span></li><li style=\"text-align: justify;\"><span style=\"font-size:16px\">Thoa lại kem sau 2 -3 tiếng để bảo vệ da hoàn hảo suốt một ngày dài.</span></li></ul><div style=\"text-align: justify;\">&nbsp;</div><div>&nbsp;</div>', '2022-12-01 17:27:48', 0, 109, 45, 50, 'ml', 'Unit', 0, 1, 45, 3, 690000),
(54800840, 'Xịt Khoáng Tái Tạo Da CNP Propolis Energy Ampule Mist 50ml', 2, '<p style=\"text-align: justify;\"><em><span style=\"font-size:16px\">Công dụng chính: Cấp ẩm chuyên sâu ngay tức thì giúp da sáng mịn, khỏe khoắn và tươi tắn.</span></em></p><p style=\"text-align: justify;\"><em><span style=\"font-size:16px\">Loại da phù hợp: Mọi loại da, đặc biệt là da khô, thiếu ẩm, thiếu nước.</span></em></p><div style=\"text-align: justify;\"><span style=\"font-size:16px\"><em>Thành phần chính: Chiết xuất từ keo ong.</em></span></div><div><p style=\"text-align: justify;\"><span style=\"font-size:16px\">Xịt khoáng tinh chất keo ong tái tạo da CNP Propolis Energy Ampule Mist là sản phẩm cấp ẩm chuyên sâu. Được thiết kế cho những làn da khô, thiếu ẩm và cần bổ sung nước thường xuyên, liên tục. Với thành phần thiên nhiên, chủ yếu là keo ong quý hiếm được khai thác tại amazon mang lại giải pháp dưỡng da tuyệt vời. Đặc biệt xịt khoáng được sản xuất với công nghệ hạt sương siêu mịn Ultra-Fine Mist Spray giúp dàn đều trên da, thẩm thấu nhanh, không tốn nhiều thời gian.&nbsp;</span></p><h2 style=\"text-align: justify;\"><strong><span style=\"font-size:28px\">Thành phần nổi bật</span></strong></h2><ul><li style=\"text-align: justify;\"><span style=\"font-size:16px\"><strong>Keo ong: </strong>Chống viêm, kháng khuẩn bảo vệ da khỏi vi khuẩn gây hại và làm chậm quá trình lão hóa giúp da trẻ hóa tự nhiên, rạng rỡ tươi tắn.</span></li><li style=\"text-align: justify;\"><span style=\"font-size:16px\"><strong>Glycerin: </strong>Có tác dụng dưỡng ẩm, duy trì độ ẩm sâu và lâu trên da.</span></li><li style=\"text-align: justify;\"><span style=\"font-size:16px\"><strong>Hyaluronic Acid (HA):</strong> Hỗ trợ làm đầy nếp nhăn, phân bổ qua từng tia xịt khoáng giúp bề mặt da thấm thấu trọn vẹn dưỡng chất.&nbsp;</span></li></ul><h2 style=\"text-align: justify;\"><span style=\"font-size:28px\"><strong>Công dụng chính</strong></span></h2><ul><li style=\"text-align: justify;\"><span style=\"font-size:16px\">Bổ sung độ ẩm cho da liên tục và tức thì.</span></li><li style=\"text-align: justify;\"><span style=\"font-size:16px\">Thức tỉnh làn da mệt mỏi, thiếu sức sống.</span></li><li style=\"text-align: justify;\"><span style=\"font-size:16px\">Chống lão hóa, giảm tình trạng chảy xệ da, bảo vệ da khỏi tác nhân gây hại.</span></li><li style=\"text-align: justify;\"><span style=\"font-size:16px\">Tăng cường sức đề kháng giúp da khỏe mạnh từ sâu bên trong.</span></li><li style=\"text-align: justify;\"><span style=\"font-size:16px\">Hỗ trợ cải thiện vùng da không đều màu.</span></li><li style=\"text-align: justify;\"><span style=\"font-size:16px\">Làm mềm da, cấp ẩm ngay lập tức cho da trước khi trang điểm.</span></li></ul><p style=\"text-align: justify;\"><strong><span style=\"font-size:16px\">Hướng dẫn sử dụng</span></strong></p><p style=\"text-align: justify;\"><span style=\"font-size:16px\">Đặt sản phẩm cách mặt 20-30cm, nhắm mắt và xịt nhẹ nhàng lên toàn bộ gương mặt di chuyển theo hướng vòng tròn. Để khô tự nhiên.</span></p><p style=\"text-align: justify;\"><strong><span style=\"font-size:16px\">Lưu ý</span></strong></p><ul><li style=\"text-align: justify;\"><span style=\"font-size:16px\">Nếu xịt để dưỡng da, đặt vòi xịt cách mặt 20cm, xịt nhẹ để dưỡng chất dàn trải đều trên da.</span></li><li style=\"text-align: justify;\"><span style=\"font-size:16px\">Nếu xịt để giữ lớp trang điểm, đặt vòi xọt cách 30cm.</span></li><li style=\"text-align: justify;\"><span style=\"font-size:16px\">Có thể sử dụng mọi lúc khi da cần được bổ sung độ ẩm trong ngày.</span></li></ul></div>', '2022-12-01 17:27:40', 0, 17, 51, 50, 'ml', 'Unit', 0, 1, 23, 3, 250000),
(54800847, 'Tinh Chất Keo Ong Tái Tạo Phục Hồi Da CNP Laboratory Propolis Energy Active Ampule 35ml', 2, '<div id=\"ivy9\"><p id=\"i7wh\"><em id=\"imfk\"><span id=\"ik1i\">Công dụng chính:</span> Chống oxy hóa, phục hồi làn da tổn thương và tăng cường độ đàn hồi giúp da khỏe mạnh.</em></p><p id=\"irtd\"><em id=\"iv4n\"><span id=\"i8yj7\">Loại da phù hợp</span>: Mọi làn da, đặc biệt là da yếu, xỉn màu.</em></p><p id=\"iffb4\"><em id=\"i3nds\"><span id=\"i23k2\">Thành phần chính:</span> Chiết xuất keo ong.</em></p><p id=\"iwp4p\"></p><div id=\"iwhm7\" class=\"media-wrap image-wrap\"></div><p id=\"irf28\"></p><img id=\"ib3xg\" src=\"https://image.hsv-tech.io/tfs/common/c17bfd17-ea8d-4047-8553-6629a526864b.webp\"><p id=\"id6p6\">Tinh chất keo ong tái tạo phục hồi da CNP Laboratory Propolis Energy Ampule chứa thành phần keo ong đậm đặc cải thiện và phục hồi làn da hư tổn. Sản phẩm được áp dụng công nghệ hiện đại, giữ trọn các dưỡng chất mang đến giải pháp chăm sóc da hoàn hảo nhất. Đặc biệt không chứa các thành phần gây hại đến làn da.<br id=\"ihnvl\"><span id=\"ihvip\"><span id=\"iafd5\">Thành phần nổi bật</span></span><br id=\"ib2f3\"></p><ul id=\"ipw5s\"><li id=\"ie1xp\"><span id=\"iln76\">Chiết xuất keo ong (10%):&nbsp;</span>Bảo vệ da khỏi các gốc tự do, hỗ trợ điều trị viêm da, kích ứng và làm chậm quá trình lão hóa.</li><li id=\"i23kl\"><span id=\"itz5r\">Hyaluronic Acid và fibrillar:&nbsp;</span>Giữ ẩm, tăng cường độ đàn hồi giúp da căng mịn tràn đầy sức sống.</li><li id=\"icmm4\"><span id=\"iqjxv\">Adenosine:&nbsp;</span>Có khả năng sản sinh collagen, giảm thiểu chảy xệ, xuất hiện nếp nhăn và làm đầy rãnh nhăn hiệu quả.</li><li id=\"is6wn\"><span id=\"ikimc\">Beta-glucan:&nbsp;</span>Chống kích ứng, bảo vệ da khỏi các tác nhân gây hại.</li><li id=\"is8v4\"><span id=\"ima3a\">Madecassoside:</span>&nbsp;Làm dịu da, tạo hàng rào bảo vệ da nhạy cảm khỏi những kích ứng.</li></ul><p id=\"ifnsl\"><span id=\"i5431\"><span id=\"i98y4\">Công dụng chính</span></span><br id=\"i7ncj\"></p><ul id=\"imeo5\"><li id=\"igfhe\">Phục hồi, tái tạo cấu trúc làn da bị tổn thương.</li><li id=\"idgr2\">Bổ sung độ ẩm mang lại làn da ẩm mượt, căng mịn.</li><li id=\"ivn2f\">Chống oxy hóa, tạo độ đàn hồi và giúp da săn chắc.</li><li id=\"iqviq\">Giảm kích ứng, mẩn đỏ, hạn chế khô sần, bong tróc da.</li><li id=\"i8y76\">Làm mờ nếp nhăn, rãnh nhăn và hỗ trợ trẻ hóa làn da.</li></ul><p id=\"ik2yk\"><span id=\"ih6kk\"><span id=\"ij566\">Hướng dẫn sử dụng</span></span><br id=\"i52z6\"></p><ul id=\"imdhl\"><li id=\"ik0ap\">Bước 1: Sau khi làm sạch da mặt, thấm toner ra bông tẩy trang lau nhẹ nhàng lên mặt.</li><li id=\"iboyp\">Bước 2: Cho 3-4 giọt tinh chất keo ong thoa đều lên gương mặt và dùng tay vỗ nhẹ để dưỡng chất thấm sâu nuôi dưỡng da.</li></ul></div><style>* { box-sizing: border-box; } body {margin: 0;}*{box-sizing:border-box;}body{margin-top:0px;margin-right:0px;margin-bottom:0px;margin-left:0px;}#ivy9{padding-top:10px;padding-right:10px;padding-bottom:10px;padding-left:10px;}#i7wh{font-family:Poppins, sans-serif;margin-right:0px;margin-left:0px;padding-top:0px;padding-right:0px;padding-bottom:0px;padding-left:0px;white-space:pre-line;-webkit-font-smoothing:antialiased;text-align:justify;}#imfk{font-family:var(--font-family);-webkit-font-smoothing:antialiased;}#ik1i{font-family:var(--font-family);font-weight:600;-webkit-font-smoothing:antialiased;}#irtd{font-family:Poppins, sans-serif;margin-right:0px;margin-left:0px;padding-top:0px;padding-right:0px;padding-bottom:0px;padding-left:0px;white-space:pre-line;-webkit-font-smoothing:antialiased;}#iv4n{font-family:var(--font-family);-webkit-font-smoothing:antialiased;}#i8yj7{font-family:var(--font-family);font-weight:600;-webkit-font-smoothing:antialiased;}#iffb4{font-family:Poppins, sans-serif;margin-right:0px;margin-left:0px;padding-top:0px;padding-right:0px;padding-bottom:0px;padding-left:0px;white-space:pre-line;-webkit-font-smoothing:antialiased;}#i3nds{font-family:var(--font-family);-webkit-font-smoothing:antialiased;}#i23k2{font-family:var(--font-family);font-weight:600;-webkit-font-smoothing:antialiased;}#iwp4p{font-family:Poppins, sans-serif;margin-right:0px;margin-left:0px;padding-top:0px;padding-right:0px;padding-bottom:0px;padding-left:0px;white-space:pre-line;-webkit-font-smoothing:antialiased;}#iwhm7{font-family:Poppins, sans-serif;-webkit-font-smoothing:antialiased;}#irf28{font-family:Poppins, sans-serif;margin-right:0px;margin-left:0px;padding-top:0px;padding-right:0px;padding-bottom:0px;padding-left:0px;white-space:pre-line;-webkit-font-smoothing:antialiased;}#id6p6{font-family:Poppins, sans-serif;margin-right:0px;margin-left:0px;padding-top:0px;padding-right:0px;padding-bottom:0px;padding-left:0px;white-space:pre-line;-webkit-font-smoothing:antialiased;}#ihnvl{font-family:var(--font-family);-webkit-font-smoothing:antialiased;}#ihvip{font-family:var(--font-family);-webkit-font-smoothing:antialiased;font-size:18px;}#iafd5{font-family:var(--font-family);font-weight:600;-webkit-font-smoothing:antialiased;}#ib2f3{font-family:var(--font-family);-webkit-font-smoothing:antialiased;}#ipw5s{font-family:Poppins, sans-serif;margin-right:0px;margin-left:0px;-webkit-font-smoothing:antialiased;padding-top:0px;padding-right:0px;padding-bottom:0px;padding-left:0px;list-style-type:circle;}#ie1xp{font-family:var(--font-family);-webkit-font-smoothing:antialiased;margin-top:0px;margin-right:0px;margin-bottom:0px;margin-left:20px;padding-top:0px;padding-right:0px;padding-bottom:0px;padding-left:4px;}#iln76{font-family:var(--font-family);font-weight:600;-webkit-font-smoothing:antialiased;}#i23kl{font-family:var(--font-family);-webkit-font-smoothing:antialiased;margin-top:0px;margin-right:0px;margin-bottom:0px;margin-left:20px;padding-top:0px;padding-right:0px;padding-bottom:0px;padding-left:4px;}#itz5r{font-family:var(--font-family);font-weight:600;-webkit-font-smoothing:antialiased;}#icmm4{font-family:var(--font-family);-webkit-font-smoothing:antialiased;margin-top:0px;margin-right:0px;margin-bottom:0px;margin-left:20px;padding-top:0px;padding-right:0px;padding-bottom:0px;padding-left:4px;}#iqjxv{font-family:var(--font-family);font-weight:600;-webkit-font-smoothing:antialiased;}#is6wn{font-family:var(--font-family);-webkit-font-smoothing:antialiased;margin-top:0px;margin-right:0px;margin-bottom:0px;margin-left:20px;padding-top:0px;padding-right:0px;padding-bottom:0px;padding-left:4px;}#ikimc{font-family:var(--font-family);font-weight:600;-webkit-font-smoothing:antialiased;}#is8v4{font-family:var(--font-family);-webkit-font-smoothing:antialiased;margin-top:0px;margin-right:0px;margin-bottom:0px;margin-left:20px;padding-top:0px;padding-right:0px;padding-bottom:0px;padding-left:4px;}#ima3a{font-family:var(--font-family);font-weight:600;-webkit-font-smoothing:antialiased;}#ifnsl{font-family:Poppins, sans-serif;margin-right:0px;margin-left:0px;padding-top:0px;padding-right:0px;padding-bottom:0px;padding-left:0px;white-space:pre-line;-webkit-font-smoothing:antialiased;}#i5431{font-family:var(--font-family);-webkit-font-smoothing:antialiased;font-size:18px;}#i98y4{font-family:var(--font-family);font-weight:600;-webkit-font-smoothing:antialiased;}#i7ncj{font-family:var(--font-family);-webkit-font-smoothing:antialiased;}#imeo5{font-family:Poppins, sans-serif;margin-right:0px;margin-left:0px;-webkit-font-smoothing:antialiased;padding-top:0px;padding-right:0px;padding-bottom:0px;padding-left:0px;list-style-type:circle;}#igfhe{font-family:var(--font-family);-webkit-font-smoothing:antialiased;margin-top:0px;margin-right:0px;margin-bottom:0px;margin-left:20px;padding-top:0px;padding-right:0px;padding-bottom:0px;padding-left:4px;}#idgr2{font-family:var(--font-family);-webkit-font-smoothing:antialiased;margin-top:0px;margin-right:0px;margin-bottom:0px;margin-left:20px;padding-top:0px;padding-right:0px;padding-bottom:0px;padding-left:4px;}#ivn2f{font-family:var(--font-family);-webkit-font-smoothing:antialiased;margin-top:0px;margin-right:0px;margin-bottom:0px;margin-left:20px;padding-top:0px;padding-right:0px;padding-bottom:0px;padding-left:4px;}#iqviq{font-family:var(--font-family);-webkit-font-smoothing:antialiased;margin-top:0px;margin-right:0px;margin-bottom:0px;margin-left:20px;padding-top:0px;padding-right:0px;padding-bottom:0px;padding-left:4px;}#i8y76{font-family:var(--font-family);-webkit-font-smoothing:antialiased;margin-top:0px;margin-right:0px;margin-bottom:0px;margin-left:20px;padding-top:0px;padding-right:0px;padding-bottom:0px;padding-left:4px;}#ik2yk{font-family:Poppins, sans-serif;margin-right:0px;margin-left:0px;padding-top:0px;padding-right:0px;padding-bottom:0px;padding-left:0px;white-space:pre-line;-webkit-font-smoothing:antialiased;}#ih6kk{font-family:var(--font-family);-webkit-font-smoothing:antialiased;font-size:16px;}#ij566{font-family:var(--font-family);font-weight:600;-webkit-font-smoothing:antialiased;}#i52z6{font-family:var(--font-family);-webkit-font-smoothing:antialiased;}#imdhl{font-family:Poppins, sans-serif;margin-right:0px;margin-left:0px;-webkit-font-smoothing:antialiased;padding-top:0px;padding-right:0px;padding-bottom:0px;padding-left:0px;list-style-type:circle;}#ik0ap{font-family:var(--font-family);-webkit-font-smoothing:antialiased;margin-top:0px;margin-right:0px;margin-bottom:0px;margin-left:20px;padding-top:0px;padding-right:0px;padding-bottom:0px;padding-left:4px;}#iboyp{font-family:var(--font-family);-webkit-font-smoothing:antialiased;margin-top:0px;margin-right:0px;margin-bottom:0px;margin-left:20px;padding-top:0px;padding-right:0px;padding-bottom:0px;padding-left:4px;}#ib3xg{color:black;width:800px;}</style>', '2022-12-01 17:34:34', 0, 27, 6, 35, 'ml', 'Unit', 0, 1, 25, 3, 1100000),
(54801037, 'Mặt Nạ Keo Ong Cấp Ẩm CNP Laboratory Propolis Energy Ampule 2-Step Mask (5pcs)', 2, '<div id=\"iwvs\"><p id=\"i0jg\"><em id=\"ikte\"><span id=\"imtx\">Công dụng chính:</span> Dưỡng ẩm tức thì, làm tăng cường độ đàn hồi giúp da hồi phục sinh khí, căng mịn tràn đầy sức sống.&nbsp;</em></p><p id=\"izpv\"><em id=\"iqea\"><span id=\"i9968\">Loại da phù hợp: </span>Mọi loại da, đặc biệt là da khô, thiếu nước, thiếu ẩm.</em></p><p id=\"i335a\"><em id=\"ie33w\"><span id=\"i0hdp\">Thành phần chính: </span>Chiết xuất keo ong, lựu, tía tô.</em></p><p id=\"ivfzk\"><img src=\"https://file.hstatic.net/1000036599/file/kkkkk_c4d737f5db004265aa2684b5d39b2155.png\" id=\"i6b3q\"></p><p id=\"ijkog\">&nbsp;</p><div id=\"i9ycc\">Đắp mặt nạ là cách giúp da phục hồi tức thì, có thể sử dụng vài lần một tuần hoặc trước bước trang điểm để có lớp nền căng bóng. Có thể nói, mặt nạ là bí quyết dưỡng da ai cũng nên biết để có một làn da khỏe mạnh, giảm thiểu bong tróc, khô sần kém sắc.</div><div id=\"i6os1\"><h2 id=\"i478a\"><span id=\"ivyil\">Thành phần nổi bật</span></h2><ul id=\"imjvk\"><li id=\"ikvpa\">Hyaluronic Acid: Cấp ẩm, làm mờ nếp nhăn, làm chậm quá trình lão hóa giúp da luôn căng mịn.&nbsp;</li><li id=\"iw4l4\">Chiết xuất keo ong: Thành phần này còn được gọi là \"tiên dược\" chống lão hóa, duy trì sự trẻ trung cho làn da hiệu quả.&nbsp;</li><li id=\"if7vg\">Chiết xuất&nbsp;lựu: Kháng viêm, kháng khuẩn, làm giảm đồi mồi, nếp nhăn và chân chim hình thành trên da.</li><li id=\"idnlh\">Quả&nbsp;sung ngọt: Hỗ trợ điều trị các vấn đề về mụn viêm, mụn nhọt.</li><li id=\"iwbcx\">Chiết xuất cây tía tô: Làm sáng da, mờ sẹo, điều trị mụn nhẹ.</li></ul><h2 id=\"iaa7i\"><span id=\"iy5zt\">Công dụng chính</span></h2><ul id=\"ilf25\"><li id=\"iqw4a\">Bổ sung độ ẩm tức thì, làm đầy các nếp nhăn.</li><li id=\"i1ei1\">Phục hồi sinh khí cho làn da bị tổn thương.</li><li id=\"ixdxj\">Tăng cường độ đàn hồi giúp da săn chắc.</li></ul><p id=\"ioawp\"><span id=\"iv32p\">Hướng dẫn sử dụng</span></p><p id=\"i2gxf\">Sản phẩm gồm 2 phần, phần phía trên chứa tinh chất, phần dưới là mặt nạ giấy.&nbsp;</p><ul id=\"iv8vi\"><li id=\"iddah\">Bước 1: Cho tinh chất&nbsp;Ampule thoa đều lên gương mặt, dùng tay vỗ nhẹ để dưỡng chất thấm sâu vào bên trong da.</li><li id=\"i677t\">Bước 2: Mở mặt nạ, đắp và điều chỉnh vừa với mặt.</li><li id=\"itwwr\">Bước 3: Thư giãn trong 15-20 phút, tháo mặt nạ ra và dùng tay vỗ nhẹ.</li></ul><p id=\"itlqs\">Lưu ý: KHÔNG cần rửa lại với nước sạch.</p></div></div><style>* { box-sizing: border-box; } body {margin: 0;}#iwvs{padding:10px;text-align:justify;}#i0jg{font-family:Poppins, sans-serif;margin-right:0px;margin-left:0px;padding:0px;white-space:pre-line;-webkit-font-smoothing:antialiased;text-align:justify;}#ikte{font-family:var(--font-family);-webkit-font-smoothing:antialiased;}#imtx{font-family:var(--font-family);font-weight:600;-webkit-font-smoothing:antialiased;}#izpv{font-family:Poppins, sans-serif;margin-right:0px;margin-left:0px;padding:0px;white-space:pre-line;-webkit-font-smoothing:antialiased;text-align:justify;}#iqea{font-family:var(--font-family);-webkit-font-smoothing:antialiased;}#i9968{font-family:var(--font-family);font-weight:600;-webkit-font-smoothing:antialiased;}#i335a{font-family:Poppins, sans-serif;margin-right:0px;margin-left:0px;padding:0px;white-space:pre-line;-webkit-font-smoothing:antialiased;text-align:justify;}#ie33w{font-family:var(--font-family);-webkit-font-smoothing:antialiased;}#i0hdp{font-family:var(--font-family);font-weight:600;-webkit-font-smoothing:antialiased;}#ivfzk{font-family:Poppins, sans-serif;margin-right:0px;margin-left:0px;padding:0px;white-space:pre-line;-webkit-font-smoothing:antialiased;text-align:center;}#i6b3q{font-family:var(--font-family);margin:0px;padding:0px;display:block;max-width:100%;-webkit-font-smoothing:antialiased;}#ijkog{font-family:Poppins, sans-serif;margin-right:0px;margin-left:0px;padding:0px;white-space:pre-line;-webkit-font-smoothing:antialiased;text-align:justify;}#i9ycc{font-family:Poppins, sans-serif;-webkit-font-smoothing:antialiased;text-align:justify;}#i6os1{font-family:Poppins, sans-serif;-webkit-font-smoothing:antialiased;}#i478a{font-family:var(--font-family);margin-right:0px;margin-left:0px;font-weight:600;padding:0px;-webkit-font-smoothing:antialiased;font-size:30px;line-height:1.35;text-align:justify;}#ivyil{font-family:var(--font-family);-webkit-font-smoothing:antialiased;}#imjvk{font-family:var(--font-family);margin-right:0px;margin-left:0px;-webkit-font-smoothing:antialiased;padding:0px;list-style-type:circle;}#ikvpa{font-family:var(--font-family);-webkit-font-smoothing:antialiased;margin:0px 0px 0px 20px;padding:0px 0px 0px 4px;text-align:justify;}#iw4l4{font-family:var(--font-family);-webkit-font-smoothing:antialiased;margin:0px 0px 0px 20px;padding:0px 0px 0px 4px;text-align:justify;}#if7vg{font-family:var(--font-family);-webkit-font-smoothing:antialiased;margin:0px 0px 0px 20px;padding:0px 0px 0px 4px;text-align:justify;}#idnlh{font-family:var(--font-family);-webkit-font-smoothing:antialiased;margin:0px 0px 0px 20px;padding:0px 0px 0px 4px;text-align:justify;}#iwbcx{font-family:var(--font-family);-webkit-font-smoothing:antialiased;margin:0px 0px 0px 20px;padding:0px 0px 0px 4px;text-align:justify;}#iaa7i{font-family:var(--font-family);margin-top:1.2em;margin-right:0px;margin-left:0px;font-weight:600;padding:0px;-webkit-font-smoothing:antialiased;font-size:30px;line-height:1.35;text-align:justify;}#iy5zt{font-family:var(--font-family);-webkit-font-smoothing:antialiased;}#ilf25{font-family:var(--font-family);margin-right:0px;margin-left:0px;-webkit-font-smoothing:antialiased;padding:0px;list-style-type:circle;}#iqw4a{font-family:var(--font-family);-webkit-font-smoothing:antialiased;margin:0px 0px 0px 20px;padding:0px 0px 0px 4px;text-align:justify;}#i1ei1{font-family:var(--font-family);-webkit-font-smoothing:antialiased;margin:0px 0px 0px 20px;padding:0px 0px 0px 4px;text-align:justify;}#ixdxj{font-family:var(--font-family);-webkit-font-smoothing:antialiased;margin:0px 0px 0px 20px;padding:0px 0px 0px 4px;text-align:justify;}#ioawp{font-family:var(--font-family);margin-right:0px;margin-left:0px;padding:0px;white-space:pre-line;-webkit-font-smoothing:antialiased;text-align:justify;}#iv32p{font-family:var(--font-family);font-weight:600;-webkit-font-smoothing:antialiased;}#i2gxf{font-family:var(--font-family);margin-right:0px;margin-left:0px;padding:0px;white-space:pre-line;-webkit-font-smoothing:antialiased;text-align:justify;}#iv8vi{font-family:var(--font-family);margin-right:0px;margin-left:0px;-webkit-font-smoothing:antialiased;padding:0px;list-style-type:circle;}#iddah{font-family:var(--font-family);-webkit-font-smoothing:antialiased;margin:0px 0px 0px 20px;padding:0px 0px 0px 4px;text-align:justify;}#i677t{font-family:var(--font-family);-webkit-font-smoothing:antialiased;margin:0px 0px 0px 20px;padding:0px 0px 0px 4px;text-align:justify;}#itwwr{font-family:var(--font-family);-webkit-font-smoothing:antialiased;margin:0px 0px 0px 20px;padding:0px 0px 0px 4px;text-align:justify;}#itlqs{font-family:var(--font-family);margin-right:0px;margin-left:0px;padding:0px;white-space:pre-line;-webkit-font-smoothing:antialiased;text-align:justify;}</style>', '2022-12-01 17:34:29', 0, 54, 3, 50, 'gam', 'Unit', 0, 1, 31, 3, 470000),
(54801042, 'test', 3, '<p>dd</p>', '2022-12-26 21:31:37', 0, 10000, 0, 150, 'gam', 'unit', 0, 0, 41, 9, 1500000),
(54801043, 'test', 3, '<p>dd</p>', '2022-12-26 21:39:26', 0, 10000, 0, 150, 'gam', 'unit', 0, 0, 41, 9, 1500000);

--
-- Triggers `product`
--
DELIMITER $$
CREATE TRIGGER `AutoDeleteFromCartWhenProductDeleted` AFTER UPDATE ON `product` FOR EACH ROW IF (NEW.IsDeleted = 1) THEN DELETE FROM CART WHERE IDProduct = NEW.IDProduct; END IF
$$
DELIMITER ;
DELIMITER $$
CREATE TRIGGER `AutoDeleteFromCartWhenSoldOut` AFTER UPDATE ON `product` FOR EACH ROW IF (NEW.Stock = 0) THEN DELETE FROM CART WHERE IDProduct = NEW.IDProduct; END IF
$$
DELIMITER ;

-- --------------------------------------------------------

--
-- Table structure for table `productimage`
--

CREATE TABLE `productimage` (
  `IDProduct` int(11) NOT NULL,
  `IDProductImage` int(11) NOT NULL,
  `Path` text NOT NULL
) ENGINE=InnoDB DEFAULT CHARSET=utf8mb4;

--
-- Dumping data for table `productimage`
--

INSERT INTO `productimage` (`IDProduct`, `IDProductImage`, `Path`) VALUES
(2, 2, 'https://image.hsv-tech.io/0x400/tfs/common/fda5ef41-4b41-4bfb-9b07-6cdcdad2f0e9.webp'),
(2, 3, 'https://image.hsv-tech.io/0x400/tfs/common/27c2301d-ac0a-457a-b866-253dbf3a814e.webp'),
(2, 4, 'https://image.hsv-tech.io/0x400/tfs/common/1c7d5f29-0e3b-48d6-805f-deeafc29a01a.webp'),
(2, 5, 'https://image.hsv-tech.io/0x400/tfs/common/4622d29c-9c01-4a30-9ba2-6a4756b69514.webp'),
(34200601, 7, 'https://image.hsv-tech.io/0x400/tfs/common/f12e0804-ccdf-47d2-9079-a5ab16db5da6.webp'),
(34200601, 8, 'https://image.hsv-tech.io/0x400/tfs/common/55e8b453-09bb-412b-b3d2-f71794f61c7e.webp'),
(34200601, 9, 'https://image.hsv-tech.io/0x400/tfs/upload_14f959194185403fb8281d315eeda253.jpg'),
(34200601, 10, 'https://image.hsv-tech.io/0x400/tfs/products/2fed3027-ed0a-4c66-94e7-d7e7f344a10c.webp'),
(34200601, 11, 'https://image.hsv-tech.io/0x400/tfs/upload_eb47d8ee85c84325854114b98eec4873.jpg'),
(34200601, 12, 'https://image.hsv-tech.io/0x400/tfs/upload_8edad8a7b018476d8fd115afd4c0c396.jpg'),
(34200601, 13, 'https://image.hsv-tech.io/0x400/tfs/upload_c516d163a5824e1a9b383e58836c674e_grande_dffa4123350f4caeab96e7089a9658ba.jpg'),
(34200601, 14, 'https://image.hsv-tech.io/0x400/tfs/upload_8be0821f99e243918f9959bb5a87877e.jpg'),
(36000041, 15, 'https://image.hsv-tech.io/0x400/tfs/pk03_midnight_rose_ed7adabc1bd34f86aa6c821b045d7fda_654c69fc28824177a70243cc01795594.jpg'),
(36000041, 16, 'https://image.hsv-tech.io/0x400/tfs/rd04_red_pumps_89c3793a2a6a4940a63ff1ad5bfe55b9_bbe3fc8e503241268ace87a585623cd7.png'),
(36000041, 17, 'https://image.hsv-tech.io/0x400/tfs/common/20bcb12e-b999-4ab5-98e5-8915d08dfbf5.webp'),
(36000041, 18, 'https://image.hsv-tech.io/0x400/tfs/e510271c41609ce6adb332b5007c_large_1__57b0f8531d9542bd9183596710f84890_a09918eaf4424aadaf3e9719b35b6283.png'),
(36000041, 19, 'https://image.hsv-tech.io/0x400/tfs/rd02_it_coral_5835300c9f274bdfbd391bcac1177c6a_52c78580456546629084614bcc6245da.jpg'),
(36000299, 30, 'https://image.hsv-tech.io/0x400/tfs/products/939a401f-76e9-4d02-b738-4545b787bcfc.webp'),
(36000299, 31, 'https://image.hsv-tech.io/0x400/tfs/products/dab1b2b8-8541-427b-8236-dd685ba5d846.webp'),
(36000299, 32, 'https://image.hsv-tech.io/0x400/tfs/products/206138f2-568e-4c6d-946f-95a649751eca.webp'),
(36000299, 33, 'https://image.hsv-tech.io/0x400/tfs/products/ed32488f-b6f9-4baf-9f3b-b388535d9113.webp'),
(36000299, 34, 'https://image.hsv-tech.io/0x400/tfs/products/bf9e2cbe-d3dd-44c7-985f-7eabfdff3d86.webp'),
(34400297, 35, 'https://image.hsv-tech.io/0x400/tfs/common/ec4f5b0c-6bc2-4538-90cf-3510854fc2df.webp'),
(34400297, 36, 'https://image.hsv-tech.io/0x400/tfs/products/76bdce92-0bfa-48c0-9065-213db40ae29a.webp'),
(34400297, 37, 'https://image.hsv-tech.io/0x400/tfs/common/f3d5647d-5333-4c50-99ef-07df822547aa.webp'),
(34400297, 38, 'https://image.hsv-tech.io/0x400/tfs/yehwadam_artemisia_soothing_moisturizing_toner_cbd818914d3c427586de2588139c2286.png'),
(53011156, 39, 'https://image.hsv-tech.io/0x400/tfs/common/f1058785-5fbd-4d6a-9ff1-c429e8066b73.webp'),
(53011156, 40, 'https://image.hsv-tech.io/0x400/tfs/common/1c269e8c-7f0b-4d1b-9bf4-7be4114b72dd.webp'),
(53011156, 41, 'https://image.hsv-tech.io/0x400/tfs/products/3975dfd4-8f4b-4b81-ae54-cf444588c481.webp'),
(53011156, 42, 'https://image.hsv-tech.io/0x400/tfs/rosy_nude_ink_sheer_matte_lipstick_13_ee638dd798a34e039d7f0908aed3f687.jpg'),
(53011156, 43, 'https://image.hsv-tech.io/0x400/tfs/rosy_nude_ink_sheer_matte_lipstick_11_d727cd93808b432594f85d851f9dd31a.jpg'),
(53011156, 44, 'https://image.hsv-tech.io/0x400/tfs/rosy_nude_ink_sheer_matte_lipstick_12_555d82798db840e78cd25bf0e7f30184.jpg'),
(53060311, 45, 'https://image.hsv-tech.io/0x400/tfs/common/cdf84591-cb1a-430f-81b4-15508856f577.webp'),
(53060311, 46, 'https://image.hsv-tech.io/0x400/tfs/products/029d1a9e-db62-46bd-9376-2b50487bfa16.webp'),
(53060311, 47, 'https://image.hsv-tech.io/0x400/tfs/products/f5afd3ac-1032-41e7-a6e5-c6fb9a22a688.webp'),
(53060311, 48, 'https://image.hsv-tech.io/0x400/tfs/products/08a90f39-b89c-4af9-83a5-05f411d14e3c.webp'),
(53060311, 49, 'https://image.hsv-tech.io/0x400/tfs/products/0665a270-e452-441e-aef1-d2377b06540b.webp'),
(54800290, 50, 'https://image.hsv-tech.io/0x400/tfs/products/fb9826cf-a559-4338-92c6-bf94e59a4f56.webp'),
(54800290, 51, 'https://image.hsv-tech.io/0x400/tfs/products/fd484726-8d47-45b0-8cde-1ca57a096093.webp'),
(54800290, 52, 'https://image.hsv-tech.io/0x400/tfs/products/ac459e8d-3834-4ece-88d5-88c662650bcc.webp'),
(54800290, 53, 'https://image.hsv-tech.io/0x400/tfs/viee_861f2a06525941c5868fbe3cb668458d.png'),
(54800840, 54, 'https://image.hsv-tech.io/0x400/tfs/products/bc04bb08-814e-437f-8ae7-f4d5e8186e3b.webp'),
(54800840, 55, 'https://image.hsv-tech.io/0x400/tfs/products/a0378d03-8102-419a-a05e-dea3a54c85e4.webp'),
(54800840, 56, 'https://image.hsv-tech.io/0x400/tfs/products/e8dca24b-f933-42e5-b63a-6849e162b4ea.webp'),
(54800840, 57, 'https://image.hsv-tech.io/0x400/tfs/products/943b2743-3c12-464d-bd4d-388a85f59545.webp'),
(54800374, 58, 'https://image.hsv-tech.io/0x400/tfs/products/32b229b8-1e99-480c-bec7-60b8574e820e.webp'),
(54800374, 59, 'https://image.hsv-tech.io/0x400/tfs/products/51bdd982-f10e-4adb-a720-0b666da317b5.webp'),
(54800374, 60, 'https://image.hsv-tech.io/0x400/tfs/products/58314166-5c49-42f9-9014-d3e87c01e9b7.webp'),
(54800374, 61, 'https://image.hsv-tech.io/0x400/tfs/products/da5af8d5-1174-48e3-b031-3fb1a1a55485.webp'),
(54800374, 62, 'https://image.hsv-tech.io/0x400/tfs/ocsen_b7545f5a265d40bb8a72c1b033c6ecfa.png'),
(54800424, 63, 'https://image.hsv-tech.io/0x400/tfs/products/7816afcb-88e0-4a04-926c-a6a1085ecda4.webp'),
(54800424, 64, 'https://image.hsv-tech.io/0x400/tfs/products/12b1d889-1bb4-4ef4-b252-bc2e8e2e83f5.webp'),
(54800424, 65, 'https://image.hsv-tech.io/0x400/tfs/products/55f99ef0-afa5-45b9-8028-b7df785e0c6b.webp'),
(54800424, 66, 'https://image.hsv-tech.io/0x400/tfs/products/24e8c903-f52f-4199-825b-42e1692c52be.webp'),
(54800424, 67, 'https://image.hsv-tech.io/0x400/tfs/products/14ccd571-8f62-4f51-85f8-b0b13042d7af.webp'),
(54800389, 68, 'https://image.hsv-tech.io/0x400/tfs/products/6e6ac9cd-00b7-437c-be42-5c4add4535f5.webp'),
(54800389, 69, 'https://image.hsv-tech.io/0x400/tfs/products/7c83a985-139e-492d-a6dd-0194558df26d.webp'),
(54800389, 70, 'https://image.hsv-tech.io/0x400/tfs/products/d7f3c519-c8ee-4f7a-95f2-2dce9cc3abf1.webp'),
(54800389, 71, 'https://image.hsv-tech.io/0x400/tfs/products/2495962e-e2e9-4f66-8549-f7fd0f8d9fd1.webp'),
(54800389, 72, 'https://image.hsv-tech.io/0x400/tfs/kemduong1_d5ae821ee9704ca88a8d7db8c0f5e977.png'),
(53060293, 73, 'https://image.hsv-tech.io/0x400/tfs/products/ed7ba945-e89d-4aa1-aa63-b5db1caabce2.webp'),
(53060293, 74, 'https://image.hsv-tech.io/0x400/tfs/products/278fb8a9-575f-401e-9f5d-d4decc13fd3c.webp'),
(53060293, 75, 'https://image.hsv-tech.io/0x400/tfs/products/5fc5c586-d792-470f-aaac-811b0dc024f4.webp'),
(53060293, 76, 'https://image.hsv-tech.io/0x400/tfs/products/e937620b-5ea9-4824-a737-df5ff07e3a51.webp'),
(53060293, 77, 'https://image.hsv-tech.io/0x400/tfs/dr.belmeur_clarifying_spot_soothing_patches_2_866dd5b24f33401bb3d0a10161747a5d.png'),
(52101617, 78, 'https://image.hsv-tech.io/0x400/tfs/common/3efe4141-9e9e-40f8-93fd-ac301795f44d.webp'),
(52101617, 79, 'https://image.hsv-tech.io/0x400/tfs/common/699e79fa-b086-420b-83cb-e0dfb06662f6.webp'),
(52101617, 80, 'https://image.hsv-tech.io/0x400/tfs/common/adfd040b-3681-4a89-a721-25ecffd7cc9d.webp'),
(52101617, 81, 'https://image.hsv-tech.io/0x400/tfs/common/5a66c8af-a662-45f6-9f53-c4e20aff1cae.webp'),
(53010267, 82, 'https://image.hsv-tech.io/0x400/tfs/products/d3f1c063-9a0d-446b-98c9-6956f5318d90.webp'),
(53010267, 83, 'https://image.hsv-tech.io/0x400/tfs/products/f9767627-5fae-49c7-932b-cae734a83803.webp'),
(53010267, 84, 'https://image.hsv-tech.io/0x400/tfs/_cube_eyeshadow__matte__br01_63dcb4bb9daa453db55c9f33fc8e9fc5_large_1__c5760272c162447eb8cfc5b309317571.png'),
(53010267, 85, 'https://image.hsv-tech.io/0x400/tfs/_cube_eyeshadow__matte__br02_0fea9f1ebc8a41f2847e67902038e480_large_1__3693b03965b64551a8060f5b8984bbdf.png'),
(54800375, 86, 'https://image.hsv-tech.io/0x400/tfs/common/b38891b8-6c88-4280-8260-fd4a3345a417.webp'),
(54800375, 87, 'https://image.hsv-tech.io/0x400/tfs/products/9b02d8a0-d7e9-4cec-82e5-5448c72c527d.webp'),
(54800375, 88, 'https://image.hsv-tech.io/0x400/tfs/products/04299a04-5f0b-4d9c-a656-1c21547d9179.webp'),
(54800375, 89, 'https://image.hsv-tech.io/0x400/tfs/products/8b6234a0-9c6e-414a-bb0b-15cdc066bdc4.webp'),
(54800375, 90, 'https://image.hsv-tech.io/0x400/tfs/products/7c83c328-a5b1-41eb-8b80-b81f985627de.webp'),
(54800375, 91, 'https://image.hsv-tech.io/0x400/tfs/products/97815eed-f4e9-47f0-b43c-3068135e84a4.webp'),
(54800375, 92, 'https://image.hsv-tech.io/0x400/tfs/products/ba1b8f91-2da9-44e0-b7c0-3673f6cb80b5.webp'),
(54800375, 93, 'https://image.hsv-tech.io/0x400/tfs/products/39f07847-2c3a-4dd3-8084-fcb852e8eb20.webp'),
(52100001, 94, 'https://image.hsv-tech.io/0x400/tfs/products/3a401ad7-e5e1-472a-9e67-7254fbc8fba8.webp'),
(52100001, 95, 'https://image.hsv-tech.io/0x400/tfs/products/d0d79a19-6af7-4504-952e-e2f1d28820af.webp'),
(52100001, 96, 'https://image.hsv-tech.io/0x400/tfs/products/c5e53efc-dba7-4012-998c-1fd4f6051fbd.webp'),
(52100001, 97, 'https://image.hsv-tech.io/0x400/tfs/products/032e96d9-4c98-4e8b-aa25-f3ed65314425.webp'),
(52100001, 98, 'https://image.hsv-tech.io/0x400/tfs/toner_94dc2c19c8934b14be5ecd0877bc538b.png'),
(34300101, 99, 'https://image.hsv-tech.io/0x400/tfs/common/7a278356-5447-4217-a8e8-7bd737f0d1a6.webp'),
(34300101, 100, 'https://image.hsv-tech.io/0x400/tfs/common/de0965d7-f2ed-44cf-9f39-d851ba9ec52f.webp'),
(34300101, 101, 'https://image.hsv-tech.io/0x400/tfs/common/ecd38c78-1312-4b50-9663-65b24d644f23.webp'),
(34300101, 102, 'https://image.hsv-tech.io/0x400/tfs/common/5a45fd84-0c9b-45a0-a4f1-c4ab344deccd.webp'),
(36000048, 103, 'https://image.hsv-tech.io/0x400/tfs/common/a1fef53f-a433-420b-a671-66964aa461fe.webp'),
(36000048, 104, 'https://image.hsv-tech.io/0x400/tfs/power_perfection_bb_cream_spf37_pa__40g_e7944b4c1f934365ad776564f9a20e88.png'),
(36000048, 105, 'https://image.hsv-tech.io/0x400/tfs/common/0619f6c2-6524-487f-a243-1b6b2a33796e.webp'),
(36000048, 106, 'https://image.hsv-tech.io/0x400/tfs/common/21527b99-4d04-4080-b07b-73a108f12932.webp'),
(53000993, 107, 'https://image.hsv-tech.io/0x400/tfs/products/d524dea4-b33f-4d1e-8338-6b1021ba1fa1.webp'),
(53000993, 108, 'https://image.hsv-tech.io/0x400/tfs/products/0bbb3980-e534-4502-8476-c5985b31750d.webp'),
(53000993, 109, 'https://image.hsv-tech.io/0x400/tfs/faceshop-natural-sun-eco-super-perfect-sun-cream-ex-spf50_-pa____-50ml_bfd2eb8faf9a4df78d17c1fe10584c4d.jpg'),
(53000993, 110, 'https://image.hsv-tech.io/0x400/tfs/faceshop-natural-sun-eco-super-perfect-sun-cream-ex-spf50_-pa____-75ml_b784f20488434eb6ae93197998ca7489.jpg'),
(36000718, 111, 'https://image.hsv-tech.io/0x400/tfs/products/7ea357e3-1be5-41fb-b185-7272e91474f2.webp'),
(36000718, 112, 'https://image.hsv-tech.io/0x400/tfs/products/da9b26d5-7564-4ba8-8b3e-166173ea6cd7.webp'),
(36000718, 113, 'https://image.hsv-tech.io/0x400/tfs/products/698a1bde-e3f7-487d-876f-56bd25273cad.webp'),
(36000718, 114, 'https://image.hsv-tech.io/0x400/tfs/products/2d3ab587-617f-4f3c-bd55-977b28fd940d.webp'),
(36000718, 115, 'https://image.hsv-tech.io/0x400/tfs/8806182586897_fmgt-b-gold-collagen-ampoule-cover-cake-201_9673a49babaf4ba6ada657b626c03927.jpg'),
(34201685, 116, 'https://image.hsv-tech.io/0x400/tfs/products/7a5af3df-705b-4bae-99b5-6d9e0115507b.webp'),
(34201685, 117, 'https://image.hsv-tech.io/0x400/tfs/products/65a2731b-0eef-47dc-83f8-a562d917c997.webp'),
(34201685, 118, 'https://image.hsv-tech.io/0x400/tfs/products/fbb140a5-0d6d-42b4-ba38-696aa0d416c7.webp'),
(34201685, 119, 'https://image.hsv-tech.io/0x400/tfs/7c63b282eb483c82b684751d39b23a_3b0f7ee1c5664941822deaf2cd95c4e6_grande_4e42ca9f0ba84e949e79e40197faf42c.jpg'),
(34201685, 120, 'https://image.hsv-tech.io/0x400/tfs/flat-velvet-lipstick-rd02_86d0b22b9238485cb56d245f6f0f5a27_grande_a83fc1a7b7764174b7b645af49506ddf.jpg'),
(34201685, 121, 'https://image.hsv-tech.io/0x400/tfs/2042941bdb4330b4554cc370585497_f7e10a449875484d9801273986cc43b2_grande_08c13848230b4343b2a33220e52a9952.jpg'),
(34201685, 122, 'https://image.hsv-tech.io/0x400/tfs/products/71ae3e57-49fc-4aa2-9268-4f0f3fdba424.webp'),
(53011169, 123, 'https://image.hsv-tech.io/0x400/tfs/common/33921134-fced-4f6e-bce8-1c08acaa61f1.webp'),
(53011169, 124, 'https://image.hsv-tech.io/0x400/tfs/products/e3213f58-a5dd-4a48-9b64-f752d86d77da.webp'),
(53011169, 125, 'https://image.hsv-tech.io/0x400/tfs/common/065e7203-f35d-4cc1-9a7a-28e43efa81e2.webp'),
(53011169, 126, 'https://image.hsv-tech.io/0x400/tfs/thefaceshop_rosy_nude_ink_lasting_cushion_free_v203_6a09945a780e48e6afcf2c2ca1b7b209.png'),
(53011169, 127, 'https://image.hsv-tech.io/0x400/tfs/thefaceshop_rosy_nude_ink_lasting_cushion_free_v201_286394c1aeb141f5b11d8cb9c00561ff.png'),
(52100443, 134, 'https://image.hsv-tech.io/0x400/tfs/products/63c8186b-e709-4bd2-be9e-fc232869ea78.webp'),
(52100443, 135, 'https://image.hsv-tech.io/0x400/tfs/products/2664077f-3f3c-4bc5-9bfb-633d2920a3b4.webp'),
(52100443, 136, 'https://image.hsv-tech.io/0x400/tfs/products/02b5817e-1bc5-43aa-9558-770c1aa3de17.webp'),
(52100443, 137, 'https://image.hsv-tech.io/0x400/tfs/products/14dbcf28-2922-499a-b239-9a3e51730c30.webp'),
(52100443, 138, 'https://image.hsv-tech.io/0x400/tfs/products/da2a5756-aae0-4618-9f75-e7a6cbefc65d.webp'),
(52100443, 139, 'https://image.hsv-tech.io/0x400/tfs/products/5e362a5d-f5f7-4dad-9f10-2ee74fe6bb27.webp'),
(52100443, 140, 'https://image.hsv-tech.io/0x400/tfs/products/70bc95c1-dbb0-44f0-93a6-684159168e3c.webp'),
(52100443, 141, 'https://image.hsv-tech.io/0x400/tfs/products/abe73ed2-9bcd-4ea3-bd8e-0c4b78f478be.webp'),
(52100443, 142, 'https://image.hsv-tech.io/0x400/tfs/50ml1_eb332ffd792a41fa943312e438ba2fa5.png'),
(52100443, 143, 'https://image.hsv-tech.io/0x400/tfs/common/b030a23d-120c-4ab7-82de-3eb8784d0b56.webp'),
(53050293, 144, 'https://image.hsv-tech.io/0x400/tfs/yehwadam-mild-vegan-intimate-wash_5499c3ea7da7445ebb0884ab172638cd.jpg'),
(53050293, 145, 'https://image.hsv-tech.io/0x400/tfs/yehwadam-mild-vegan-intimate-wash_7018697eabe44fcb918f54666ae49ff4.png'),
(53050293, 146, 'https://image.hsv-tech.io/0x400/tfs/yehwadam-mild-vegan-intimate-wash-_vegan-society-registered__83083973d21e4e5aa23ac2f3b6640968.png'),
(53050293, 147, 'https://image.hsv-tech.io/0x400/tfs/yehwadam-mild-vegan-intimate-wash-1_b099f48053a74b1ea3f1370cd08beb2f.png'),
(52101572, 153, 'https://image.hsv-tech.io/0x400/tfs/products/aa5c94ff-1564-4440-bd72-97872d152575.webp'),
(52101572, 154, 'https://image.hsv-tech.io/0x400/tfs/products/eb3af394-5bf4-42ef-8a5e-db3aeb1c7e48.webp'),
(52101572, 155, 'https://image.hsv-tech.io/0x400/tfs/products/a417908b-8a5f-4745-a3f0-15559a198432.webp'),
(52101572, 156, 'https://image.hsv-tech.io/0x400/tfs/products/98c12348-161f-44a1-95aa-15e165040858.webp'),
(52101572, 157, 'https://image.hsv-tech.io/0x400/tfs/products/0f3a03c5-0539-4def-86e9-8118a632fcdf.webp'),
(52101572, 158, 'https://image.hsv-tech.io/0x400/tfs/products/bab631d3-3912-46c6-811b-eabef8046544.webp'),
(52101572, 159, 'https://image.hsv-tech.io/0x400/tfs/common/a800d7e0-9774-433d-825d-76b84b60e001.webp'),
(54801037, 160, 'https://image.hsv-tech.io/0x400/tfs/common/5039ec5c-5a36-49b0-bd1b-99e5258776da.webp'),
(54801037, 161, 'https://image.hsv-tech.io/0x400/tfs/common/86be8167-c07e-4605-a2a3-cc9da7aa36a2.webp'),
(54801037, 162, 'https://image.hsv-tech.io/0x400/tfs/common/835a4193-8814-42e5-b1ea-ee387fb84ccf.webp'),
(54801037, 163, 'https://image.hsv-tech.io/0x400/tfs/common/43dde099-42f3-448c-9167-0832c188a280.webp'),
(54800847, 164, 'https://image.hsv-tech.io/0x400/tfs/common/c7711297-7d80-428b-b5c7-807a6a76c0cd.webp'),
(54800847, 165, 'https://image.hsv-tech.io/0x400/tfs/common/6ab6964c-db01-4f1b-a66b-9f3b3424b550.webp'),
(54800847, 166, 'https://image.hsv-tech.io/0x400/tfs/common/b6fe2288-935f-451c-94a4-96f6167dd793.webp'),
(54800847, 167, 'https://image.hsv-tech.io/0x400/tfs/common/d5e32d11-4a43-473c-9af1-752fe913042d.webp'),
(36000724, 168, 'https://image.hsv-tech.io/0x400/tfs/products/c2cdc915-69c1-409a-998d-9d7cc02665ef.webp'),
(36000724, 169, 'https://image.hsv-tech.io/0x400/tfs/products/eae187c5-6d07-46f3-baf6-8d6e74ad3145.webp'),
(36000724, 170, 'https://image.hsv-tech.io/0x400/tfs/en-ampoule-glow-foundation-201_70d587c779274a0f8b756c016947fb4a_grande_86f1fa9844894a75ba090f439b720cb1.jpg'),
(36000724, 171, 'https://image.hsv-tech.io/0x400/tfs/agen-ampoule-glow-foundation-8_3dad3cd171ac4765b2ada4ee7d7d39cd_grande_70717524d9614121aa0970ba1e23cc19.jpg'),
(36000300, 172, 'https://image.hsv-tech.io/0x400/tfs/common/337ec692-7d2b-4c6b-a188-a3d10111548f.webp'),
(36000300, 173, 'https://image.hsv-tech.io/0x400/tfs/common/d279e336-d7d9-4611-9b67-5508aa8b258c.webp'),
(36000300, 174, 'https://image.hsv-tech.io/0x400/tfs/products/d4aa8b18-26c8-4230-9738-8d26aabdaaeb.webp'),
(36000300, 175, 'https://image.hsv-tech.io/0x400/tfs/common/39a55aa2-a621-4271-ab02-481aa84f6977.webp'),
(34420310, 176, 'https://image.hsv-tech.io/0x400/tfs/common/d617b40c-f959-4c74-be90-39bab2408954.webp'),
(34420310, 177, 'https://image.hsv-tech.io/0x400/tfs/54f4193e642b659c6fa68_grande_46379dbf84d94cf583f8b6dd56afd22a_large_1__a90b43f926e14f29b92f655f51f6ecf0.jpg'),
(34420310, 178, 'https://image.hsv-tech.io/0x400/tfs/d4f158b2ae161ca0e1262_grande_e0169421c9934ee9b2d309d8352fbf35_large_1__e926ed261f9947538c48f5a3915cb0d0.jpg'),
(34420310, 179, 'https://image.hsv-tech.io/0x400/tfs/bb1d4be684b45f42100dc159_grande_05560eae9f144ababd13ae0e92a6f517_large_4c50199eec0c4976ac0067b420fcc8cc.png'),
(53050323, 180, 'https://image.hsv-tech.io/0x400/tfs/common/9910a238-1b9c-4989-98c3-a9d9ed4e7029.webp'),
(53050323, 181, 'https://image.hsv-tech.io/0x400/tfs/products/165ba163-39ac-4bc4-845a-0e6ae8a791e2.webp'),
(53050323, 182, 'https://image.hsv-tech.io/0x400/tfs/products/3c7045c5-c0c2-4dba-a4f0-6cefceda7c8b.webp'),
(53050323, 183, 'https://image.hsv-tech.io/0x400/tfs/products/4e8d99db-e7cc-4d66-bcc2-61c1c078cc1c.webp'),
(53050323, 184, 'https://image.hsv-tech.io/0x400/tfs/products/f9ff5cee-ef5f-44ae-b17d-6972cdd00fd5.webp'),
(53010297, 185, 'https://image.hsv-tech.io/0x400/tfs/products/0b47696c-2d85-44b2-a18f-a5bfd93f8d38.webp'),
(53010297, 186, 'https://image.hsv-tech.io/0x400/tfs/products/d4846d28-acc8-47d3-a515-1843ad3f38c0.webp'),
(53010297, 187, 'https://image.hsv-tech.io/0x400/tfs/ube_eyeshadow__shimmer__br04_6d064e8a2e0144e3aa0d57ec426770ee_large_1__a6c41866cc00480f9fcf56b581b690ef.png'),
(53010297, 188, 'https://image.hsv-tech.io/0x400/tfs/ube_eyeshadow__shimmer__br03_44d68c62e72b44d9b33fff93bfca811a_large_1__4df47926eb044878b7aa2369039831a1.png'),
(52101453, 189, 'https://image.hsv-tech.io/0x400/tfs/products/58888fc4-d587-498f-8e68-dc58c12d16dd.webp'),
(52101453, 190, 'https://image.hsv-tech.io/0x400/tfs/products/d2c1ffd3-33c4-4a43-a6a9-41be106a7d95.webp'),
(52101453, 191, 'https://image.hsv-tech.io/0x400/tfs/products/6769ecbd-c762-4fe0-983b-38e43085b420.webp'),
(52101453, 192, 'https://image.hsv-tech.io/0x400/tfs/products/73ce3e96-a774-4cc4-82cf-ec5dcfb48f1d.webp'),
(52101453, 193, 'https://image.hsv-tech.io/0x400/tfs/products/8d9f40ba-36f0-45e9-afe0-26bca3bfe7a0.webp'),
(52101453, 194, 'https://image.hsv-tech.io/0x400/tfs/products/7838b536-81f1-4b1b-8170-38bf976b879b.webp'),
(52101453, 195, 'https://image.hsv-tech.io/0x400/tfs/products/ac86390d-0f99-4aa0-aa40-3d57ed00e639.webp'),
(52101453, 196, 'https://image.hsv-tech.io/0x400/tfs/products/d375b5a1-b3da-423a-bda6-d7cc5b0e9856.webp'),
(53014809, 197, 'https://image.hsv-tech.io/0x400/tfs/products/c4e66125-66f6-4eca-a64c-238cf591d74e.webp'),
(53014809, 198, 'https://image.hsv-tech.io/0x400/tfs/products/848464af-6ecd-4dc9-b729-431af2947477.webp'),
(53014809, 199, 'https://image.hsv-tech.io/0x400/tfs/products/09dc217f-261e-4273-a6cc-c5461ffd5e53.webp'),
(53014809, 200, 'https://image.hsv-tech.io/0x400/tfs/products/e4db143d-73e1-4fe9-9b9a-73a7ceccee7f.webp'),
(53014809, 201, 'https://image.hsv-tech.io/0x400/tfs/products/9c360a2a-d46b-4682-9017-8dcb387892e2.webp'),
(53014809, 202, 'https://image.hsv-tech.io/0x400/tfs/products/9ff3bf0e-682b-4a66-bf99-b1e170b7810a.webp'),
(53014809, 203, 'https://image.hsv-tech.io/0x400/tfs/common/7ab5d620-b39a-4554-87f1-01368c3f0d7f.webp'),
(53014809, 204, 'https://image.hsv-tech.io/0x400/tfs/common/54ec61a4-da8c-454b-bd55-17c97b38fd3c.webp'),
(53014806, 205, 'https://image.hsv-tech.io/0x400/tfs/common/66f363f9-5dd9-43fb-9aab-78bdb7fc304a.webp'),
(53014806, 206, 'https://image.hsv-tech.io/0x400/tfs/products/56738d1e-a444-4aff-acd0-ca7bce875682.webp'),
(53014806, 207, 'https://image.hsv-tech.io/0x400/tfs/products/36f33cfc-87a6-421a-8931-3850e6dd89dd.webp'),
(53014806, 208, 'https://image.hsv-tech.io/0x400/tfs/products/d4a02094-48fc-413c-bc1f-54627093bfbe.webp'),
(53014806, 209, 'https://image.hsv-tech.io/0x400/tfs/products/9373a160-f35b-41c3-a08e-f2ffa50bf64d.webp'),
(53014806, 210, 'https://image.hsv-tech.io/0x400/tfs/products/847bce25-7707-4f74-a3d7-4151b866c6ee.webp'),
(53014806, 211, 'https://image.hsv-tech.io/0x400/tfs/products/3c5d7a4f-7cd1-4e34-856b-cb88f8bd7fcb.webp'),
(53014806, 212, 'https://image.hsv-tech.io/0x400/tfs/products/088e694c-3eca-4e0d-a44a-8da9ddbba7d4.webp'),
(53014806, 213, 'https://image.hsv-tech.io/0x400/tfs/1_3d83898f66cc4c7bab9b7430d476b86f.png'),
(53014806, 214, 'https://image.hsv-tech.io/0x400/tfs/2_369871a61e68433e8dee667e64296243.png'),
(34420295, 215, 'https://image.hsv-tech.io/0x400/tfs/common/bbac240a-17e0-4e11-a659-ab4d54b75809.webp'),
(34420295, 216, 'https://image.hsv-tech.io/0x400/tfs/common/306f0280-3293-44bd-8cc8-1e78d1e6c05a.webp'),
(34420295, 217, 'https://image.hsv-tech.io/0x400/tfs/common/d5f82cfb-61ad-472b-8eb8-729652a56919.webp'),
(34420295, 218, 'https://image.hsv-tech.io/0x400/tfs/common/6e28dbcf-b4af-461b-8330-e2b1f407dd81.webp'),
(52101802, 219, 'https://image.hsv-tech.io/0x400/tfs/common/9dd02e4d-e15d-4204-8ed5-069c590a2fa2.webp'),
(52101802, 220, 'https://image.hsv-tech.io/0x400/tfs/common/b0ca81b9-13c6-4a26-81a3-0216af120117.webp'),
(52101802, 221, 'https://image.hsv-tech.io/0x400/tfs/common/16a5c50b-261b-4578-ad18-359483d9b15a.webp'),
(52101802, 222, 'https://image.hsv-tech.io/0x400/tfs/common/717905d3-d63a-4da1-9a24-3e26f7aaf1fa.webp'),
(36000218, 227, 'https://image.hsv-tech.io/0x400/tfs/common/dcb0bf60-cee4-454b-9782-e69a578a018c.webp'),
(36000218, 228, 'https://image.hsv-tech.io/0x400/tfs/common/6484fcb4-e164-4695-9116-1ffdaeacd0ca.webp'),
(36000218, 229, 'https://image.hsv-tech.io/0x400/tfs/common/fe8de101-d3ba-44ed-ad92-b927b2f6392f.webp'),
(36000218, 230, 'https://image.hsv-tech.io/0x400/tfs/common/cdfd0457-004b-4137-aa62-96f7a4b639e2.webp'),
(32400247, 231, 'https://image.hsv-tech.io/0x400/tfs/common/fda5ef41-4b41-4bfb-9b07-6cdcdad2f0e9.webp'),
(32400247, 232, 'https://image.hsv-tech.io/0x400/tfs/common/1c7d5f29-0e3b-48d6-805f-deeafc29a01a.webp'),
(32400247, 233, 'https://image.hsv-tech.io/0x400/tfs/common/4622d29c-9c01-4a30-9ba2-6a4756b69514.webp'),
(32400247, 234, 'https://image.hsv-tech.io/0x400/tfs/common/27c2301d-ac0a-457a-b866-253dbf3a814e.webp'),
(32400247, 235, 'https://image.hsv-tech.io/0x400/tfs/common/2d266998-c491-4354-ad70-e3dd2954a80b.webp'),
(34420128, 236, 'https://image.hsv-tech.io/0x400/tfs/common/905aded7-22e1-400b-b95c-0f808a2bbbda.webp'),
(34420128, 237, 'https://image.hsv-tech.io/0x400/tfs/common/92d53640-b8fb-4a88-8db8-2d0fd2c6a360.webp'),
(34420128, 238, 'https://image.hsv-tech.io/0x400/tfs/common/7e4af831-24ad-42ff-9ca4-21c1f7da4d00.webp'),
(34420128, 239, 'https://image.hsv-tech.io/0x400/tfs/common/154257a6-66f7-4c95-a9f4-34a8ff3a3693.webp'),
(34420128, 240, 'https://image.hsv-tech.io/0x400/tfs/common/01fde090-edbb-4e27-8494-8275841585d7.webp'),
(34420128, 241, 'https://image.hsv-tech.io/0x400/tfs/common/468f13c8-b995-41b1-9f6c-645a795620b3.webp'),
(34400161, 242, 'https://image.hsv-tech.io/0x400/tfs/common/74d1617b-6b38-449b-a3c7-ef8277904ca3.webp'),
(34400161, 243, 'https://image.hsv-tech.io/0x400/tfs/common/bce265cd-5e07-4dbd-a961-80aecb291c87.webp'),
(34400161, 244, 'https://image.hsv-tech.io/0x400/tfs/products/810005bd-b605-4bd6-97c0-262e7d26e37c.webp'),
(34400161, 245, 'https://image.hsv-tech.io/0x400/tfs/common/536c0141-3ef6-406f-8e88-96fa50c7e7ee.webp'),
(34200675, 773, 'https://i.imgur.com/3bnc88s.jpg'),
(34200675, 774, 'https://i.imgur.com/FzLAI4i.png'),
(11106827, 775, 'https://image.hsv-tech.io/0x400/tfs/products/14ae11dd-4d5f-4df6-8799-d3e731715137.webp'),
(11106827, 776, 'https://image.hsv-tech.io/0x400/tfs/products/dda02c67-c88d-4b9a-84e1-e455404649b2.webp'),
(11106827, 777, 'https://image.hsv-tech.io/0x400/tfs/common/caa87a8e-c25c-47b1-bc9b-647837617fec.webp'),
(11106827, 778, 'https://image.hsv-tech.io/0x400/tfs/products/78d7ebea-19f3-4853-a939-59f11e1e39bb.webp'),
(11106827, 779, 'https://image.hsv-tech.io/0x400/tfs/products/01d10333-86ea-41bc-b4f6-b3dbe18a2ab3.webp'),
(11106827, 780, 'https://i.imgur.com/9N3spdi.jpg'),
(30400522, 781, 'https://image.hsv-tech.io/0x400/tfs/common/c258d0fb-97ad-43a3-804a-e2fc216ce726.webp'),
(30400522, 782, 'https://image.hsv-tech.io/0x400/tfs/common/7bf86cb0-c16f-4375-b7ff-4c8b614f16d6.webp'),
(30400522, 783, 'https://image.hsv-tech.io/0x400/tfs/common/85dab37c-b022-4379-84ed-8d0e82405ef3.webp'),
(30400522, 784, 'https://image.hsv-tech.io/0x400/tfs/common/d26ecfcf-8672-4631-91a6-904344d5ac7b.webp'),
(52101327, 785, 'https://image.hsv-tech.io/0x400/tfs/products/4db416fe-52f7-4c41-b30a-18272689f234.webp'),
(52101327, 786, 'https://image.hsv-tech.io/0x400/tfs/products/c825c03f-1344-41d7-b06f-3a1b2058137d.webp'),
(52101327, 787, 'https://image.hsv-tech.io/0x400/tfs/products/e41ef07e-dac3-4692-b1e9-85c156b6e842.webp'),
(52101327, 788, 'https://image.hsv-tech.io/0x400/tfs/products/741607b2-c793-4f29-a79b-0cdb33d22fa9.webp'),
(52101327, 789, 'https://image.hsv-tech.io/0x400/tfs/products/408f7435-68f5-482b-8756-cb7a37d3c126.webp'),
(52101327, 790, 'https://image.hsv-tech.io/0x400/tfs/products/2491ea24-2a67-4138-9b14-1bb63c9be515.webp'),
(1, 791, 'https://i.imgur.com/xHgAlWd.jpg'),
(1, 792, 'https://i.imgur.com/KVFhADo.jpg'),
(54801042, 793, 'https://i.imgur.com/HIgScuq.jpg'),
(54801042, 794, 'https://i.imgur.com/rw2qiJD.jpg'),
(54801043, 795, 'https://i.imgur.com/8ZeeA8B.jpg');

-- --------------------------------------------------------

--
-- Table structure for table `promotionregister`
--

CREATE TABLE `promotionregister` (
  `IDRegister` int(11) NOT NULL,
  `Email` text NOT NULL,
  `IDCus` int(11) DEFAULT NULL,
  `IsDeleted` tinyint(1) NOT NULL DEFAULT 0
) ENGINE=InnoDB DEFAULT CHARSET=utf8mb4;

--
-- Dumping data for table `promotionregister`
--

INSERT INTO `promotionregister` (`IDRegister`, `Email`, `IDCus`, `IsDeleted`) VALUES
(1, '20520556@gm.uit.edu.vn', 1, 0),
(2, 'giahuytrinh.26102002@gmail.com', NULL, 0);

-- --------------------------------------------------------

--
-- Table structure for table `retailprice`
--

CREATE TABLE `retailprice` (
  `IDRetailPrice` int(11) NOT NULL,
  `IDProduct` int(11) NOT NULL,
  `Price` int(11) NOT NULL,
  `IDEvent` int(11) NOT NULL,
  `CreatedOn` datetime NOT NULL DEFAULT current_timestamp(),
  `StartOn` datetime NOT NULL,
  `EndOn` datetime NOT NULL
) ENGINE=InnoDB DEFAULT CHARSET=utf8mb4;

--
-- Dumping data for table `retailprice`
--

INSERT INTO `retailprice` (`IDRetailPrice`, `IDProduct`, `Price`, `IDEvent`, `CreatedOn`, `StartOn`, `EndOn`) VALUES
(3, 1, -5000, 4, '2022-12-12 15:00:41', '2022-11-22 09:56:26', '2022-11-30 15:56:26'),
(4, 1, 95000, 5, '2022-12-12 15:04:27', '2022-11-22 09:56:26', '2022-11-30 15:56:26'),
(10, 1, 50000, 1, '2022-12-14 11:17:11', '2022-11-22 09:56:26', '2022-11-30 15:56:26'),
(11, 11106827, 420000, 1, '2022-12-14 11:17:11', '2022-11-22 09:56:26', '2022-11-30 15:56:26'),
(12, 30400522, 399000, 1, '2022-12-14 11:17:11', '2022-11-22 09:56:26', '2022-11-30 15:56:26'),
(13, 34300101, 929000, 1, '2022-12-14 11:17:11', '2022-11-22 09:56:26', '2022-11-30 15:56:26'),
(14, 34201685, 239000, 1, '2022-12-14 11:17:11', '2022-11-22 09:56:26', '2022-11-30 15:56:26'),
(15, 1, 50000, 6, '2022-12-14 11:18:00', '2022-11-22 09:56:26', '2022-11-30 15:56:26'),
(16, 11106827, 420000, 6, '2022-12-14 11:18:00', '2022-11-22 09:56:26', '2022-11-30 15:56:26'),
(17, 30400522, 399000, 6, '2022-12-14 11:18:00', '2022-11-22 09:56:26', '2022-11-30 15:56:26'),
(18, 34201685, 239000, 6, '2022-12-14 11:18:00', '2022-11-22 09:56:26', '2022-11-30 15:56:26'),
(19, 34300101, 929000, 6, '2022-12-14 11:18:00', '2022-11-22 09:56:26', '2022-11-30 15:56:26'),
(20, 53060293, 29000, 6, '2022-12-14 11:18:00', '2022-11-22 09:56:26', '2022-11-30 15:56:26'),
(21, 53060311, 619000, 6, '2022-12-14 11:18:00', '2022-11-22 09:56:26', '2022-11-30 15:56:26'),
(25, 30400522, 444000, 16, '0001-01-01 00:00:00', '2022-11-22 09:56:26', '2022-11-30 15:56:26'),
(26, 32400247, 374000, 16, '0001-01-01 00:00:00', '2022-11-22 09:56:26', '2022-11-30 15:56:26'),
(27, 34200601, 358000, 16, '0001-01-01 00:00:00', '2022-11-22 09:56:26', '2022-11-30 15:56:26'),
(29, 11106827, -4230000, 17, '2022-12-26 01:23:12', '2022-12-08 15:56:26', '2022-12-31 15:56:26'),
(30, 11106827, 460600, 18, '2022-12-26 01:28:20', '2022-11-22 15:56:26', '2023-01-31 15:56:26'),
(32, 11106827, -4230000, 19, '2022-12-26 01:33:31', '2022-12-08 15:56:26', '2022-12-31 15:56:26'),
(33, 11106827, 376000, 20, '2022-12-26 01:39:38', '2022-12-25 15:56:26', '2022-12-31 15:56:26'),
(34, 11106827, 320000, 21, '2022-12-26 21:03:26', '2022-11-15 15:56:26', '2022-12-31 15:56:26'),
(36, 11106827, 270000, 22, '2022-12-26 21:54:15', '2022-12-15 15:56:26', '2022-12-31 15:56:26'),
(37, 30400522, 249000, 23, '2022-12-26 23:01:56', '2022-12-15 15:56:26', '2022-12-31 15:56:26');

-- --------------------------------------------------------

--
-- Table structure for table `review`
--

CREATE TABLE `review` (
  `IDReview` int(11) NOT NULL,
  `IDProduct` int(11) NOT NULL,
  `IDCus` int(11) NOT NULL,
  `CreatedOn` datetime NOT NULL DEFAULT current_timestamp(),
  `ContentShort` varchar(100) NOT NULL,
  `ContentLong` varchar(255) DEFAULT NULL,
  `Rating` int(11) NOT NULL,
  `IsDeleted` tinyint(1) NOT NULL DEFAULT 0
) ENGINE=InnoDB DEFAULT CHARSET=utf8mb4;

--
-- Dumping data for table `review`
--

INSERT INTO `review` (`IDReview`, `IDProduct`, `IDCus`, `CreatedOn`, `ContentShort`, `ContentLong`, `Rating`, `IsDeleted`) VALUES
(1, 53050323, 1, '2022-11-29 11:16:53', 'Sản phẩm tuyệt', 'Sài sướng lắm mọi người ơi, đáng đồng tiền bác gạo, hứa quay lại mua tiếp', 5, 0),
(2, 53050323, 1, '2022-11-29 11:17:48', 'Sài rồi', 'Nào rảnh vô review', 4, 0),
(3, 1, 2, '2022-11-29 11:18:16', 'Tuyệt lắm', 'Mà mắc quá', 4, 0),
(4, 52101327, 1, '2022-12-26 01:48:11', 'Tốt', 'Nên mua', 5, 0),
(5, 52101327, 1, '2022-12-26 01:49:32', 'Tệ', 'Xài bị mụn', 2, 0),
(6, 52101327, 1, '2022-12-26 01:49:50', 'Tốt', 'Tốt', 4, 0);

-- --------------------------------------------------------

--
-- Table structure for table `reviewimage`
--

CREATE TABLE `reviewimage` (
  `IDReviewImage` int(11) NOT NULL,
  `IDReview` int(11) NOT NULL,
  `Path` text NOT NULL
) ENGINE=InnoDB DEFAULT CHARSET=utf8mb4;

--
-- Dumping data for table `reviewimage`
--

INSERT INTO `reviewimage` (`IDReviewImage`, `IDReview`, `Path`) VALUES
(1, 1, 'https://i.imgur.com/8TNvB74.png'),
(2, 1, 'https://i.imgur.com/8TNvB74.png');

-- --------------------------------------------------------

--
-- Table structure for table `tag`
--

CREATE TABLE `tag` (
  `IDTag` int(11) NOT NULL,
  `NameTag` varchar(225) NOT NULL,
  `IDType` int(11) NOT NULL
) ENGINE=InnoDB DEFAULT CHARSET=utf8mb4;

--
-- Dumping data for table `tag`
--

INSERT INTO `tag` (`IDTag`, `NameTag`, `IDType`) VALUES
(7, 'Kem nền ', 4),
(8, 'Kem nền', 4),
(9, 'Che khuyết điểm', 4),
(10, 'Phấn má hồng', 4),
(11, 'Phấn nước cushion', 4),
(12, 'Phấn phủ', 4),
(13, 'Tạo khối', 4),
(14, 'Son môi', 3),
(15, 'Son bóng', 3),
(16, 'Son dưỡng môi', 3),
(17, 'Son lì', 3),
(18, 'Mascara', 2),
(19, 'Kẻ chân mày', 2),
(20, 'Phấn mắt', 2),
(21, 'Kẻ viền mắt', 2),
(22, 'Nước cân bằng', 5),
(23, 'Xịt khoáng', 5),
(24, 'Sữa dưỡng', 5),
(25, 'Tinh chất dưỡng da', 5),
(26, 'Kem dưỡng', 5),
(27, 'Sữa rửa mặt', 6),
(28, 'Tẩy trang', 6),
(29, 'Tẩy tế bào chết', 6),
(30, 'Tẩy tế bào chết môi', 6),
(31, 'Mặt nạ giấy', 7),
(32, 'Mặt nạ dưỡng', 7),
(33, 'Mặt nạ mắt môi', 7),
(34, 'Mặt nạ chân tay', 7),
(35, 'Sữa tắm', 8),
(36, 'Dưỡng thể', 8),
(37, 'Nước hoa', 8),
(38, 'Làm sạch tế bào chết da cơ thể', 8),
(39, 'Dầu gội', 9),
(40, 'Dầu xả', 9),
(41, 'Dưỡng tóc', 9),
(42, 'Tạo kiểu tóc', 9),
(43, 'Kem dưỡng tay/chân', 10),
(44, 'Mặt nạ tay/chân', 10),
(45, 'Kem chống nắng', 5);

-- --------------------------------------------------------

--
-- Table structure for table `ticket`
--

CREATE TABLE `ticket` (
  `IDTicket` int(11) NOT NULL,
  `MainContent` varchar(255) NOT NULL,
  `IDProductReturn` int(11) NOT NULL,
  `IDProductChange` int(11) NOT NULL,
  `SolvedByEmp` int(11) NOT NULL,
  `IDCus` int(11) NOT NULL,
  `IDInvoice` int(11) NOT NULL,
  `CreatedByEmp` int(11) NOT NULL,
  `DetailContent` text NOT NULL,
  `IsSolved` tinyint(1) NOT NULL DEFAULT 0,
  `CreatedOn` datetime NOT NULL DEFAULT current_timestamp(),
  `SolvedWay` varchar(255) NOT NULL,
  `IsDeleted` tinyint(1) NOT NULL DEFAULT 0,
  `Note` varchar(225) NOT NULL,
  `Total` int(11) NOT NULL
) ENGINE=InnoDB DEFAULT CHARSET=utf8mb4;

-- --------------------------------------------------------

--
-- Table structure for table `trackingstatus`
--

CREATE TABLE `trackingstatus` (
  `IDTracking` int(11) NOT NULL,
  `StatusContent` varchar(255) NOT NULL
) ENGINE=InnoDB DEFAULT CHARSET=utf8mb4;

--
-- Dumping data for table `trackingstatus`
--

INSERT INTO `trackingstatus` (`IDTracking`, `StatusContent`) VALUES
(1, 'Chờ xác nhận'),
(2, 'Đơn hàng đang được chuẩn bị'),
(3, 'Đang giao hàng'),
(4, 'Đã giao hàng'),
(5, 'Giao hàng không thành công '),
(6, 'Đơn hàng bị hủy  ');

-- --------------------------------------------------------

--
-- Table structure for table `typeproduct`
--

CREATE TABLE `typeproduct` (
  `IDType` int(11) NOT NULL,
  `NameTypeProduct` varchar(225) NOT NULL
) ENGINE=InnoDB DEFAULT CHARSET=utf8mb4;

--
-- Dumping data for table `typeproduct`
--

INSERT INTO `typeproduct` (`IDType`, `NameTypeProduct`) VALUES
(1, 'Chăm sóc mặt'),
(2, 'Trang điểm mắt'),
(3, 'Trang điểm môi'),
(4, 'Trang điểm mặt'),
(5, 'Dưỡng da mặt'),
(6, 'Làm sạch'),
(7, 'Mặt nạ'),
(8, 'Chăm sóc body'),
(9, 'Chăm sóc tóc'),
(10, 'Chăm sóc tay/chân');

--
-- Indexes for dumped tables
--

--
-- Indexes for table `address`
--
ALTER TABLE `address`
  ADD PRIMARY KEY (`IDAddress`);

--
-- Indexes for table `adsimg`
--
ALTER TABLE `adsimg`
  ADD PRIMARY KEY (`IDImage`,`IDCollection`),
  ADD KEY `IDCollection` (`IDCollection`);

--
-- Indexes for table `authcode`
--
ALTER TABLE `authcode`
  ADD KEY `authcode_ibfk_1` (`IDCus`);

--
-- Indexes for table `brand`
--
ALTER TABLE `brand`
  ADD PRIMARY KEY (`IDBrand`),
  ADD KEY `IDBrand` (`IDBrand`);

--
-- Indexes for table `cart`
--
ALTER TABLE `cart`
  ADD PRIMARY KEY (`IDCus`,`IDProduct`),
  ADD KEY `IDProduct` (`IDProduct`);

--
-- Indexes for table `collection`
--
ALTER TABLE `collection`
  ADD PRIMARY KEY (`IDCollection`);

--
-- Indexes for table `collectionproduct`
--
ALTER TABLE `collectionproduct`
  ADD PRIMARY KEY (`IDCollection`,`IDProduct`),
  ADD KEY `IDProduct` (`IDProduct`);

--
-- Indexes for table `controller`
--
ALTER TABLE `controller`
  ADD KEY `FlashSaleCollectionID` (`FlashSaleCollectionID`);

--
-- Indexes for table `coupon`
--
ALTER TABLE `coupon`
  ADD PRIMARY KEY (`IDCoupon`);

--
-- Indexes for table `couponproduct`
--
ALTER TABLE `couponproduct`
  ADD PRIMARY KEY (`IDCoupon`,`IDProduct`),
  ADD KEY `IDProduct` (`IDProduct`);

--
-- Indexes for table `customer`
--
ALTER TABLE `customer`
  ADD PRIMARY KEY (`IDCus`),
  ADD UNIQUE KEY `Phone` (`Phone`,`Email`);

--
-- Indexes for table `employee`
--
ALTER TABLE `employee`
  ADD PRIMARY KEY (`IDEmp`),
  ADD UNIQUE KEY `Phone` (`Phone`,`Email`),
  ADD KEY `IDPosition` (`IDPosition`);

--
-- Indexes for table `employeetask`
--
ALTER TABLE `employeetask`
  ADD PRIMARY KEY (`IDTask`),
  ADD KEY `IDEmp` (`IDEmp`);

--
-- Indexes for table `event`
--
ALTER TABLE `event`
  ADD PRIMARY KEY (`IDEvent`);

--
-- Indexes for table `imageslider`
--
ALTER TABLE `imageslider`
  ADD PRIMARY KEY (`IDImage`);

--
-- Indexes for table `invoice`
--
ALTER TABLE `invoice`
  ADD PRIMARY KEY (`IDInvoice`),
  ADD KEY `IDCoupon` (`IDCoupon`),
  ADD KEY `IDTracking` (`IDTracking`),
  ADD KEY `IDAddress` (`IDAddress`),
  ADD KEY `IDCus` (`IDCus`);

--
-- Indexes for table `invoicedetail`
--
ALTER TABLE `invoicedetail`
  ADD PRIMARY KEY (`IDInvoice`,`IDProduct`),
  ADD KEY `IDProduct` (`IDProduct`);

--
-- Indexes for table `position1`
--
ALTER TABLE `position1`
  ADD PRIMARY KEY (`IDPosition`);

--
-- Indexes for table `product`
--
ALTER TABLE `product`
  ADD PRIMARY KEY (`IDProduct`),
  ADD KEY `IDBrand` (`IDBrand`),
  ADD KEY `IDTags` (`IDTag`),
  ADD KEY `IDType` (`IDType`);

--
-- Indexes for table `productimage`
--
ALTER TABLE `productimage`
  ADD PRIMARY KEY (`IDProductImage`),
  ADD KEY `IDProduct` (`IDProduct`);

--
-- Indexes for table `promotionregister`
--
ALTER TABLE `promotionregister`
  ADD PRIMARY KEY (`IDRegister`),
  ADD UNIQUE KEY `IDCus` (`IDCus`),
  ADD UNIQUE KEY `Email` (`Email`) USING HASH;

--
-- Indexes for table `retailprice`
--
ALTER TABLE `retailprice`
  ADD PRIMARY KEY (`IDRetailPrice`),
  ADD KEY `IDProduct` (`IDProduct`),
  ADD KEY `IDEvent` (`IDEvent`);

--
-- Indexes for table `review`
--
ALTER TABLE `review`
  ADD PRIMARY KEY (`IDReview`),
  ADD KEY `IDProduct` (`IDProduct`),
  ADD KEY `IDCus` (`IDCus`);

--
-- Indexes for table `reviewimage`
--
ALTER TABLE `reviewimage`
  ADD PRIMARY KEY (`IDReviewImage`),
  ADD KEY `IDReview` (`IDReview`);

--
-- Indexes for table `tag`
--
ALTER TABLE `tag`
  ADD PRIMARY KEY (`IDTag`),
  ADD KEY `IDType` (`IDType`);

--
-- Indexes for table `ticket`
--
ALTER TABLE `ticket`
  ADD PRIMARY KEY (`IDTicket`),
  ADD KEY `SolvedByEmp` (`SolvedByEmp`),
  ADD KEY `IDCus` (`IDCus`),
  ADD KEY `IDInvoice` (`IDInvoice`),
  ADD KEY `CreatedByEmp` (`CreatedByEmp`),
  ADD KEY `IDProductReturn` (`IDProductReturn`),
  ADD KEY `IDProductChange` (`IDProductChange`);

--
-- Indexes for table `trackingstatus`
--
ALTER TABLE `trackingstatus`
  ADD PRIMARY KEY (`IDTracking`);

--
-- Indexes for table `typeproduct`
--
ALTER TABLE `typeproduct`
  ADD PRIMARY KEY (`IDType`);

--
-- AUTO_INCREMENT for dumped tables
--

--
-- AUTO_INCREMENT for table `address`
--
ALTER TABLE `address`
  MODIFY `IDAddress` int(11) NOT NULL AUTO_INCREMENT, AUTO_INCREMENT=95;

--
-- AUTO_INCREMENT for table `adsimg`
--
ALTER TABLE `adsimg`
  MODIFY `IDImage` int(11) NOT NULL AUTO_INCREMENT;

--
-- AUTO_INCREMENT for table `brand`
--
ALTER TABLE `brand`
  MODIFY `IDBrand` int(11) NOT NULL AUTO_INCREMENT, AUTO_INCREMENT=11;

--
-- AUTO_INCREMENT for table `collection`
--
ALTER TABLE `collection`
  MODIFY `IDCollection` int(11) NOT NULL AUTO_INCREMENT, AUTO_INCREMENT=81;

--
-- AUTO_INCREMENT for table `coupon`
--
ALTER TABLE `coupon`
  MODIFY `IDCoupon` int(11) NOT NULL AUTO_INCREMENT, AUTO_INCREMENT=16;

--
-- AUTO_INCREMENT for table `customer`
--
ALTER TABLE `customer`
  MODIFY `IDCus` int(11) NOT NULL AUTO_INCREMENT, AUTO_INCREMENT=7;

--
-- AUTO_INCREMENT for table `employee`
--
ALTER TABLE `employee`
  MODIFY `IDEmp` int(11) NOT NULL AUTO_INCREMENT;

--
-- AUTO_INCREMENT for table `employeetask`
--
ALTER TABLE `employeetask`
  MODIFY `IDTask` int(11) NOT NULL AUTO_INCREMENT;

--
-- AUTO_INCREMENT for table `event`
--
ALTER TABLE `event`
  MODIFY `IDEvent` int(11) NOT NULL AUTO_INCREMENT, AUTO_INCREMENT=24;

--
-- AUTO_INCREMENT for table `imageslider`
--
ALTER TABLE `imageslider`
  MODIFY `IDImage` int(11) NOT NULL AUTO_INCREMENT, AUTO_INCREMENT=5;

--
-- AUTO_INCREMENT for table `invoice`
--
ALTER TABLE `invoice`
  MODIFY `IDInvoice` int(11) NOT NULL AUTO_INCREMENT, AUTO_INCREMENT=79;

--
-- AUTO_INCREMENT for table `position1`
--
ALTER TABLE `position1`
  MODIFY `IDPosition` int(11) NOT NULL AUTO_INCREMENT;

--
-- AUTO_INCREMENT for table `product`
--
ALTER TABLE `product`
  MODIFY `IDProduct` int(11) NOT NULL AUTO_INCREMENT, AUTO_INCREMENT=54801044;

--
-- AUTO_INCREMENT for table `productimage`
--
ALTER TABLE `productimage`
  MODIFY `IDProductImage` int(11) NOT NULL AUTO_INCREMENT, AUTO_INCREMENT=796;

--
-- AUTO_INCREMENT for table `promotionregister`
--
ALTER TABLE `promotionregister`
  MODIFY `IDRegister` int(11) NOT NULL AUTO_INCREMENT, AUTO_INCREMENT=3;

--
-- AUTO_INCREMENT for table `retailprice`
--
ALTER TABLE `retailprice`
  MODIFY `IDRetailPrice` int(11) NOT NULL AUTO_INCREMENT, AUTO_INCREMENT=38;

--
-- AUTO_INCREMENT for table `review`
--
ALTER TABLE `review`
  MODIFY `IDReview` int(11) NOT NULL AUTO_INCREMENT, AUTO_INCREMENT=7;

--
-- AUTO_INCREMENT for table `reviewimage`
--
ALTER TABLE `reviewimage`
  MODIFY `IDReviewImage` int(11) NOT NULL AUTO_INCREMENT, AUTO_INCREMENT=3;

--
-- AUTO_INCREMENT for table `tag`
--
ALTER TABLE `tag`
  MODIFY `IDTag` int(11) NOT NULL AUTO_INCREMENT, AUTO_INCREMENT=46;

--
-- AUTO_INCREMENT for table `ticket`
--
ALTER TABLE `ticket`
  MODIFY `IDTicket` int(11) NOT NULL AUTO_INCREMENT;

--
-- AUTO_INCREMENT for table `typeproduct`
--
ALTER TABLE `typeproduct`
  MODIFY `IDType` int(11) NOT NULL AUTO_INCREMENT, AUTO_INCREMENT=11;

--
-- Constraints for dumped tables
--

--
-- Constraints for table `adsimg`
--
ALTER TABLE `adsimg`
  ADD CONSTRAINT `adsimg_ibfk_1` FOREIGN KEY (`IDCollection`) REFERENCES `collection` (`IDCollection`);

--
-- Constraints for table `authcode`
--
ALTER TABLE `authcode`
  ADD CONSTRAINT `authcode_ibfk_1` FOREIGN KEY (`IDCus`) REFERENCES `customer` (`IDCus`);

--
-- Constraints for table `cart`
--
ALTER TABLE `cart`
  ADD CONSTRAINT `cart_ibfk_1` FOREIGN KEY (`IDCus`) REFERENCES `customer` (`IDCus`),
  ADD CONSTRAINT `cart_ibfk_2` FOREIGN KEY (`IDProduct`) REFERENCES `product` (`IDProduct`);

--
-- Constraints for table `collectionproduct`
--
ALTER TABLE `collectionproduct`
  ADD CONSTRAINT `collectionproduct_ibfk_1` FOREIGN KEY (`IDCollection`) REFERENCES `collection` (`IDCollection`),
  ADD CONSTRAINT `collectionproduct_ibfk_2` FOREIGN KEY (`IDProduct`) REFERENCES `product` (`IDProduct`);

--
-- Constraints for table `controller`
--
ALTER TABLE `controller`
  ADD CONSTRAINT `controller_ibfk_1` FOREIGN KEY (`FlashSaleCollectionID`) REFERENCES `collection` (`IDCollection`);

--
-- Constraints for table `couponproduct`
--
ALTER TABLE `couponproduct`
  ADD CONSTRAINT `couponproduct_ibfk_1` FOREIGN KEY (`IDCoupon`) REFERENCES `coupon` (`IDCoupon`),
  ADD CONSTRAINT `couponproduct_ibfk_2` FOREIGN KEY (`IDProduct`) REFERENCES `product` (`IDProduct`);

--
-- Constraints for table `employee`
--
ALTER TABLE `employee`
  ADD CONSTRAINT `employee_ibfk_1` FOREIGN KEY (`IDPosition`) REFERENCES `position1` (`IDPosition`);

--
-- Constraints for table `employeetask`
--
ALTER TABLE `employeetask`
  ADD CONSTRAINT `employeetask_ibfk_1` FOREIGN KEY (`IDEmp`) REFERENCES `employee` (`IDEmp`);

--
-- Constraints for table `invoice`
--
ALTER TABLE `invoice`
  ADD CONSTRAINT `invoice_ibfk_1` FOREIGN KEY (`IDCoupon`) REFERENCES `coupon` (`IDCoupon`),
  ADD CONSTRAINT `invoice_ibfk_2` FOREIGN KEY (`IDTracking`) REFERENCES `trackingstatus` (`IDTracking`),
  ADD CONSTRAINT `invoice_ibfk_3` FOREIGN KEY (`IDAddress`) REFERENCES `address` (`IDAddress`),
  ADD CONSTRAINT `invoice_ibfk_4` FOREIGN KEY (`IDCus`) REFERENCES `customer` (`IDCus`);

--
-- Constraints for table `invoicedetail`
--
ALTER TABLE `invoicedetail`
  ADD CONSTRAINT `invoicedetail_ibfk_1` FOREIGN KEY (`IDInvoice`) REFERENCES `invoice` (`IDInvoice`),
  ADD CONSTRAINT `invoicedetail_ibfk_2` FOREIGN KEY (`IDProduct`) REFERENCES `product` (`IDProduct`);

--
-- Constraints for table `product`
--
ALTER TABLE `product`
  ADD CONSTRAINT `product_ibfk_1` FOREIGN KEY (`IDBrand`) REFERENCES `brand` (`IDBrand`);

--
-- Constraints for table `productimage`
--
ALTER TABLE `productimage`
  ADD CONSTRAINT `productimage_ibfk_1` FOREIGN KEY (`IDProduct`) REFERENCES `product` (`IDProduct`);

--
-- Constraints for table `promotionregister`
--
ALTER TABLE `promotionregister`
  ADD CONSTRAINT `promotionregister_ibfk_1` FOREIGN KEY (`IDCus`) REFERENCES `customer` (`IDCus`);

--
-- Constraints for table `retailprice`
--
ALTER TABLE `retailprice`
  ADD CONSTRAINT `retailprice_ibfk_1` FOREIGN KEY (`IDProduct`) REFERENCES `product` (`IDProduct`);

--
-- Constraints for table `review`
--
ALTER TABLE `review`
  ADD CONSTRAINT `review_pkproduct` FOREIGN KEY (`IDProduct`) REFERENCES `product` (`IDProduct`);

--
-- Constraints for table `reviewimage`
--
ALTER TABLE `reviewimage`
  ADD CONSTRAINT `reviewimage_ibfk_1` FOREIGN KEY (`IDReview`) REFERENCES `review` (`IDReview`);

--
-- Constraints for table `tag`
--
ALTER TABLE `tag`
  ADD CONSTRAINT `tag_ibfk_1` FOREIGN KEY (`IDType`) REFERENCES `typeproduct` (`IDType`);
COMMIT;

/*!40101 SET CHARACTER_SET_CLIENT=@OLD_CHARACTER_SET_CLIENT */;
/*!40101 SET CHARACTER_SET_RESULTS=@OLD_CHARACTER_SET_RESULTS */;
/*!40101 SET COLLATION_CONNECTION=@OLD_COLLATION_CONNECTION */;
